region_id,pred_week1,pred_week2,pred_week3,pred_week4,pred_week5
R1,0.07759777,0.083655685,0.09277403,0.10597572,0.12404395
R1001,1.0891827,1.3794808,1.6507488,1.8786951,2.0514503
R1002,0.13884869,0.24607773,0.32861397,0.3877014,0.43108875
R1005,1.5700551,1.8621716,2.137023,2.3926206,2.5723476
R1006,1.9281825,2.214109,2.4791746,2.6827374,2.8208573
R1007,0.0,0.0069327652,0.014977425,0.019843265,0.024160713
R1009,0.07055931,0.08698316,0.10294012,0.1233083,0.149841
R1011,0.41002566,0.44198638,0.4329175,0.402921,0.3667897
R1012,1.2561774,1.5868038,1.9054583,2.1717584,2.3524754
R1014,0.05215694,0.08283958,0.11891025,0.15991628,0.20487294
R1015,1.4576302,1.6538988,1.9833536,2.2957027,2.5002494
R1017,0.08184111,0.059849307,0.058009505,0.057789177,0.06115125
R1019,0.023086935,0.04796602,0.06028603,0.06847642,0.077286005
R1020,0.0,0.0,0.0,0.0,0.0005823821
R1021,0.29926836,0.278,0.25741845,0.24341792,0.2444841
R1022,0.09981495,0.11292146,0.12295504,0.1350595,0.15197735
R1024,0.114177145,0.11993301,0.14535517,0.17462617,0.20556931
R1025,0.08977562,0.08500749,0.093562394,0.10245159,0.111401945
R1026,0.022772714,0.04371214,0.054238304,0.06274296,0.07285039
R1028,1.3511109,1.6606954,1.9878017,2.279423,2.4925663
R1032,1.512231,1.658292,1.8564637,2.061925,2.2252157
R1034,1.1142101,1.1004728,1.0363554,0.9597734,0.88670576
R1035,0.046667382,0.08556986,0.13832754,0.19404319,0.25200137
R1036,0.2535725,0.3148998,0.38914424,0.44947475,0.49358073
R1037,0.48364657,0.67955196,0.86524975,1.0296978,1.1782571
R1041,0.98726356,1.2798595,1.5931511,1.8871611,2.127201
R1042,0.1158336,0.12469182,0.14362605,0.16291599,0.17645375
R1046,0.14261109,0.1460571,0.15847065,0.17619807,0.20120782
R1047,0.23424478,0.28173688,0.37650302,0.4914433,0.5988635
R1048,0.43140227,0.43197113,0.41464546,0.40356264,0.40302554
R1049,0.6475164,0.87815416,1.0981834,1.2908162,1.4490056
R1051,0.05789724,0.059080034,0.06250091,0.06794372,0.07615326
R1052,1.8473688,2.1846247,2.5235412,2.7937584,2.9578135
R1053,0.19014306,0.19915241,0.20759392,0.22647592,0.2606561
R1054,0.15750022,0.11289527,0.0959627,0.090172976,0.09729949
R1056,0.18906878,0.15764093,0.15008652,0.14546475,0.14387003
R1057,0.0,0.0,0.0,0.0,0.00017084181
R1058,0.32427922,0.44352928,0.57967454,0.6907881,0.7583823
R1061,0.056520224,0.07394157,0.08604555,0.098037064,0.11465738
R1065,0.99623084,1.189189,1.4281113,1.64435,1.8073819
R1067,0.88731766,1.1204963,1.3345233,1.5262281,1.6739525
R1069,0.13368458,0.12231236,0.11581416,0.115893364,0.12257925
R1071,0.87513614,0.9909743,1.0737983,1.1249808,1.1551118
R1074,0.7283286,0.97152543,1.165856,1.3301926,1.4675882
R1077,0.027976543,0.031866208,0.037433714,0.043576255,0.05108273
R1078,0.08976512,0.10207839,0.10856305,0.109889984,0.11340695
R1079,0.23293239,0.21553645,0.19248843,0.17743322,0.16777892
R1080,0.057433367,0.04929003,0.046140447,0.047788262,0.053519666
R1082,0.5157267,0.45623755,0.3836304,0.32344195,0.28409272
R1083,0.18882316,0.43914133,0.7653316,1.119232,1.4485766
R1084,0.13647525,0.20153117,0.30039114,0.42543995,0.55841655
R1085,0.12715201,0.12297368,0.12782072,0.14125594,0.16310988
R1086,0.14194861,0.15583308,0.15742868,0.15422021,0.15149122
R1087,0.028671697,0.04592532,0.06039101,0.07558972,0.0941658
R1088,0.10957636,0.16532898,0.21024127,0.2410835,0.26190832
R1089,0.15543294,0.14356266,0.1394042,0.14132959,0.15131752
R1090,1.2963449,1.4551314,1.6499425,1.772932,1.7745186
R1091,0.26341203,0.32333937,0.39900005,0.4761296,0.54090714
R1092,0.03242077,0.027277797,0.026994675,0.02892059,0.032281652
R1093,0.0,0.0024340749,0.0057762563,0.009295911,0.013400495
R1094,0.0038596392,0.014061108,0.022038221,0.0291643,0.036241025
R1095,0.030087605,0.04206589,0.054795742,0.07018681,0.08877574
R1096,0.16427487,0.20980638,0.30647212,0.4582336,0.66859233
R1098,0.17612833,0.2540077,0.33234578,0.4241976,0.5163536
R11,0.45338818,0.72571313,1.0371628,1.277558,1.4574413
R1100,0.013967812,0.016918644,0.019810826,0.024217665,0.029787213
R1101,0.025427908,0.015313774,0.014467537,0.01699917,0.021270066
R1102,0.023857221,0.0153077245,0.014765665,0.01760602,0.02177082
R1103,0.32206628,0.19236529,0.15802835,0.15841337,0.17292961
R1105,0.5404279,0.47653788,0.40382951,0.35345072,0.32533
R1107,0.06519428,0.045520544,0.04120259,0.042414576,0.04806608
R1108,0.25798643,0.14453366,0.10711846,0.095753536,0.09356415
R1109,0.1817384,0.21812743,0.25113946,0.28650117,0.32779562
R111,0.17276059,0.21210216,0.27185163,0.3291362,0.37462693
R1114,0.0070767403,0.0043646246,0.0045123994,0.005865842,0.008058116
R1115,0.34963185,0.29792866,0.25299588,0.2222211,0.20314138
R1116,0.45915538,0.42252046,0.4261557,0.44527566,0.4689146
R1117,0.2647435,0.22860041,0.21458311,0.20704587,0.20258196
R1118,0.33204153,0.2718768,0.25227052,0.24601898,0.2471437
R1119,0.011961564,0.015619829,0.01994498,0.027168974,0.038166195
R1120,0.06044738,0.060853034,0.062414438,0.06507701,0.06916179
R1123,0.27207863,0.27771047,0.33206466,0.43583858,0.5700686
R1124,0.44806945,0.38815823,0.32208288,0.2727942,0.24344818
R1125,0.0078241825,0.051453486,0.13822736,0.29801065,0.5445395
R1126,0.3352672,0.24056472,0.1772661,0.14540064,0.13047601
R1128,0.05934584,0.039904952,0.038321316,0.040283352,0.04514627
R1130,0.6846685,0.6363002,0.6001462,0.59064615,0.5984323
R1133,0.17926191,0.07148492,0.04798752,0.04956375,0.06087908
R1134,0.07622445,0.069652945,0.07581252,0.08936705,0.10913427
R1135,1.0447648,1.1057831,1.1881369,1.2157005,1.1910378
R1136,0.034079254,0.029549882,0.035671726,0.0466962,0.063249335
R1139,0.0068737417,0.018481657,0.025814787,0.031998977,0.03829354
R1140,0.027894825,0.026042968,0.04416074,0.07674228,0.12804988
R1142,0.15819302,0.13699996,0.13074605,0.14557871,0.17862049
R1143,0.6312288,0.61986375,0.6044392,0.56333315,0.5099708
R1144,0.32901484,0.21731216,0.15960927,0.133526,0.12572455
R1145,0.06610094,0.046138167,0.038661435,0.035086796,0.034137383
R1146,0.22969085,0.19142902,0.15656196,0.13764063,0.13016981
R1147,0.12883756,0.11812362,0.11189285,0.11067161,0.11484329
R1148,1.1675347,1.1787922,1.1600193,1.1198735,1.0713351
R1149,0.713691,0.76175094,0.7834357,0.7889266,0.785288
R1150,0.8917407,1.0188831,1.0509787,1.0633907,1.0704358
R1151,1.1417476,1.2866145,1.3860922,1.4541844,1.4915617
R1152,0.07059589,0.065825,0.06467213,0.06735511,0.072764605
R1153,0.05184515,0.04400426,0.042538583,0.04449202,0.048250526
R1154,0.058992147,0.0346525,0.031070203,0.03415799,0.041358292
R1155,0.41965166,0.4914449,0.5801738,0.67021596,0.75620997
R1156,0.3159631,0.33701828,0.32580683,0.31913924,0.32723966
R1157,0.10868656,0.10466892,0.09555066,0.09500359,0.0999925
R1158,0.9271257,1.0016841,0.99969995,0.9865407,0.9680823
R1159,1.0756968,1.174429,1.2456669,1.3017181,1.3470974
R1161,0.9592284,0.8618318,0.82975876,0.8291112,0.8437495
R1163,0.2140309,0.11987917,0.08471115,0.06932907,0.06279373
R1164,0.03240761,0.025559336,0.02421835,0.02587618,0.029206395
R1166,0.56123984,0.36882633,0.25812936,0.20733261,0.18971696
R1167,0.90596235,0.8056221,0.67897487,0.5490078,0.44679713
R1168,1.005494,0.98325336,0.93280613,0.8683878,0.79536176
R1175,1.1881207,1.0678965,0.9685515,0.88787055,0.8227291
R1176,1.1126384,1.0514759,0.998888,0.9447175,0.88585687
R1177,0.05913855,0.07296409,0.081360415,0.091753036,0.105426356
R1178,0.11080446,0.082117915,0.07138015,0.071162894,0.077349424
R1179,1.0361508,0.94116914,0.8492054,0.76654077,0.69739616
R1180,0.3331923,0.318089,0.27940625,0.23273183,0.19730207
R1181,0.84232223,0.88818634,0.9103862,0.89627457,0.8712871
R1182,0.04096432,0.031138942,0.02916485,0.030996174,0.035123125
R1184,1.2622309,1.3809055,1.482,1.5681405,1.6351584
R1185,0.32585037,0.29954958,0.30573037,0.3272099,0.3594002
R1186,0.19796555,0.11379756,0.087859124,0.08650854,0.09658454
R1187,0.06513627,0.059064955,0.059286192,0.06405173,0.07347715
R1188,0.84786,0.8028674,0.8130008,0.8429005,0.8714802
R1189,0.31092092,0.32527208,0.35710537,0.39585665,0.44296184
R119,0.02071838,0.030449212,0.036740437,0.042014018,0.047249943
R1190,0.39056677,0.36851704,0.3308671,0.29203147,0.26101157
R1191,1.056246,0.99851274,0.9021467,0.7962433,0.70171183
R1192,0.31040314,0.27581754,0.23739572,0.20556186,0.18689226
R1193,0.36947003,0.3634743,0.37769985,0.38248026,0.3793708
R1194,0.21586925,0.12561093,0.08606471,0.06933309,0.06299484
R1195,1.1525425,1.3093371,1.4190807,1.4978191,1.546487
R1196,0.36361533,0.28491467,0.24746764,0.243768,0.26901263
R1197,1.1335593,1.0304588,0.91271126,0.8062917,0.721377
R1200,0.06924568,0.07715128,0.07708639,0.08127709,0.088791564
R1203,0.007322356,0.0061602145,0.0039159805,0.0032204539,0.003553018
R1204,1.0680561,1.0721389,1.0308656,0.9753138,0.9170381
R1205,0.030745551,0.026075006,0.025282174,0.026758268,0.029799744
R1208,0.095290124,0.100496754,0.10725085,0.12244081,0.14811143
R1209,0.03016068,0.03213258,0.033709183,0.040445104,0.052670106
R1210,0.024315774,0.018130973,0.014943361,0.014153704,0.014436364
R1211,0.07408258,0.08553314,0.1038558,0.12758417,0.1554968
R1212,0.01982081,0.014242381,0.014361829,0.016717896,0.019574061
R1213,0.0,0.0,0.0,0.0,0.0
R1215,0.04560952,0.0316941,0.027057305,0.028030127,0.03194645
R1219,1.2750059,1.2392765,1.2084016,1.1699964,1.1286525
R1221,0.018957466,0.0,0.0,0.0,0.0
R1223,0.0,0.0,0.0,0.0,0.0017529428
R1227,0.048838377,0.030754238,0.02419287,0.022355676,0.023910478
R1228,0.7120215,0.6849569,0.6834731,0.6993648,0.7256781
R1229,0.07779834,0.060885713,0.05463034,0.055257782,0.05972439
R123,0.09745644,0.14130814,0.19542757,0.25577545,0.32144195
R1231,0.06493881,0.05459957,0.05016899,0.04998699,0.052285895
R1232,0.005911529,0.010981277,0.011499852,0.014276341,0.019855842
R1233,1.2393062,1.1592433,1.0693902,0.9809345,0.89512575
R1235,0.048526257,0.052513942,0.060670555,0.073024064,0.089466125
R1236,0.02557826,0.020383507,0.019042358,0.02034308,0.023514733
R1238,0.051808536,0.041241825,0.034665853,0.0326564,0.033280507
R1239,0.37615833,0.37196204,0.3495278,0.31426084,0.27838308
R1241,0.27835196,0.22836371,0.20921865,0.20793612,0.22377859
R1243,0.20172054,0.23288845,0.31046483,0.43228376,0.57852423
R1247,0.06226559,0.04298739,0.031866774,0.027185738,0.025647178
R1249,0.9740232,1.0050259,0.9848335,0.9407418,0.88694346
R1255,0.045956895,0.034717962,0.029318541,0.02743113,0.027006373
R1257,0.008676469,0.021315917,0.023857445,0.025177896,0.026492283
R1260,0.07067259,0.07345313,0.07691914,0.08406784,0.09501603
R1262,0.022796646,0.016546562,0.009300813,0.005358994,0.0039605647
R1267,0.121595,0.07027234,0.054035634,0.054134756,0.06337364
R1272,0.020511419,0.040105134,0.050442725,0.066266015,0.09224446
R1273,0.18489723,0.13022666,0.121552,0.13152304,0.15328509
R1276,0.0660103,0.07337363,0.08268252,0.097240835,0.11664928
R1277,0.14172159,0.11810992,0.10650128,0.1072611,0.11783238
R1278,0.05228354,0.0476287,0.04345867,0.043025345,0.04550296
R1279,0.07038538,0.066785306,0.067477256,0.07367647,0.08443479
R128,0.0594635,0.06340793,0.071278304,0.07975599,0.08962944
R1281,0.31788343,0.1636259,0.10359976,0.08012128,0.069407895
R1282,0.4288601,0.27977476,0.19313642,0.16414249,0.16393958
R1285,0.012435287,0.013780907,0.015011787,0.01725635,0.020439833
R1286,0.480798,0.41946825,0.36094397,0.32051697,0.30251333
R1289,0.5154351,0.3210425,0.207649,0.1539045,0.13060006
R129,0.013248935,0.015585601,0.03282994,0.05813691,0.09323174
R1291,0.10478035,0.059480354,0.046024993,0.042436466,0.042648986
R1296,0.059472606,0.049566776,0.049330696,0.055323258,0.065228924
R1298,0.8143705,0.56721175,0.38032156,0.2770306,0.22794324
R13,0.020849094,0.086064234,0.28237987,0.73149204,1.1684606
R1301,0.93079174,0.73319685,0.5812604,0.46060908,0.37790155
R1303,0.029756472,0.019851103,0.018778995,0.019730553,0.021322042
R1306,1.4320053,1.084808,0.74730694,0.50019467,0.358213
R1307,0.2720235,0.21276222,0.16676588,0.14433071,0.13643554
R1308,0.014846832,0.012487486,0.012371302,0.015452623,0.021270111
R1309,0.7755476,0.65486294,0.57645774,0.5093417,0.452237
R1310,0.0765557,0.051245302,0.042049512,0.039425462,0.04005325
R1311,1.1424056,0.8082006,0.5470794,0.40348142,0.32870576
R1312,0.77297676,0.87218523,0.9210249,0.9307499,0.92078936
R1314,0.0073820353,0.0061273575,0.005645871,0.0081539005,0.012042806
R1316,0.69337285,0.646561,0.6051263,0.5801995,0.5633521
R1317,0.065227106,0.08864935,0.112247854,0.14288673,0.18093425
R1318,0.2618994,0.26352632,0.26307428,0.26710403,0.28619167
R1319,0.9456967,0.9224709,0.90351593,0.8725157,0.82990336
R132,0.009004101,0.010822043,0.0130927265,0.016333312,0.020894408
R1321,0.6624916,0.91820943,1.098282,1.1716615,1.1998028
R1326,0.7564508,0.81623197,0.8330065,0.82042074,0.7946192
R1327,0.0060165375,0.0021223426,0.0,0.00014229119,0.0024919063
R1330,0.035984248,0.020683035,0.015196353,0.013422281,0.0132409185
R1333,0.94557154,1.0236198,1.0096653,0.9774103,0.93878293
R1335,0.020556986,0.014729723,0.009849608,0.009011656,0.010629699
R1338,0.0940997,0.069166884,0.05573082,0.05127135,0.050975785
R1339,0.21293351,0.118841104,0.074596405,0.058358908,0.05423425
R1341,0.01764144,0.01341854,0.013290897,0.014677629,0.016426414
R1342,0.34045267,0.243132,0.18206348,0.16047204,0.16024563
R1347,1.3826092,1.4679047,1.495461,1.5181308,1.5358684
R1348,1.1958616,1.2665879,1.3162048,1.3461351,1.3552898
R1349,1.0736603,1.2023019,1.2557755,1.2483402,1.2186396
R1351,0.10035935,0.056691393,0.043250665,0.03825596,0.037984073
R1353,0.30036956,0.16886142,0.12078291,0.10362127,0.099322304
R1355,0.049036294,0.057853565,0.06289555,0.07276431,0.08892648
R1356,0.18128633,0.12480759,0.09890863,0.092948854,0.09773596
R1357,1.1258955,0.92626727,0.7126415,0.534251,0.41559738
R1358,1.6121358,1.3739204,1.1793214,1.0372185,0.92451847
R1359,0.033310622,0.029870987,0.028902665,0.0312642,0.035886347
R1360,0.8507534,0.534466,0.31126916,0.21077214,0.17030367
R1362,0.063679606,0.04292947,0.03450045,0.032018125,0.032149166
R1364,1.1097796,1.1388494,1.1328349,1.1045913,1.0600884
R1365,0.032475382,0.021955252,0.021624714,0.02350925,0.02603516
R1366,0.039546564,0.031207591,0.024278477,0.02156894,0.021530598
R1367,0.40035975,0.3020782,0.23737158,0.2009827,0.18399584
R1368,0.063448176,0.06803298,0.0777982,0.087158546,0.09535512
R1375,0.0,0.0,0.011310488,0.02162604,0.031033278
R1378,0.019194812,0.014245391,0.015435055,0.0191693,0.025030628
R1386,0.009084821,0.0045025796,0.004194811,0.007459834,0.01366587
R1387,0.16897005,0.15152934,0.15949892,0.18412532,0.22276235
R1388,0.0,0.05353862,0.16868743,0.46496198,0.8460448
R1390,0.18363155,0.15397197,0.13832162,0.13227046,0.13248998
R1391,0.014691949,0.014703497,0.02086714,0.030042619,0.041691408
R1397,0.2314511,0.26120383,0.29842386,0.33708882,0.36961302
R1399,0.0,0.0,0.0,0.0023130774,0.007576555
R14,0.50416106,0.6434321,0.8513477,1.045333,1.2000518
R1421,0.0,0.029010579,0.07430643,0.14165246,0.26013356
R1423,0.0,0.026979864,0.13970652,0.38021287,0.7650286
R1427,0.0,0.0,0.0121677965,0.029059649,0.050705403
R1433,0.16629092,0.36706927,0.77494776,1.196718,1.5302495
R1435,0.0,0.0,0.001978621,0.007243976,0.012462556
R1438,0.055252418,0.094368994,0.14186668,0.19940424,0.2569033
R1446,0.38618305,0.39967418,0.3316075,0.2573094,0.20867923
R1448,0.0025883615,0.037625402,0.07030694,0.11294147,0.17337902
R1451,1.3058445,1.3527025,1.3408499,1.3156449,1.282981
R1452,1.2114525,1.1688583,1.1275928,1.0899453,1.0510287
R1454,0.04383886,0.08731943,0.147237,0.24299178,0.38258865
R1455,0.041404188,0.03269382,0.030605197,0.03210038,0.03600876
R1460,0.62347925,0.6313855,0.5894884,0.53628266,0.48916122
R1469,0.0077195168,0.014811784,0.025311917,0.040521994,0.060305327
R1471,1.2477298,1.4874791,1.7469546,1.9473543,2.0771227
R1472,0.6780502,0.63771594,0.6065594,0.5781436,0.55062354
R1474,0.36350113,0.2484128,0.18484178,0.15227178,0.14675975
R1478,1.0214307,0.7633774,0.49704966,0.32600787,0.24139667
R1481,0.2989403,0.27346188,0.24206857,0.21319003,0.19337828
R1483,0.684245,0.9312694,1.2407681,1.4778392,1.6324422
R1487,1.0014558,1.0198896,1.0176545,1.0082878,0.9930929
R1488,0.9243401,1.1641986,1.4462711,1.6929797,1.8676221
R149,0.0,0.0,0.0,0.0,0.004210308
R1493,1.368852,1.3391562,1.3100737,1.2892905,1.2724713
R1498,0.026122525,0.04503879,0.07140146,0.10834427,0.15994442
R15,2.6187437,2.9421594,3.2507894,3.3250656,3.2043123
R1501,0.6791034,0.7048435,0.7371086,0.76636434,0.79703414
R1504,0.06968334,0.13979593,0.27661955,0.48079956,0.6990297
R1505,0.24224332,0.231416,0.22531998,0.22187717,0.22497126
R1509,0.31681657,0.31306887,0.28654292,0.25828564,0.23806833
R1513,0.20298986,0.11364092,0.10265299,0.1056425,0.112858444
R152,0.14638653,0.16003066,0.17440239,0.19150026,0.21118402
R1522,0.9350575,0.99848485,1.043405,1.0714899,1.0887694
R1523,1.4151869,1.4197344,1.415957,1.4080194,1.3873342
R1533,0.89308,0.6938597,0.45418093,0.29822433,0.22029349
R1535,0.15404785,0.17479867,0.18364899,0.18906769,0.19822225
R1545,1.2555884,1.1279366,0.97094595,0.8262038,0.7203596
R1547,0.82910883,0.80690885,0.776243,0.73228,0.6845488
R1548,0.19747359,0.14453082,0.12412997,0.11876658,0.1226795
R1553,0.05052814,0.110066965,0.19954854,0.30820608,0.41896787
R1555,0.017350927,0.035635024,0.063696906,0.10325529,0.16678968
R1557,0.07678571,0.08090575,0.090149134,0.104077525,0.12285604
R1561,1.1403781,1.3051873,1.459497,1.5801367,1.6583515
R1562,0.412129,0.34586555,0.28297204,0.23037454,0.1951287
R1563,0.2524964,0.3258373,0.46924922,0.6419908,0.78437746
R1564,0.89075136,0.79449797,0.7401351,0.68947077,0.6367749
R1565,0.026478186,0.037885144,0.03745301,0.038783014,0.042525798
R1566,0.117160596,0.12479794,0.15150884,0.1886766,0.24203983
R1567,0.03354135,0.027457342,0.02588199,0.02897647,0.034983695
R1568,1.5791473,1.5637801,1.560905,1.5610846,1.5534413
R1569,0.10200527,0.11272358,0.13288558,0.17262156,0.2339774
R1570,0.026229888,0.022228792,0.023554057,0.027144939,0.032308057
R1571,0.043653414,0.0064189434,0.017356828,0.04086861,0.074301854
R1572,0.0,0.0,0.0,0.0,0.0
R1573,1.9086828,1.8296734,1.8098083,1.8428414,1.8935933
R1574,0.0,0.0,0.0,0.0,0.0
R1575,1.7795178,1.6456741,1.556491,1.524108,1.4907427
R1577,0.6096159,0.6854658,0.7942692,0.8821529,0.94513094
R1578,0.011566326,0.014013469,0.013568729,0.015067756,0.017969117
R1579,0.6621261,0.5846622,0.51107776,0.44303027,0.38667607
R158,1.582799,1.6434681,1.6567758,1.661701,1.6523426
R1580,0.07604399,0.056868047,0.04778871,0.044389755,0.044273227
R1581,0.2589573,0.11900085,0.08779791,0.08613801,0.09500092
R1582,1.4979823,1.7693809,1.8082702,1.8281175,1.8446084
R1583,0.047610074,0.033435866,0.027307808,0.025128841,0.024717495
R1585,0.3088295,0.23355563,0.18715881,0.16287169,0.15223935
R1586,0.0,0.0,0.0,0.0,0.0
R1587,0.48479465,0.4625424,0.45759478,0.45910758,0.46385294
R1588,0.78847945,0.74911594,0.6730956,0.5984597,0.53826785
R1589,1.248864,1.1748573,1.0574955,0.94826627,0.85897255
R159,2.449417,2.3661382,2.2591786,2.167288,2.0844553
R1590,0.08718969,0.03192915,0.020770848,0.018335879,0.019645393
R1591,0.046973318,0.05328475,0.076716855,0.10524404,0.13971165
R1592,0.0,0.0,0.0,0.0,0.0
R1593,0.30993173,0.3424122,0.41049355,0.50094223,0.59024984
R1594,0.027391031,0.027349815,0.027130768,0.0278821,0.029441923
R1597,0.31563106,0.2553268,0.21019505,0.19158967,0.19135088
R1598,0.32545725,0.23584776,0.19869348,0.20459464,0.24368301
R1599,1.8624601,1.9111826,1.8492489,1.7846578,1.7092363
R16,0.36729556,0.49986508,0.71216327,0.8937173,1.0112622
R160,2.6292682,2.5745702,2.4534566,2.3428197,2.255567
R1600,0.0,0.0,0.0,0.0,0.0
R1601,0.5968095,0.4692778,0.37462205,0.31638563,0.28225046
R1602,0.17724907,0.23646374,0.30040193,0.36181825,0.4173308
R1603,1.0448836,1.0649651,1.0331404,0.96127915,0.8907956
R1604,0.6332302,0.6344073,0.6489502,0.6558778,0.65617377
R1606,0.5206679,0.38430977,0.29062408,0.24117622,0.22055177
R1607,0.31200135,0.271548,0.24309844,0.20760739,0.17649877
R1608,0.9621173,1.037603,1.0640152,1.0702871,1.0687414
R1609,0.6434036,0.5104157,0.39060062,0.2987705,0.23729444
R161,0.97546077,0.82102084,0.5787436,0.36832362,0.25065315
R1610,0.0,0.008763567,0.00841333,0.010702953,0.014201462
R1611,0.74785876,0.67110145,0.5852665,0.51366234,0.45932293
R1612,0.10723733,0.07778691,0.064781696,0.061671317,0.063246205
R1613,0.042444095,0.056578875,0.07185611,0.09895414,0.14119656
R1614,0.068331346,0.06000723,0.059066072,0.06483024,0.07613784
R1615,0.7162233,0.54909366,0.4845042,0.47747794,0.5097394
R1616,2.175665,2.1355925,2.1604145,2.2119064,2.2442367
R1617,0.34098604,0.26744515,0.27680662,0.30221027,0.32937673
R1618,0.58861893,0.6956388,0.78784764,0.8600708,0.9278159
R1619,1.2012808,1.2676773,1.301402,1.3222296,1.322472
R162,2.8096108,2.716738,2.6806176,2.6901684,2.716628
R1620,0.16079023,0.11857319,0.09859507,0.09511475,0.10129841
R1621,1.322161,1.4032145,1.4414725,1.4584934,1.4466362
R1622,2.3854375,2.4304976,2.4462054,2.502042,2.5688
R1623,4.381136,4.454258,4.4718223,4.4757676,4.460091
R1624,3.9253113,4.127091,4.2060633,4.2211995,4.1868773
R1625,2.3890707,2.5059726,2.5069766,2.5302835,2.5495434
R1626,1.9591198,2.1243424,2.1799688,2.2211404,2.2388396
R1627,4.424049,4.5042224,4.498916,4.4721565,4.4304404
R1628,2.303237,2.2830038,2.2886398,2.3409133,2.3986027
R1629,1.3900867,1.5458652,1.5687525,1.5926198,1.6068091
R163,1.82038,1.8483511,1.8916299,1.9181784,1.928539
R1630,2.763591,2.7177112,2.7145133,2.7426403,2.7802625
R1631,1.7908591,1.8784246,1.9453278,2.0247698,2.0788498
R1632,1.0325215,1.2422429,1.3159341,1.3218642,1.3016909
R1633,2.3173394,2.3717377,2.409459,2.4649963,2.5123608
R1634,0.7021483,0.87098897,0.9912032,1.0792387,1.1399943
R1635,4.239297,4.3014255,4.320125,4.332228,4.329846
R1636,2.2965047,2.291198,2.294867,2.3466055,2.413104
R1637,4.4993353,4.6089177,4.611374,4.590312,4.556528
R1638,0.5952419,0.64678544,0.7374754,0.8324379,0.91969824
R1639,0.9286941,1.1462168,1.3674092,1.5733031,1.7213466
R164,1.5236487,1.4439334,1.3855413,1.3268173,1.2718171
R1640,1.8375376,1.8151265,1.7744341,1.7747834,1.78122
R1641,3.0197217,3.092821,3.1280966,3.1678936,3.1819577
R1642,1.6605614,1.7267264,1.755882,1.8041406,1.849661
R1643,2.9279456,2.996529,2.985756,2.9354486,2.851134
R1644,2.7893038,2.8613403,2.8943527,2.9317665,2.9477253
R1645,3.7728374,3.7829635,3.7576535,3.7353334,3.7060897
R1646,1.7274257,1.9141877,2.0595596,2.252243,2.4278417
R1647,0.9877969,1.056131,1.1187024,1.1829568,1.2367094
R1648,1.2795644,1.2603298,1.2577574,1.2697136,1.2831191
R1649,0.17902067,0.22760968,0.3261633,0.48239723,0.6843381
R165,0.180242,0.13049823,0.11878884,0.12426333,0.14258373
R1650,1.5456171,1.5365767,1.5370857,1.5506155,1.5597916
R1651,0.116757855,0.13188541,0.17358626,0.24309218,0.33795634
R1652,4.1704383,4.2593417,4.3119607,4.3495727,4.3597393
R1653,0.0052743107,0.003185615,0.004455358,0.010229558,0.019198895
R1654,0.8737229,0.8448032,0.84126866,0.82873833,0.8044014
R1655,2.1131208,2.3058007,2.4435217,2.562833,2.6421604
R1656,2.3842,2.5141997,2.5969222,2.6984282,2.784948
R1657,0.6404613,0.9282459,1.1934398,1.4546275,1.6718128
R1658,4.002382,4.092595,4.13833,4.160436,4.1550055
R1659,2.5184228,2.6208286,2.6487834,2.690426,2.7158868
R166,2.0780392,2.0794148,2.0677342,2.0873272,2.112119
R1660,0.712047,0.91113114,1.0764987,1.232118,1.358071
R1661,0.07792716,0.097028464,0.11564191,0.13844469,0.16725484
R1662,1.8126035,1.8754033,1.9323646,1.993928,2.0404055
R1663,4.464317,4.5691676,4.596812,4.614614,4.616617
R1664,4.1839347,4.255183,4.2499995,4.235728,4.209955
R1665,1.002583,1.0721556,1.0942289,1.0739161,1.0248747
R1666,1.3286561,1.4102602,1.5383441,1.6771765,1.7974672
R1667,1.6209673,1.7845838,1.9071504,2.0166266,2.1036975
R1668,1.4666638,1.4769119,1.4944103,1.5178611,1.5338706
R1669,1.0832642,1.0301005,1.0168405,1.008153,0.98863995
R167,3.2418666,3.2655206,3.2761266,3.2995825,3.3138592
R1670,1.2284318,1.4296427,1.5922517,1.7169458,1.8057791
R1671,4.217999,4.2754655,4.299831,4.318786,4.322197
R1672,1.4020393,1.4126713,1.3849449,1.3794886,1.3727741
R1673,3.4112434,3.569333,3.696155,3.766451,3.7767677
R1674,1.188886,1.156815,1.1191825,1.085146,1.0442814
R1675,1.0565832,1.0616424,1.056125,1.0541108,1.0550532
R1676,1.785262,1.8385441,1.8816291,1.9181898,1.9405193
R1677,3.0531216,3.228212,3.2719836,3.3296232,3.3778586
R1678,1.8017076,1.8551179,1.8803011,1.8984721,1.900961
R1679,2.031547,1.9386146,1.8569908,1.8320031,1.8105775
R168,1.1496599,1.0979981,1.0402669,0.9988301,0.9719384
R1680,2.1551085,2.1259913,2.151484,2.202008,2.2532334
R1681,0.3082236,0.4274273,0.5581642,0.68088365,0.79017866
R1682,4.132432,4.2709255,4.284536,4.2544374,4.1990986
R1683,2.1493506,2.1467273,2.174961,2.2262893,2.2689242
R1684,1.5055321,1.4620042,1.4421768,1.4389471,1.4396476
R1685,1.985046,2.0268803,2.0555735,2.103001,2.1329544
R1686,1.1466768,1.1593708,1.1332419,1.0930051,1.0412304
R1687,0.64404905,0.6218343,0.61865854,0.600021,0.56674266
R1688,2.0100303,2.1133451,2.2085555,2.3011541,2.3708506
R1689,1.5206429,1.7003095,1.8512188,1.9684696,2.031229
R169,0.38722715,0.3439293,0.27847886,0.2227243,0.18563575
R1690,0.49282482,0.7405485,1.0138185,1.2636257,1.4669499
R1691,0.62323296,0.69561934,0.766857,0.84019804,0.915079
R1692,1.0380675,1.0926896,1.1293757,1.1593074,1.1798155
R1693,0.4403901,0.67415845,0.865937,1.0659795,1.2711021
R1694,1.2888944,1.2429264,1.2421113,1.2605107,1.2759585
R1695,1.7479767,1.7257957,1.6726394,1.6563699,1.6454276
R1697,1.9652505,2.0120609,2.05571,2.1252801,2.1751306
R1698,0.33848077,0.51988435,0.7089116,0.8735641,1.0058277
R1699,4.25478,4.4438353,4.467386,4.44767,4.4033937
R170,2.6164587,2.4693913,2.4501646,2.4494834,2.4407506
R1700,1.4929508,1.5582595,1.6922679,1.8247548,1.914532
R1701,1.5683485,1.5274261,1.4824011,1.4884938,1.5239983
R1702,2.869424,2.8398068,2.8488834,2.89702,2.9528532
R1703,2.8585181,2.940469,2.9543622,2.9299119,2.8756762
R1704,1.0001085,1.1815948,1.3630259,1.5252903,1.6394323
R1705,0.07014179,0.09886837,0.13898373,0.19326347,0.26499406
R1706,2.912915,2.962873,2.9632092,2.9988034,3.0235724
R1707,1.7669852,1.8968849,1.9266115,1.9398432,1.9318725
R1708,2.200838,2.446115,2.5425305,2.6258543,2.673536
R1709,1.1214921,1.1076015,1.0978036,1.1021563,1.111703
R171,3.3158967,3.347248,3.345099,3.3766444,3.39713
R1710,0.8643495,0.9829966,1.1255795,1.2797835,1.4073111
R1711,1.3067954,1.3870548,1.4681516,1.552341,1.6274024
R1712,2.573925,2.6079738,2.6181107,2.6588519,2.7003129
R1713,1.0856061,1.1821327,1.272342,1.353894,1.4050947
R1714,3.2373438,3.2873347,3.3214664,3.3589637,3.3740976
R1715,2.223162,2.126493,2.0579178,1.9764576,1.881056
R1716,2.5161421,2.5854893,2.6529002,2.7149625,2.7638643
R1717,0.94935524,1.064315,1.1163596,1.1397682,1.1375062
R1718,3.58717,3.5543199,3.5064263,3.4832108,3.4549694
R1719,2.765576,2.877889,2.933157,2.968012,2.9748776
R172,2.8110416,2.6936595,2.516573,2.3571515,2.2345676
R1720,2.7884145,2.7422822,2.7102315,2.690082,2.6673691
R1721,2.284679,2.2829168,2.348717,2.3842537,2.3635201
R1722,2.7174225,2.7085202,2.6689317,2.671059,2.6807144
R1723,3.8046982,3.753458,3.719795,3.7026286,3.6852837
R1724,2.8640652,2.7444148,2.7186065,2.7246218,2.742722
R1725,3.0466487,3.026434,3.0109217,3.0133822,3.012858
R1726,3.2809079,3.3460567,3.332401,3.3392153,3.3424728
R1727,3.230977,3.325696,3.385902,3.4384463,3.470384
R1728,2.806271,2.8766172,2.937794,3.0250204,3.100596
R1729,3.1168869,3.0636811,3.0228617,3.0185487,3.0192661
R173,3.2689679,3.3043542,3.339163,3.378469,3.403681
R1730,2.6933339,2.7086728,2.7549987,2.8183112,2.8702085
R1731,0.21285357,0.13884129,0.113427676,0.100772604,0.09756498
R1732,0.28295967,0.24177691,0.22480781,0.2212979,0.22802375
R1733,0.60708094,0.6508441,0.64849794,0.60528827,0.5477354
R1734,0.1593043,0.14069065,0.13002467,0.12285589,0.11942558
R1735,0.12005509,0.092186704,0.08267078,0.08083592,0.08495556
R1736,0.620667,0.6440792,0.6593176,0.6474459,0.6201563
R1737,0.29460615,0.2319643,0.2194613,0.22927952,0.25574493
R1738,1.5486836,1.4994605,1.4651811,1.4307499,1.3956069
R1739,1.8516505,1.8184832,1.8193933,1.8401504,1.8643813
R174,1.2566859,1.2057319,1.1320764,1.0571395,0.98177874
R1740,0.2028591,0.21121155,0.212011,0.2131329,0.21838354
R1745,0.784945,0.7258355,0.67136186,0.6112619,0.55043966
R1748,0.19156075,0.11610289,0.07677686,0.055562794,0.044251636
R175,2.195849,2.2042649,2.1906755,2.159568,2.1146233
R1750,0.47143388,0.3833208,0.29786068,0.23282072,0.19642784
R1751,0.22120954,0.17295922,0.1492436,0.13945377,0.13701497
R1752,0.23757687,0.207668,0.1837124,0.17154494,0.1699997
R1757,0.4401213,0.2984556,0.2317861,0.19638458,0.17588946
R176,3.4446707,3.3171153,3.1315598,2.9267755,2.7306876
R1762,3.0547497,3.126204,3.1800356,3.2374175,3.2589936
R1763,2.3465674,2.423525,2.4880457,2.54218,2.5778272
R1764,2.7993977,2.7820165,2.7211666,2.7205799,2.7268722
R1765,2.5093231,2.5688303,2.6428773,2.7026772,2.7424781
R1766,3.6473248,3.6802173,3.7103179,3.726933,3.728841
R1767,2.074541,1.9473058,1.7263619,1.4837766,1.2438447
R1768,3.2989604,3.4145448,3.528915,3.6338224,3.6693919
R1769,2.3116477,2.4081063,2.4810467,2.541087,2.58003
R177,3.1767426,3.199657,3.204488,3.1997216,3.1835256
R1770,2.1378934,2.237298,2.3082523,2.3662567,2.3996108
R1771,1.575656,1.6046094,1.607008,1.6080124,1.6054786
R1772,2.0854526,2.1725826,2.165654,2.1253545,2.0573654
R1773,0.7603326,0.8583329,0.9345039,1.0024053,1.0564919
R1774,3.1113997,3.0889933,3.0929096,3.1060145,3.11586
R1775,2.4268808,2.3402097,2.2565603,2.174694,2.0907393
R1776,2.4911397,2.6216362,2.7256014,2.821626,2.8965876
R1777,1.5793674,1.5361505,1.46515,1.3749694,1.2627114
R1778,2.1080241,2.1098952,2.1575482,2.2078059,2.2470982
R1779,2.638154,2.5849462,2.5705242,2.562737,2.5492625
R178,1.1223967,1.1577497,1.1889133,1.2005045,1.2044595
R1780,3.3215933,3.3364882,3.3652995,3.393826,3.415519
R1781,1.8958834,1.8948337,1.8489004,1.8084546,1.7648115
R1782,1.1704656,1.1437393,1.118054,1.0953695,1.0741591
R1783,2.2024794,2.230114,2.2802744,2.335439,2.3813813
R1784,1.0961497,1.0857265,1.0149622,0.9391146,0.8691126
R1785,2.944687,2.8179798,2.7398305,2.7217932,2.72002
R1786,3.1348507,3.1036823,3.1068783,3.1136317,3.114252
R1787,1.5138563,1.4654251,1.3378123,1.1587918,0.95979583
R1788,0.7056751,0.77541876,0.7881088,0.7575917,0.71358967
R1789,1.6889609,1.7589749,1.8144306,1.8541931,1.878553
R179,3.5062182,3.490557,3.452594,3.380345,3.2869658
R1790,2.6977954,2.6986296,2.7685134,2.8272202,2.8666706
R1791,2.104555,2.0852423,2.0410469,1.9906027,1.9291472
R1792,1.9083505,2.0115123,2.0967834,2.161027,2.1931252
R1793,0.6432451,0.8414885,0.93522644,0.9962249,1.0323191
R1794,3.1840663,3.1416204,3.0660832,3.0403702,3.0085444
R1795,0.04882361,0.04609798,0.0480569,0.05431895,0.06437588
R1796,0.19780302,0.14364524,0.123705804,0.1160331,0.115464084
R1799,0.17138842,0.15071148,0.14182673,0.13934325,0.14173558
R18,0.46313813,0.3780875,0.24287033,0.15910125,0.12056005
R180,0.82279956,0.7341356,0.6422714,0.53939795,0.43803263
R1800,0.3579765,0.3393196,0.32399997,0.3251083,0.34398276
R1801,0.13866393,0.10692243,0.092406675,0.08380231,0.07977784
R1802,0.12371467,0.1285139,0.12778796,0.12713146,0.1299211
R1804,0.36630505,0.26715735,0.20430616,0.17092547,0.15770617
R1805,0.028169602,0.017216325,0.024437219,0.0362103,0.0516548
R1806,0.0683189,0.08163981,0.096291706,0.11508343,0.1370365
R1809,0.11658336,0.08885254,0.07703209,0.07124758,0.07026601
R181,2.7262323,2.5818074,2.374557,2.2038684,2.086615
R1810,0.07274461,0.07212493,0.07183111,0.074857205,0.08082011
R1811,0.20528841,0.1678755,0.14294067,0.13258773,0.1332795
R1812,0.14509499,0.15202549,0.16557628,0.180866,0.19883765
R1813,0.16324663,0.11832376,0.09590933,0.092963144,0.10325204
R1815,0.08552842,0.14607626,0.2248884,0.31600356,0.41088188
R1816,0.019450888,0.037124038,0.05254352,0.069307566,0.089677826
R1817,0.03765194,0.03234285,0.027302518,0.02480267,0.023171991
R1819,0.091020346,0.17128709,0.2748649,0.39777708,0.5326575
R182,1.1314533,1.4205576,1.5515363,1.6433355,1.7178396
R1820,0.7531134,0.6706592,0.5723004,0.4893618,0.43138596
R1821,0.059842944,0.06142892,0.061763078,0.06305657,0.06691998
R1822,0.065125674,0.060401946,0.053462043,0.051690936,0.053872645
R1823,0.03670451,0.034271434,0.043558165,0.056339666,0.07366659
R1824,0.008947656,0.02692999,0.042857066,0.062447354,0.09070267
R1826,1.2070143,1.0593493,0.9377291,0.84008706,0.7589048
R1827,0.043182462,0.045672774,0.04652998,0.047839805,0.051129445
R1828,0.025041148,0.02503565,0.024007589,0.024185672,0.025774255
R1829,0.4454634,0.3916722,0.34967268,0.3136571,0.29874927
R183,3.0286045,3.0874486,3.151883,3.2129385,3.2597058
R1831,0.3427598,0.32608026,0.33434236,0.35693124,0.3914063
R1832,0.49002314,0.58668673,0.6550857,0.70188624,0.7324058
R1836,0.027151823,0.04457307,0.056214288,0.06614457,0.07729918
R1839,1.7015737,1.6483504,1.6606903,1.662752,1.6313468
R1840,0.0,0.00067716837,0.02221787,0.03535661,0.04688081
R1841,0.14869785,0.16429058,0.18649358,0.20989631,0.23992822
R1843,0.4566968,0.42909402,0.41108102,0.3944979,0.38307995
R1844,0.31805965,0.323842,0.31516874,0.306461,0.30639386
R1845,0.30067116,0.22213627,0.19531669,0.19061537,0.19830652
R1846,0.22831199,0.4043647,0.67537224,0.90681136,1.0795575
R1848,0.284841,0.22711368,0.20667851,0.20356448,0.21199912
R1849,0.15857022,0.14150028,0.13029268,0.1271055,0.1317114
R185,1.3697743,1.4001787,1.4274602,1.4533207,1.4680464
R1851,0.16798145,0.19886431,0.24544406,0.2972188,0.35047764
R1852,0.037911624,0.04016818,0.045701787,0.051535264,0.058299482
R1853,0.05245839,0.038233608,0.033032462,0.032375723,0.033749342
R1854,0.105582535,0.10965721,0.11094916,0.11342134,0.11828978
R1855,0.42516208,0.3337195,0.26524553,0.2222139,0.19937769
R1856,0.6632581,0.66936696,0.63170135,0.5796919,0.5237614
R1858,7.678568e-05,0.0057977736,0.014799267,0.025985941,0.039648592
R186,2.0119004,2.092049,2.1607797,2.240567,2.3061569
R1860,0.05180046,0.101201326,0.18331891,0.24693085,0.2897721
R1862,0.0,0.0,0.016298354,0.035281688,0.059871405
R1863,0.6901965,0.7006115,0.7019314,0.6798314,0.6429116
R1864,0.21887112,0.23212288,0.2580265,0.28669795,0.31615078
R1865,0.03689252,0.060352713,0.093759865,0.1373518,0.19399884
R1866,0.0015075654,0.015487254,0.028357103,0.0457187,0.06909767
R1869,0.058306217,0.053955764,0.056881264,0.060181633,0.06406511
R187,4.267662,4.276642,4.227358,4.1530943,4.068618
R1871,0.6058739,0.6441998,0.72367215,0.808491,0.8841933
R1872,1.7956136,1.90336,1.9969535,2.0084925,1.9368424
R1874,0.0,0.011720225,0.01571542,0.019166708,0.024054721
R1875,0.58494616,0.6353661,0.6636188,0.67208505,0.671026
R1877,0.29115567,0.29423052,0.31443202,0.33593372,0.35973948
R1878,0.0023724884,0.019509405,0.029011354,0.04090707,0.05793473
R1879,0.21867578,0.42085505,0.66835874,0.87338483,1.024042
R188,1.6563797,1.6230651,1.5626854,1.5087293,1.4615414
R1880,0.0,0.025052667,0.072179705,0.16199934,0.3282764
R1881,0.8157182,0.9661244,1.1249554,1.2527168,1.337057
R1882,0.2845425,0.4685579,0.7021644,0.9159516,1.1145871
R1887,0.71417296,0.71587527,0.72353065,0.7214192,0.7155211
R1888,1.0541643,1.2546192,1.3183126,1.3129609,1.2819667
R189,2.14882,2.1134222,2.0992773,2.0968745,2.0923946
R1891,0.35672808,0.36591804,0.399298,0.43690336,0.4747473
R1892,0.084528685,0.09431712,0.10435553,0.117925495,0.13786608
R1895,0.50974745,0.7561835,1.0383801,1.2520307,1.3876626
R1898,0.51050365,0.4913026,0.46424165,0.41985744,0.36919498
R19,2.1241782,2.2741594,2.4339066,2.482645,2.415011
R190,2.263585,2.2770152,2.2859924,2.3108509,2.3044639
R1903,0.13328147,0.24601538,0.37687695,0.48270342,0.5571195
R1904,1.0340062,1.0677569,1.1699578,1.2506131,1.2849902
R1905,0.0,0.011728033,0.019176617,0.025209308,0.032684043
R1908,0.32651073,0.35611486,0.3810234,0.39306295,0.40107915
R1909,0.20248076,0.36149356,0.5540252,0.71539897,0.8418336
R191,2.8192961,2.7537801,2.7368696,2.7752292,2.8241842
R1910,0.80761087,0.99229,1.2505544,1.4723413,1.6052432
R1911,0.5059917,0.64778996,0.7934289,0.8956449,0.9609002
R1913,0.0,0.0043741316,0.0094219595,0.016712338,0.026371151
R1915,0.5448456,0.54280084,0.5709908,0.6258956,0.69675326
R1916,0.03052999,0.059072718,0.07869005,0.09767304,0.12095556
R1917,0.0,0.013818771,0.033939674,0.056929916,0.08762725
R1918,0.6408978,0.8004848,0.9648559,1.0851101,1.1588957
R1919,0.312572,0.39998978,0.5239961,0.63650805,0.735309
R192,3.8098617,3.6182983,3.34303,3.0852144,2.8835058
R1920,0.23991865,0.38219756,0.6115514,0.8718698,1.1020696
R1921,0.58490694,0.51586956,0.442487,0.38629818,0.3505932
R1923,1.287212,1.4605606,1.6428478,1.8200614,1.9625349
R1924,0.13410193,0.2379225,0.334221,0.41769427,0.495468
R1925,0.61337674,0.57187355,0.5250603,0.4714948,0.42100173
R1926,0.5500287,0.6277977,0.7318195,0.81161463,0.85463274
R1927,0.9853326,1.0884714,1.210211,1.2995952,1.3474025
R1928,0.38561815,0.42533743,0.51639,0.6142573,0.70838463
R1929,0.5788816,0.85109425,1.1186464,1.3156614,1.4380031
R193,2.5596173,2.5059948,2.4899795,2.5014956,2.5081286
R1930,0.6530458,0.7328937,0.8056115,0.869784,0.9174999
R1931,0.008621946,0.021198764,0.026851967,0.03489974,0.048471928
R1932,0.04692146,0.08337149,0.11746915,0.15021186,0.18760157
R1933,0.47215992,0.688233,0.9402497,1.1346717,1.2564298
R1934,0.0051356256,0.014733791,0.022989705,0.029570892,0.035626277
R1936,0.0,0.011550665,0.016545549,0.019856468,0.023333162
R1937,0.3238709,0.5705248,0.84880686,1.0744653,1.2428468
R1938,0.566314,0.5562804,0.5427424,0.52806604,0.5113892
R1939,0.19240548,0.35683468,0.62580156,0.88318026,1.0998703
R194,1.1627535,0.95355475,0.85775065,0.8172258,0.80332446
R1940,0.17108491,0.30399075,0.49893072,0.6406404,0.71148866
R1941,0.29094744,0.42303574,0.5462068,0.64219654,0.70637065
R1942,0.0,0.037562996,0.09207025,0.16298647,0.26920366
R1945,0.1013287,0.1291227,0.16503793,0.21111599,0.26596996
R1946,0.9607378,1.2536566,1.5678345,1.8319314,2.0247803
R1947,0.64902246,0.77913415,0.8510964,0.8920934,0.9172189
R1948,0.41745833,0.5293753,0.63508415,0.7208712,0.7924769
R1949,0.3942973,0.4189366,0.42680836,0.4216267,0.41369718
R195,2.364642,2.4338515,2.4028034,2.3785403,2.3439705
R1950,0.012793228,0.016514257,0.028283775,0.047404587,0.0763502
R1951,0.0,0.034090206,0.06796993,0.11450827,0.18618995
R1953,0.0006661713,0.05708669,0.1259956,0.23253119,0.3804835
R1955,0.07095805,0.13279101,0.23693773,0.37562197,0.5310847
R1956,0.0,0.0013759136,0.02460295,0.046368018,0.07130724
R1957,1.5372703,1.5699669,1.5802877,1.5769119,1.5454098
R1959,0.032704175,0.027766183,0.02464439,0.024313673,0.025915667
R196,2.7722924,2.5439005,2.2779775,2.0409698,1.8510287
R1960,0.098819494,0.1568056,0.23140784,0.3458385,0.50828373
R1961,0.10684948,0.06496158,0.047999725,0.04763426,0.053158715
R1962,2.3480341,2.4670491,2.5159743,2.602464,2.6773183
R1963,0.29125804,0.31439525,0.39248908,0.4948483,0.6111151
R1964,0.55152345,0.5188409,0.53236765,0.54451495,0.54885304
R1966,1.1647574,1.1531119,1.1542706,1.1538562,1.1476063
R1968,0.056399778,0.029166639,0.01965183,0.017595053,0.018528491
R1969,0.09271537,0.09054275,0.10021415,0.12366341,0.16076696
R197,3.509591,3.3382518,3.0657878,2.7410028,2.420544
R1970,1.3453243,1.3677672,1.3690366,1.3566008,1.3301448
R1971,0.9060985,0.8803538,0.81634474,0.72937715,0.63300383
R1972,1.5622923,1.6176385,1.6306581,1.6375326,1.6372635
R1973,0.019405857,0.021742553,0.02729091,0.03725791,0.05101143
R1974,1.1900641,1.2132304,1.2020539,1.1834882,1.1613916
R1975,0.3100695,0.4330737,0.59830123,0.7287029,0.8135296
R1976,1.5222635,1.514211,1.478085,1.4455603,1.4097699
R1977,0.6751405,0.82583535,0.90750575,0.9511609,0.96666336
R1978,0.538417,0.31864122,0.21071132,0.16822243,0.14952117
R1979,1.5985305,1.6487919,1.664997,1.6739993,1.6790465
R198,1.4872059,1.3248062,1.1310958,0.9757117,0.86754465
R1980,0.6332184,0.79010475,0.90758216,0.9771297,1.026329
R1981,0.0,0.0,0.0,0.0,0.0
R1982,0.76293373,0.8025956,0.82017124,0.81412554,0.79871213
R1983,0.7903062,0.78342855,0.7843721,0.78817487,0.7913072
R1984,0.5004673,0.57554936,0.6096034,0.6105562,0.59846234
R1985,0.043262646,0.053179994,0.054372996,0.060475737,0.07076496
R1986,0.036489427,0.07979205,0.13366035,0.23113143,0.3838956
R1987,0.046214223,0.027559116,0.030458495,0.040221587,0.052918255
R1988,1.5624243,1.4881479,1.4098878,1.3404,1.2705314
R1989,0.61423147,0.67617714,0.73056996,0.7609936,0.77783453
R199,3.899702,3.902674,3.825367,3.6958423,3.5375726
R1990,0.029981747,0.031708807,0.029644325,0.029588819,0.030942962
R1991,0.01830247,0.013389915,0.009998366,0.009338513,0.0099172
R1992,0.02299583,0.017392889,0.01584728,0.01674822,0.019002423
R1994,1.031991,1.0359358,1.0086716,0.96989524,0.92558265
R1995,1.053207,1.0444981,1.0329381,1.0162508,0.99524415
R1996,1.257737,1.2670391,1.2603832,1.2383498,1.2060847
R1998,0.045370504,0.027208239,0.014855608,0.009245962,0.0077690184
R1999,1.4492441,1.3937861,1.3509885,1.3281332,1.2983388
R2,0.64945805,1.0799109,1.5445654,1.9201279,2.2132492
R20,1.2636299,1.517794,1.7942399,2.0249503,2.1753216
R200,2.2556636,2.025937,1.6911527,1.380134,1.1157262
R2000,0.7293676,1.001685,1.1976181,1.3374684,1.4351346
R2001,0.64003575,0.8347281,0.97537076,1.0882875,1.1762303
R2002,1.4518111,1.5247285,1.5669913,1.6050423,1.6372753
R2003,0.51108867,0.31157547,0.18844219,0.12602535,0.10133612
R2004,0.09338704,0.085391864,0.079412386,0.0781928,0.08106594
R2006,1.2402962,1.2320304,1.2289375,1.2300804,1.2316604
R2007,1.0038189,1.0438476,1.0590663,1.0613909,1.0604129
R2008,0.08287206,0.090413556,0.10813324,0.13897787,0.18499696
R2009,0.21623659,0.19030055,0.179132,0.17724478,0.18350172
R201,2.1959243,2.2114604,2.159938,2.1123033,2.0571873
R2011,0.009037733,0.0033317506,0.00020715594,0.00052292645,0.0035698265
R2012,0.018048957,0.056538567,0.10551984,0.18649411,0.30220848
R2013,0.1412442,0.12510964,0.11915025,0.12326742,0.1351198
R2015,0.19076481,0.28107062,0.45464084,0.65143055,0.7984698
R2016,0.10829291,0.09435348,0.09799422,0.103610866,0.10942791
R2019,1.000853,0.8646277,0.70561254,0.5569736,0.4331416
R202,0.7135886,0.7530619,0.753219,0.7071432,0.62890613
R2020,0.6743574,0.784691,0.8526907,0.8738067,0.8768604
R2021,0.73646843,0.69872594,0.6761799,0.64629257,0.60731936
R2023,0.7001097,0.7473184,0.8026608,0.8430574,0.8651744
R2024,0.8039061,0.5971692,0.4036221,0.2781706,0.21379596
R2026,0.37267667,0.5909065,0.85245943,1.0486898,1.1749138
R2028,0.86000204,0.7945622,0.72247803,0.65615094,0.5978228
R2029,0.23567677,0.15577891,0.12463617,0.11737339,0.1215222
R203,2.5502174,2.6060917,2.6572444,2.7305412,2.799707
R2030,0.25790712,0.25708383,0.2805406,0.31214532,0.34943056
R2031,0.13020062,0.06918725,0.05254911,0.05217734,0.056797415
R2032,0.029364407,0.01189217,0.0055850297,0.003861308,0.0044602454
R2033,0.096844375,0.109330006,0.12735936,0.15332499,0.19375896
R2034,0.6643929,0.6965292,0.68090343,0.6229917,0.5612405
R2035,0.026052698,0.025158927,0.026802048,0.02946943,0.032825425
R2038,0.4985692,0.42922765,0.3258616,0.24668995,0.20256631
R204,1.293569,1.3674506,1.4175924,1.4534208,1.4802605
R2041,0.037883565,0.034736514,0.032016695,0.031956226,0.033497453
R2042,0.20056348,0.35204735,0.6066243,0.80386114,0.9206934
R2043,0.1600016,0.16163756,0.15701762,0.1498626,0.14607011
R2044,0.057334572,0.05799678,0.06535849,0.07592152,0.0885195
R2047,0.07301879,0.08870861,0.11033747,0.13496909,0.16737056
R2048,0.13503799,0.18684852,0.2575509,0.3629225,0.5034137
R205,1.959138,1.9596013,1.9406435,1.9377838,1.9261422
R2050,0.17709276,0.15827353,0.14544842,0.14050148,0.14204414
R2052,0.052992657,0.048968688,0.042750165,0.038924217,0.037288144
R2055,0.20308742,0.32558972,0.5845902,0.8705642,1.1219507
R2057,0.04820116,0.055006325,0.051404774,0.05186662,0.055635348
R2058,0.030171275,0.03900285,0.041553542,0.04423742,0.04907991
R2059,0.549404,0.46930462,0.35373777,0.2652914,0.21674691
R206,1.2658038,1.2574588,1.1688788,1.073885,0.9991745
R2063,0.004143819,0.03405556,0.08301081,0.15812376,0.2619025
R2064,0.6366797,0.74342716,0.8992274,1.0411209,1.153575
R2065,0.073681116,0.06728193,0.06524511,0.06257433,0.060122997
R2066,1.1366433,1.2555667,1.3480282,1.4201425,1.4752206
R2067,0.019067794,0.022775918,0.023543179,0.023778766,0.024980381
R2068,0.29750106,0.4599973,0.6532346,0.8053168,0.91727424
R207,2.1367903,2.117942,2.0768373,2.0595095,2.0527265
R2070,0.014841363,0.0021774322,0.0,0.00037401915,0.0070195794
R2071,0.009409159,0.009702921,0.015499815,0.024263054,0.034701318
R2072,0.08215502,0.06000556,0.061808318,0.07166888,0.08667062
R2073,0.045291394,0.04599656,0.047048524,0.048976168,0.051877156
R2074,0.06336218,0.08571811,0.103358895,0.11946766,0.13904013
R2077,1.5352817,1.7322747,1.9445996,2.0924978,2.1325972
R2078,0.02250193,0.036729515,0.045331344,0.056320876,0.07031104
R2079,0.6939797,1.0020694,1.3112223,1.5898472,1.8251177
R208,1.3163183,1.184117,0.96614087,0.74250984,0.5578233
R2081,0.048414543,0.049004614,0.046657473,0.046608225,0.048748642
R2083,0.03261195,0.024199456,0.019596964,0.018167108,0.01839234
R2084,0.2797065,0.20907524,0.17345886,0.15797088,0.15645209
R2085,0.06472282,0.08851582,0.09068371,0.09296769,0.09740345
R2088,0.0879689,0.05062209,0.036633164,0.029666439,0.026341498
R2089,0.4061271,0.5450219,0.747728,0.9245348,1.0420029
R209,1.3824722,1.2564849,1.1517041,1.1067065,1.1093267
R2090,0.088418975,0.13768964,0.22841679,0.35091084,0.48209795
R2094,0.03380981,0.057705134,0.07690206,0.095324725,0.1154831
R2095,0.024714112,0.034907266,0.045176655,0.058086947,0.07454215
R2096,0.06882517,0.07034476,0.07157552,0.07841696,0.09035021
R2097,0.22552398,0.42481372,0.6524452,0.8514638,1.0313674
R2099,0.7303479,0.61109287,0.4885022,0.4069698,0.36129445
R21,0.24696869,0.3322085,0.44435257,0.5548974,0.64123833
R210,0.980235,1.0226699,1.07469,1.090602,1.0800529
R2101,1.6369075,1.8622454,2.0343018,2.1813748,2.2988358
R2102,3.4143596,3.5291197,3.636597,3.7242675,3.7674353
R2103,0.13520707,0.22023305,0.3407163,0.47922975,0.6134294
R2105,0.087582946,0.1813012,0.37622446,0.62710667,0.8651483
R2106,0.10757582,0.14615713,0.19714224,0.26386842,0.34102744
R2109,0.0,0.0028806925,0.0111350715,0.024200901,0.04402101
R211,2.358334,2.3767684,2.3884716,2.409863,2.426482
R2110,3.450986,3.4393637,3.4677362,3.5173142,3.5573
R2111,0.17197631,0.1878027,0.19467327,0.20067923,0.2083233
R2113,0.14315963,0.19621725,0.28246248,0.3917637,0.5013772
R2114,0.44401747,0.5861231,0.7140792,0.8263366,0.91688883
R2117,1.4845169,1.665665,1.778977,1.8760028,1.9563231
R2119,1.5090622,1.5179982,1.6112087,1.66245,1.6498138
R212,2.5964298,2.6911688,2.7332013,2.7749186,2.8062348
R2120,2.0920346,2.037421,2.0009334,2.0145473,2.0404344
R2121,1.2335443,1.1849619,1.1500221,1.148981,1.1723632
R2122,0.048805982,0.06219867,0.09255503,0.14781703,0.23901047
R2123,0.054045737,0.090281054,0.13662896,0.20806716,0.30908373
R2125,0.12596565,0.16482553,0.21126491,0.2706347,0.34780604
R2126,2.2257302,2.1660006,2.0677605,1.943938,1.8106563
R2127,3.1800547,3.3870494,3.506637,3.5736377,3.5914714
R213,3.3770661,3.2978616,3.216711,3.1240997,3.024426
R2130,0.106236756,0.13538544,0.19393131,0.2847018,0.40932167
R2131,0.08188051,0.10586012,0.13654757,0.1777708,0.22630976
R2133,0.29171568,0.21912804,0.17486186,0.14950694,0.13755451
R2134,1.1453538,1.0452054,0.84397995,0.63579434,0.47450548
R2135,1.8442241,2.030167,2.2127433,2.3835232,2.5097556
R2138,0.21939436,0.22463427,0.2425998,0.26800537,0.30175826
R2139,0.7169728,0.63043153,0.51422524,0.41337872,0.34593728
R214,2.3769157,2.46413,2.4969418,2.563209,2.6318073
R2141,0.013384655,0.056632638,0.11586501,0.22843768,0.39765888
R2144,0.6446686,0.5263581,0.48893213,0.4932812,0.5179491
R2149,0.19279808,0.16289017,0.1436817,0.1332201,0.12937662
R215,1.5211957,1.5225435,1.4908047,1.4460928,1.3925134
R2154,0.13357008,0.16217217,0.19145107,0.22645421,0.2698723
R2155,0.9744426,1.1065606,1.2346618,1.3407418,1.410874
R2156,0.22955735,0.29848543,0.37694487,0.4703541,0.5738336
R2157,0.48575747,0.4392717,0.3818556,0.33769947,0.3114797
R216,3.244919,3.1642072,3.0772815,3.0563176,3.0400677
R2162,2.2018955,2.2835252,2.3664374,2.430106,2.4576604
R2166,0.03186831,0.08804616,0.14277086,0.21719438,0.31982774
R2167,4.371597,4.356098,4.3670235,4.3729525,4.3659678
R2168,1.4866248,1.8981761,2.2017093,2.4949234,2.7575881
R217,3.4231143,3.3713717,3.3542738,3.3726397,3.3917
R2172,0.8392062,0.838994,0.76603115,0.6724888,0.58045125
R2173,2.196953,2.1626623,2.0903003,2.0281858,1.9716443
R2174,1.6352024,1.6002908,1.7026665,1.8660903,2.0282173
R2175,2.2913353,2.2799058,2.283408,2.3071532,2.3284173
R2176,0.0,0.0,0.0,0.0,0.0
R2177,0.29585767,0.2581882,0.23476323,0.21045013,0.19135292
R2178,0.025858581,0.0489375,0.06497353,0.0856154,0.11481561
R2179,0.0,0.0,0.0,0.0,0.0
R218,2.4803433,2.5305142,2.46968,2.411136,2.3487027
R2180,0.755445,0.5959277,0.47210103,0.37238157,0.2997059
R2181,1.4145948,1.3323538,1.344886,1.3574914,1.3465812
R2182,0.7069781,0.74725246,0.80315244,0.8539953,0.88872683
R2183,0.03898619,0.037691697,0.03674005,0.037819386,0.040360034
R2184,0.287667,0.17917126,0.13551515,0.12704027,0.13974532
R2185,1.1986477,1.1890316,1.1672735,1.1417267,1.1102009
R2186,1.555086,1.4867102,1.4574792,1.4513342,1.4546673
R2187,0.877583,0.98719025,0.9759735,0.8713956,0.73212063
R2188,0.24812335,0.19391978,0.2421267,0.3329491,0.46020013
R2189,0.556653,0.47965497,0.4300314,0.38798606,0.35361326
R219,1.6367764,1.7138481,1.7793977,1.841403,1.8789395
R2190,0.6882497,0.64237684,0.5985657,0.56706953,0.5508985
R2191,0.18624118,0.13358687,0.10223247,0.08620185,0.078490466
R2192,1.6120865,1.6213987,1.5942029,1.5861592,1.5817218
R2193,2.253138,2.3188157,2.347895,2.3834803,2.4089613
R2194,0.020497397,0.04015328,0.05017504,0.061021715,0.073955804
R2195,0.042419255,0.022079527,0.016082555,0.015299842,0.0168401
R2196,0.022012204,0.002919674,0.0,0.0,0.0
R2197,0.9904357,0.9577458,0.88087046,0.7686753,0.659915
R2198,0.17244181,0.137748,0.11963157,0.11056395,0.10755314
R2199,0.19442476,0.25649232,0.37506413,0.5393611,0.71456826
R220,2.5246475,2.525863,2.5309536,2.535732,2.5284348
R2200,0.09031318,0.041229337,0.024180353,0.018619597,0.01806812
R2201,0.0,0.0,0.0028461516,0.009641707,0.016026288
R2202,0.8132638,0.7632345,0.6507151,0.53770536,0.4569326
R2203,0.018644616,0.010612011,0.0074412376,0.006403923,0.0065261126
R2204,0.96946967,0.9161248,0.84794223,0.7795001,0.71621156
R2205,0.106511295,0.06691982,0.054790527,0.054322347,0.06042938
R2206,0.061308622,0.03877236,0.030936211,0.029177815,0.030612081
R2207,0.14872424,0.12216168,0.11665203,0.12398815,0.14113852
R2208,0.046213895,0.04871179,0.05228807,0.05256033,0.054363698
R2209,0.0362072,0.06064056,0.07393004,0.08531433,0.09724881
R221,0.6015979,0.6658888,0.64560616,0.60549295,0.5676824
R2210,0.052966908,0.047478065,0.03954357,0.035042673,0.032970533
R2211,0.04259546,0.04053372,0.041839093,0.04586701,0.052330017
R2212,0.029187515,0.023637846,0.033571824,0.040671602,0.047546133
R2213,0.44911364,0.27879137,0.1913487,0.14248987,0.11645095
R2214,0.4676081,0.28555265,0.2139365,0.17168564,0.1467514
R2215,0.06335023,0.056658044,0.057920083,0.058007523,0.05885622
R2217,0.12860401,0.09059399,0.07558018,0.067978114,0.06513326
R2218,0.054121792,0.053513035,0.056853697,0.057947338,0.057281643
R222,2.1545575,2.174292,2.1771984,2.1888466,2.1930468
R2220,0.0,0.003660217,0.005119115,0.006140396,0.00813818
R2221,0.20719549,0.15098442,0.12568823,0.11466429,0.11028804
R2222,0.18412822,0.15869647,0.1436481,0.13605344,0.13529372
R2224,0.1978133,0.083590016,0.044243917,0.02806963,0.02025199
R2225,0.58398074,0.41238153,0.26931888,0.19026624,0.15517494
R2226,0.019654706,0.0,0.0,0.0011762083,0.005664706
R2227,0.4770231,0.27378333,0.18119958,0.15040472,0.14575043
R2228,0.23956147,0.15064451,0.121228255,0.11424859,0.119364776
R2229,0.1456367,0.1275383,0.12220413,0.12551707,0.13751116
R223,2.253457,2.2419806,2.2040703,2.177089,2.148487
R2230,0.54900056,0.41932142,0.3254857,0.2649695,0.2282603
R2231,0.10094303,0.088170886,0.09462887,0.104464844,0.12072002
R2232,0.03591928,0.04502581,0.0633612,0.08225879,0.10436606
R2233,0.25733444,0.17215183,0.1328941,0.115119815,0.10932304
R2234,0.13242356,0.054788128,0.04379356,0.045083687,0.049477473
R2235,0.31480658,0.23173441,0.18279302,0.15402782,0.13841984
R2236,0.104020655,0.100172475,0.09818134,0.1012339,0.108733736
R2237,0.042984664,0.06428647,0.083225384,0.10767695,0.1401618
R2238,0.021641195,0.019611076,0.021292984,0.025197402,0.03141783
R2239,0.06599401,0.051411316,0.049548447,0.051936015,0.057813913
R224,2.1073058,2.1598573,2.2163825,2.269009,2.304837
R2240,0.0026685596,0.016571805,0.02337128,0.028431743,0.033593655
R2241,0.2273442,0.19226739,0.17293993,0.16104037,0.15578848
R2242,0.09203212,0.06437451,0.06094061,0.06460896,0.07260507
R2243,0.0,0.0,0.0,0.0,0.0
R2244,0.284953,0.22951257,0.19113787,0.17233531,0.16676848
R2247,0.7182125,0.46856105,0.31856048,0.23832837,0.19720784
R225,0.34736493,0.44656414,0.52961063,0.617938,0.7069785
R2250,0.06753048,0.07978323,0.08749254,0.092241585,0.09709555
R2251,0.2086255,0.1404222,0.10702663,0.09105167,0.084082276
R2252,0.08312246,0.035579175,0.028228238,0.027039647,0.028586939
R2253,0.24472381,0.13499978,0.10352497,0.089438796,0.08149384
R2254,0.30240923,0.22728808,0.19296834,0.18096533,0.18525016
R2257,0.04433489,0.043778166,0.042437032,0.042975694,0.045390993
R2259,0.08299331,0.08704561,0.09856601,0.10612429,0.11248518
R226,2.2999609,2.4106202,2.4198656,2.3877738,2.3194273
R2260,0.20439345,0.22975501,0.23641728,0.24224819,0.2541422
R2263,0.2730445,0.20463336,0.17113009,0.15546788,0.15218917
R2265,0.13046157,0.10709174,0.09491682,0.09108055,0.092936784
R2266,0.21920533,0.21337959,0.21006233,0.20894971,0.21044043
R2267,0.16174549,0.14759475,0.13473186,0.11980389,0.10763691
R2269,0.14594573,0.14264709,0.14787996,0.15759994,0.17362584
R227,2.532418,2.5264065,2.5185227,2.5426264,2.5605588
R2270,0.096925735,0.08769368,0.087639436,0.092609614,0.10352515
R2271,0.08674334,0.04815273,0.038323447,0.03550595,0.035818607
R2272,0.26450482,0.18161505,0.14991096,0.14199877,0.14660585
R2273,0.0328473,0.03773871,0.039650515,0.04177068,0.044759676
R2275,0.39462495,0.30855864,0.24747935,0.20017327,0.16648626
R2278,0.5628015,0.47442335,0.38521123,0.31117338,0.26357427
R2279,0.33688462,0.25678924,0.21739888,0.19942755,0.1962236
R228,2.2543116,2.2472894,2.2386045,2.242615,2.24036
R2280,0.22097854,0.16504678,0.15548718,0.16187769,0.17773575
R2281,0.7247089,0.72965634,0.69851667,0.67497957,0.6716113
R2282,0.08156581,0.08188,0.08625074,0.09394476,0.10651058
R2283,0.5550358,0.8156878,1.0697695,1.292754,1.4773953
R2284,0.44111782,0.6226975,0.7682985,0.8546554,0.88887656
R2285,0.04751146,0.05437146,0.06211582,0.07289432,0.09076853
R2286,1.1120914,1.4599271,1.8442365,2.2204878,2.511537
R2287,1.5763216,1.8105344,2.0208445,2.1312284,2.1053984
R2288,0.0,0.0,0.0020604134,0.00639455,0.01212275
R2289,0.13923413,0.21365501,0.32273275,0.4679358,0.63034785
R229,3.2258968,3.2835379,3.3115232,3.362735,3.4127567
R2290,1.456643,1.6123396,1.6004083,1.502079,1.3426745
R2291,1.0790784,1.2451328,1.4268214,1.5572796,1.6100084
R2292,1.3529478,1.3404248,1.2261515,1.0637958,0.90114486
R2293,0.008027583,0.014062285,0.018092722,0.023042649,0.029454663
R2294,0.35473707,0.4098999,0.43940824,0.43037122,0.40080857
R2295,0.6008167,0.7757958,0.9449682,1.0636464,1.1329799
R2296,0.23658624,0.30405894,0.373162,0.42962873,0.4735763
R2297,1.8947046,1.9863367,2.0989382,2.159767,2.1450393
R2298,0.011561453,0.063617915,0.12982965,0.23328984,0.36729205
R2299,0.0,0.026734918,0.121499464,0.28036338,0.46651793
R23,0.18697074,0.14192833,0.09204152,0.06665178,0.05703117
R230,0.58913374,0.5724486,0.59791195,0.64146733,0.68715495
R2300,0.037368476,0.061634347,0.08625497,0.116881266,0.15621012
R2301,0.21856898,0.3018692,0.3893462,0.46560526,0.52801394
R2302,0.2315334,0.37768766,0.61014354,0.8202541,0.96128774
R2303,0.006859973,0.029050693,0.06511088,0.11395423,0.177504
R2304,0.9043497,0.98324585,1.0276512,1.05957,1.077261
R2305,0.8455081,1.1084892,1.3925263,1.6609554,1.8786312
R2306,0.6022998,0.7838813,0.95645094,1.1282066,1.298819
R2307,0.5143844,0.8501258,1.2042187,1.4830893,1.6701102
R2308,0.087720945,0.06665614,0.06146109,0.06155634,0.06387299
R2309,0.0720299,0.13888088,0.20752716,0.27097958,0.32317254
R231,2.3975914,2.5042732,2.439907,2.3601723,2.2621315
R2310,0.45290634,0.44519,0.44706142,0.44778904,0.44977176
R2311,0.7667923,0.884328,0.97877276,1.0296746,1.0361633
R2312,0.4668331,0.5244101,0.555845,0.57533646,0.59381706
R2313,0.46770743,0.5411412,0.6247394,0.68069017,0.7019645
R2314,0.45827305,0.5145787,0.56647974,0.60549545,0.6358765
R2315,0.69901633,0.7089056,0.62171817,0.5253758,0.46075118
R2316,0.0047037005,0.014891118,0.023547426,0.03359127,0.046761185
R2317,0.08106786,0.13819891,0.22065742,0.32690248,0.44780424
R2318,0.51938283,0.56384706,0.55002654,0.5071075,0.4599477
R2319,0.0,0.0,0.0036532432,0.0119921565,0.02161175
R232,3.1054573,3.0469494,2.9400694,2.9074926,2.891448
R2320,0.09331873,0.16018622,0.22097655,0.26905748,0.30736703
R2321,0.47067535,0.6446285,0.875543,1.0944463,1.2839142
R2322,0.6620765,0.809343,0.9286623,0.97562444,0.97092724
R2323,0.34462768,0.5471382,0.69416183,0.7621707,0.78363454
R2324,0.8249438,1.1047041,1.4127876,1.7145807,1.9491922
R2325,0.07583198,0.13803674,0.22489865,0.34592342,0.4960375
R2326,0.36987966,0.49871174,0.66634744,0.8247163,0.97123337
R2327,1.238263,1.3250604,1.4219216,1.464877,1.4303095
R2328,0.49892542,0.78601253,1.1023787,1.3468739,1.5357299
R2329,1.2102735,1.2727337,1.2925016,1.2950647,1.2827364
R233,1.5539023,1.5977719,1.547262,1.4776738,1.4061495
R2330,0.71066284,0.5634793,0.511791,0.4916827,0.47885782
R2331,1.7014745,1.7546791,1.7465771,1.7754394,1.7963787
R2332,1.4776927,1.3865764,1.3379943,1.32313,1.3218855
R2333,0.10834893,0.15963799,0.240414,0.35553873,0.479873
R2334,0.0653092,0.059871256,0.054276824,0.051645204,0.052291006
R2335,1.5276657,1.5176793,1.5223259,1.5337027,1.5390203
R2336,0.83084834,0.8760412,0.89620876,0.89897704,0.8935038
R2337,1.710374,1.7240212,1.735498,1.7468508,1.7481047
R2338,0.6093152,0.68916965,0.76212204,0.7989844,0.8184445
R2339,2.7579083,2.7785218,2.7786589,2.8252506,2.8722324
R234,2.2466295,2.2732122,2.283613,2.2979267,2.3025818
R2340,0.2893443,0.21011002,0.186424,0.19105269,0.21979263
R2341,1.5092458,1.5920491,1.6669538,1.7420237,1.797546
R2342,0.08061057,0.040703535,0.028379455,0.026026443,0.027456492
R2343,0.72111166,0.62042457,0.4885756,0.40247673,0.35857517
R2344,2.2184124,2.2028186,2.166597,2.1208196,2.0640545
R2345,1.4290388,1.4703809,1.5199075,1.5723257,1.6180189
R2346,0.07173568,0.06301209,0.05789776,0.057814345,0.06040226
R2347,0.20986584,0.22325262,0.2587866,0.30583557,0.36211333
R2348,0.8336487,0.5636212,0.40395355,0.3159805,0.268094
R2349,1.9041817,1.8822168,1.8700998,1.8835728,1.8982441
R235,1.9251825,1.9217639,1.8653147,1.8078126,1.7419326
R2350,0.85662854,0.88121724,0.9019387,0.9071442,0.9014791
R2351,2.841734,3.0055041,3.0665495,3.079961,3.0546186
R2352,0.61291224,0.6450548,0.65693176,0.6484295,0.62901175
R2353,1.0005448,0.6866164,0.4445023,0.30752844,0.24121055
R2354,1.8688821,1.9175067,1.9849774,2.0844684,2.1830735
R2355,1.0912658,0.98189914,0.8481611,0.72426945,0.6235524
R2356,0.14695832,0.12417669,0.13633502,0.16093448,0.19534245
R2357,0.39344156,0.40108183,0.3999941,0.41073623,0.43821725
R2358,0.8566495,0.91224277,0.9338006,0.91936135,0.88089657
R2359,1.3468884,1.5393419,1.5823193,1.6229941,1.6592108
R236,1.7993516,1.7699692,1.7789763,1.7739156,1.7386616
R2360,0.46944773,0.47758472,0.48161644,0.45114806,0.40597528
R2361,2.1870086,2.0677075,2.0857606,2.113302,2.1194952
R2362,0.5216689,0.5040165,0.49773216,0.49626327,0.5012824
R2363,2.2358587,2.2292607,2.2390738,2.2654982,2.2788239
R2364,0.6675696,0.66727114,0.65056586,0.60581374,0.54898113
R2365,1.8941482,1.9178531,1.9521738,2.03034,2.1009986
R2366,0.42405054,0.4682232,0.5453848,0.6215702,0.69247305
R2367,0.29193437,0.21881226,0.17138453,0.15627335,0.15888095
R2368,2.0697856,2.1409457,2.120227,2.1073482,2.0909116
R2369,0.96764827,0.88844764,0.78519046,0.6795354,0.58563626
R237,2.1435752,2.1713643,2.1702518,2.1626298,2.1327524
R2370,1.4828676,1.5658197,1.6154895,1.6705488,1.7135193
R2371,0.84234965,0.75621486,0.7176049,0.69362247,0.66642714
R2372,0.77163684,0.86835337,0.9315046,0.9805343,1.0103972
R2373,0.050869912,0.052430823,0.052398458,0.056773633,0.063700706
R2374,1.5895275,1.6417753,1.6624323,1.6922146,1.7223858
R2375,1.9920161,2.035843,2.105249,2.1926036,2.2529879
R2376,0.67383593,0.71009254,0.7384825,0.75528157,0.77105224
R2377,0.6569443,0.76004577,0.8618419,0.96832263,1.0719781
R2378,0.10961697,0.14365178,0.1954194,0.261854,0.33350182
R2379,3.3428533,3.3836472,3.3718839,3.3727322,3.3582091
R238,2.6310635,2.8276994,2.9078186,2.972275,2.9836318
R2380,1.9766533,2.0282164,2.0580814,2.1205716,2.1844442
R2381,1.1206435,1.11182,1.0570861,0.9931854,0.9283017
R2382,0.85831356,0.86692464,0.8451985,0.7988032,0.73780656
R2383,1.0525551,0.917729,0.8366989,0.7659353,0.6869432
R2384,1.013774,1.020315,0.98829484,0.93505955,0.8725785
R2385,0.34526888,0.26146907,0.20586826,0.16645998,0.14003406
R2386,0.50759184,0.501982,0.5149758,0.49697155,0.46151114
R2387,0.67558,0.6346526,0.60777545,0.56041634,0.5010753
R2388,1.7922822,1.8650696,1.9038234,1.9471011,1.9699991
R2389,1.6706156,1.6540065,1.6570271,1.6995541,1.7356272
R239,1.9505117,1.9244907,1.8669538,1.8291256,1.7930799
R2390,1.5329747,1.4643822,1.3986158,1.3437115,1.2908703
R2391,0.84720314,0.7522696,0.62465703,0.513924,0.4383313
R2392,0.75434995,0.7440424,0.72398627,0.6837902,0.63827217
R2393,1.2184741,1.3685582,1.4794487,1.5744991,1.6419536
R2394,1.3739785,1.2422065,1.1216221,1.0210873,0.9399661
R2396,0.0,0.01925826,0.053297117,0.099479884,0.1627725
R2398,0.025196403,0.0,0.0,0.0,0.0
R24,0.004825145,0.0018245578,0.0,0.0,0.0007904917
R240,1.9718585,1.9953051,1.9463989,1.8932537,1.8293602
R2400,0.0030416548,0.023428187,0.03616464,0.051010787,0.069801494
R2404,0.0,0.023203582,0.053028345,0.08793165,0.1404326
R2409,0.0,0.0,0.0,0.003606826,0.007973492
R241,1.9614434,1.9425749,1.91267,1.9264257,1.9459038
R2411,0.09814781,0.14823738,0.21390316,0.3036502,0.41020602
R2412,0.0020753592,0.0,0.0,0.0,0.0
R2415,0.021704674,0.005733371,0.0027396232,0.0034368932,0.0063500553
R242,2.24785,2.2564797,2.1985373,2.156882,2.1169243
R2424,0.0012085736,0.02450712,0.051417112,0.080088094,0.11438079
R2425,0.01671791,0.0025938004,0.0014218837,0.0023806244,0.004082918
R2427,1.0533872,1.1612649,1.2669642,1.3501135,1.4024322
R243,1.8323721,1.848157,1.834295,1.8140752,1.7853439
R2432,0.17302689,0.29568192,0.5217017,0.7794697,1.0083777
R244,1.6207789,1.5790316,1.5532343,1.5431031,1.5335474
R2440,0.0,0.008449867,0.03181091,0.05592093,0.08837055
R2443,0.11775859,0.17885737,0.29693618,0.46174148,0.6288854
R2448,0.037944034,0.013282642,0.006069571,0.0048833042,0.0056777596
R245,1.5760797,1.5467709,1.5118276,1.4843627,1.4558704
R2452,0.0,0.01943925,0.05051568,0.09149799,0.14555776
R2455,0.0,0.0,0.0,0.0,0.0
R2458,0.0,0.00561364,0.010063887,0.015246302,0.02080886
R2459,0.0,0.0,0.0,0.0,0.0
R246,2.385841,2.3346488,2.3183558,2.3267305,2.3358226
R2466,0.0,0.0050525665,0.00979273,0.013083667,0.016244099
R2469,0.0,0.0012461245,0.003485486,0.006054759,0.009449482
R247,0.7009148,0.93833065,1.031036,1.0463296,1.0010041
R2471,0.0,0.0034418702,0.0100880265,0.016838357,0.024187937
R2478,0.50009716,0.5917958,0.7190607,0.8538538,0.97957706
R248,1.5241206,1.4700373,1.5119936,1.5770817,1.6217625
R2480,0.013484135,0.04494834,0.090497404,0.15112042,0.22247477
R2482,0.0017808676,0.0,0.0,0.0,0.0
R2483,0.018253013,0.0023391694,0.0,0.0,0.0
R2484,0.0,0.009582922,0.030737683,0.05109124,0.074266985
R2487,0.0036076903,0.0004093647,0.0,0.0,0.0
R249,2.5984201,2.7163315,2.7223313,2.7177932,2.6956334
R2490,2.1634862,2.3201096,2.3646429,2.3275232,2.2360163
R2491,3.0809674,3.0478663,2.9359448,2.786304,2.6146977
R2492,0.18520369,0.38285223,0.76324975,1.1069267,1.3710274
R2493,1.4144014,1.5082916,1.5916903,1.6341296,1.6394074
R2494,0.11200249,0.115863666,0.12717831,0.14803927,0.18055415
R2495,3.3743477,3.3198,3.1943588,3.049483,2.9040802
R2496,0.41719598,0.31880227,0.26267698,0.2269387,0.20319413
R2497,0.71668196,0.75003827,0.8819556,1.0958219,1.340413
R2498,1.8939271,1.8790383,1.7286748,1.57001,1.407903
R2499,2.526766,2.5235078,2.4574203,2.3800688,2.3014996
R25,1.0687898,1.1940433,1.4351999,1.6318389,1.72864
R250,2.5730276,2.5549533,2.5183797,2.5145903,2.519349
R2500,0.35726237,0.29380143,0.2513371,0.23417039,0.23310636
R2501,0.36822534,0.34642285,0.3153818,0.2812672,0.25283983
R2502,1.8758435,1.7933519,1.6686959,1.5055224,1.3338569
R2503,2.5418942,2.6183274,2.7750688,2.9289892,2.9875774
R2504,1.2421846,1.2609746,1.2209003,1.1426644,1.0617691
R2505,1.6091998,1.7252148,1.8179013,1.8612514,1.8672776
R2506,2.7593193,2.6461883,2.4711294,2.2331321,1.9761267
R2507,2.884717,2.8610692,2.8656127,2.8788319,2.8922663
R2508,0.16446382,0.20979264,0.2658952,0.32998675,0.39971912
R2509,1.5502917,1.586234,1.6014317,1.5774109,1.5226079
R251,2.5034149,2.5441298,2.5435863,2.5479069,2.5418408
R2510,0.7176743,0.972141,1.1915239,1.3569951,1.4707787
R2511,1.0274452,0.9765763,0.9259763,0.89297605,0.86793816
R2512,2.6952798,2.8511913,3.018665,3.095222,3.0736957
R2513,2.452864,2.3432965,2.31292,2.2837298,2.2436342
R2514,1.9471381,1.9332626,1.9994698,2.0522327,2.0729816
R2515,1.6234722,1.7513819,1.8943844,2.0208905,2.1186838
R2516,1.03653,1.2551149,1.5090442,1.7541351,1.951508
R2517,1.1771986,1.241368,1.2299035,1.1730487,1.1069095
R2518,1.2756878,1.268633,1.2516677,1.2014215,1.1252759
R2519,2.37835,2.3332443,2.3527138,2.4219592,2.4885182
R252,2.2361782,2.2238352,2.3256118,2.4509299,2.5559278
R2520,3.1192384,3.131929,3.1200175,3.0336235,2.8795354
R2521,0.15584074,0.16723797,0.17804822,0.189568,0.20256191
R2522,3.5913365,3.6835716,3.7442718,3.7804654,3.7835002
R2523,0.09020652,0.09154318,0.09766482,0.105854586,0.118379004
R2524,2.5473657,2.491478,2.4067903,2.3012605,2.1832023
R2525,0.73799384,0.757303,0.77577364,0.79105103,0.7983588
R2526,0.89286315,0.9741924,1.0153652,1.0349895,1.0339416
R2527,2.711656,2.7476354,2.7010565,2.6145797,2.5062757
R2528,0.029344976,0.058624923,0.077302426,0.10143438,0.13840103
R2529,2.1316693,2.0905793,2.0611918,2.0301278,1.9965543
R253,0.97092986,1.0505836,1.0482887,0.9795884,0.8793738
R2530,0.8987,0.9667319,1.0106615,1.0379997,1.0445292
R2531,1.3295724,1.2806928,1.1877136,1.0785223,0.97214043
R2532,0.8510022,1.1011378,1.4395326,1.7455814,1.94879
R2533,1.469695,1.4760323,1.6483026,1.7846181,1.8771433
R2534,0.03443916,0.080924794,0.1418649,0.21594255,0.3064073
R2535,0.09954055,0.08961257,0.08778463,0.08926633,0.09248412
R2536,3.0625136,3.2154803,3.3350914,3.4283173,3.4701056
R2537,1.1675078,1.2391297,1.270904,1.2793567,1.2798529
R2539,2.679733,2.9892793,3.2156796,3.2437506,3.1574838
R254,2.24912,2.3159266,2.2938504,2.222364,2.0933561
R2540,0.4999531,0.75281096,1.0206807,1.2442604,1.4175692
R2541,2.5145018,2.2255492,1.9498987,1.7012167,1.455636
R2542,2.2994967,2.355726,2.4928765,2.6119895,2.6807396
R2543,2.53251,2.7004027,2.8378143,2.8917708,2.8696566
R2544,0.94195807,0.80919707,0.70499307,0.64832133,0.6256171
R2545,2.6538754,2.9217708,3.143549,3.328409,3.4231675
R2546,2.723882,2.9717493,3.0948315,3.1203203,3.0669937
R2547,3.7529705,3.913308,4.017351,4.0702424,4.0678062
R2548,3.3346102,3.3227065,3.3169994,3.3029854,3.272363
R2549,1.3654459,1.5361102,1.7214047,1.8317372,1.8600299
R255,1.2399399,1.2225392,1.2066555,1.1796119,1.1360996
R2551,2.487293,2.6709507,2.805516,2.8859484,2.9202454
R2552,3.1926417,3.2432022,3.233147,3.16006,3.0382507
R2553,1.8329552,1.5338639,1.2683876,1.0247005,0.8295462
R2554,2.4043002,2.3252397,2.2913058,2.274395,2.2541323
R2555,1.6721883,1.6311857,1.6766642,1.7334483,1.7712482
R2556,0.47642782,0.74322236,1.0864336,1.3684058,1.6133118
R2557,2.90915,2.8496184,2.8624363,2.914642,2.9497027
R2558,4.048411,4.137116,4.2156534,4.2405286,4.2322392
R2559,3.0304713,3.2784808,3.3245986,3.2486012,3.1162748
R256,2.8408198,2.7929475,2.7797835,2.7892916,2.7958593
R2560,1.7620052,1.73589,1.7318887,1.7279372,1.714912
R2561,2.5485601,2.510968,2.6557193,2.7506497,2.776817
R2562,1.6983082,1.9995115,2.3250701,2.5588157,2.6350632
R2563,0.07863355,0.1151901,0.18795055,0.32240418,0.53085786
R2564,0.21087523,0.31683242,0.4913637,0.6960572,0.8840593
R2565,0.2842106,0.21769936,0.17238712,0.14646068,0.13471949
R2566,2.8174462,2.9090655,2.973857,3.0003073,2.976295
R2567,1.5563574,1.1649395,0.6052559,0.26420894,0.16401775
R2568,0.76089454,0.6820431,0.5794352,0.48043364,0.3993921
R2569,0.43200958,0.3383622,0.25984225,0.20738481,0.17850354
R257,0.121978596,0.12040069,0.12214695,0.13554017,0.16133446
R2570,2.1976707,2.2147243,2.2194192,2.2251666,2.217793
R2571,2.0351746,2.1271715,2.0355926,1.8642174,1.6703349
R2572,1.9098206,1.8785685,1.8388094,1.791249,1.7314649
R2573,0.25529337,0.20995504,0.18834698,0.18593861,0.19719544
R2574,2.10815,2.2622476,2.4180777,2.5489457,2.6311605
R2575,0.52871776,0.66388893,0.81836545,0.9544172,1.0862715
R2576,1.6825259,1.4163164,1.1775826,0.9697695,0.819294
R2577,1.3231609,1.4488674,1.6103044,1.7356514,1.7943054
R2578,1.1463141,1.058489,0.93881345,0.8114395,0.69903415
R2579,2.3966122,2.5254984,2.639873,2.7158744,2.6952226
R258,1.3298663,1.3290886,1.3446513,1.3652284,1.3731636
R2581,0.23246415,0.21616219,0.21535052,0.22059116,0.23022395
R2582,0.0,0.01461871,0.031454563,0.052641124,0.08176264
R2583,0.38598752,0.6262413,0.917073,1.1712795,1.3511329
R2584,2.9026165,3.0185823,3.082503,3.0942142,3.052225
R2585,2.6529737,2.5988626,2.6042712,2.5832362,2.5353172
R2586,2.357057,2.3259728,2.4090786,2.525611,2.6117408
R2587,2.3833005,2.516757,2.7128944,2.8546844,2.882021
R2588,2.6373403,2.5733573,2.5918834,2.6641529,2.7355072
R2589,0.13160762,0.096329436,0.093607396,0.10209143,0.11733355
R259,2.6787443,2.7173018,2.7496798,2.7996798,2.8450415
R2590,0.51188934,0.33696803,0.20648018,0.1466307,0.11988029
R2591,0.32462198,0.41841936,0.4562348,0.45370942,0.43006408
R2592,3.8488855,3.8929992,3.9184754,3.94491,3.9461718
R2593,0.99521756,0.8292589,0.620565,0.45627797,0.3550964
R2594,0.35615084,0.26627678,0.1851027,0.14263883,0.121986344
R2595,3.64059,3.6578102,3.7119272,3.7398906,3.7113597
R2596,0.8356333,0.7416259,0.6706722,0.635193,0.6215561
R2597,3.1507742,3.2279062,3.309966,3.289405,3.1887777
R2598,2.9983692,3.028927,3.1594748,3.285707,3.3783588
R2599,2.7121947,2.7930574,2.77434,2.6929414,2.5810668
R26,0.28693753,0.25886136,0.20278223,0.16900557,0.15595095
R260,2.7331715,2.730073,2.6876094,2.7030075,2.7044034
R2600,3.5914094,3.5544193,3.62237,3.6944,3.7308369
R2601,0.8490164,0.73240185,0.6066667,0.53935784,0.5154301
R2602,1.6611749,1.5837284,1.4220635,1.2469227,1.0874791
R2603,1.4282495,1.356157,1.3988447,1.4560517,1.5161629
R2604,2.0175917,2.1415443,2.229423,2.3118014,2.3712537
R2605,1.1845213,1.4946928,1.8652153,2.1319904,2.2044885
R2606,3.91666,3.9140618,3.9247358,3.9258687,3.9065428
R2607,0.32928663,0.254794,0.2200397,0.2145412,0.22874998
R2608,0.3778767,0.34709257,0.37961283,0.42995265,0.48988307
R2609,1.0938729,0.97655416,0.75381863,0.51973104,0.3529558
R261,3.6074393,3.7077281,3.7584867,3.8030057,3.8195958
R2611,0.7901666,0.6695539,0.54049987,0.43038327,0.34937048
R2612,0.17685392,0.11491224,0.09104012,0.082771495,0.08194208
R2613,2.6282165,2.4587133,2.3529408,2.265835,2.1965191
R2614,1.8800198,1.868929,1.9162166,1.9441638,1.9302902
R2615,3.634742,3.650125,3.7363083,3.8165421,3.8749797
R2616,0.2927484,0.29080614,0.29786256,0.32509226,0.3669495
R2617,2.0437264,1.9584378,1.7576255,1.4947647,1.2103438
R2618,1.4508314,1.3526233,1.2343254,1.1543189,1.1139612
R2619,0.75013685,0.9007118,1.0914918,1.2806404,1.4576079
R262,2.3498592,2.3563666,2.3849764,2.4315372,2.459984
R2620,1.8442897,1.7277232,1.6964948,1.6900231,1.6785973
R2621,1.7337567,1.9257604,2.0988164,2.279498,2.4403427
R2622,3.4301984,3.6073701,3.7304811,3.8365116,3.910235
R2623,0.70622694,0.82285655,0.95361114,1.0662694,1.152733
R2624,2.0971622,2.491218,2.9161572,3.203207,3.2840252
R2625,0.3985837,0.27529752,0.17942303,0.13466844,0.115082644
R2626,2.8009758,2.8583424,2.9138744,2.8926535,2.8098772
R2627,0.1746754,0.3917855,0.62506723,0.86474454,1.0940254
R2628,0.019892663,0.02853939,0.04428059,0.06787309,0.102844715
R2629,4.2436886,4.357038,4.4175415,4.4286814,4.4115434
R263,2.1398292,2.22272,2.2137544,2.19091,2.1537447
R2630,2.4146628,2.6834905,2.8806727,3.059518,3.1806004
R2631,1.2921894,1.3434577,1.2967131,1.2268118,1.17281
R2632,0.5063068,0.34482133,0.23011127,0.18110158,0.16472068
R2633,1.2267755,1.5583018,1.8862267,2.1083531,2.2298276
R2634,0.41704783,0.4682196,0.5944791,0.7470454,0.8909898
R2635,0.56921244,0.47610503,0.39284843,0.33040056,0.2900548
R2636,2.0306332,2.1159072,2.1345203,2.118576,2.071542
R2637,2.2941542,2.3618786,2.5092533,2.6372278,2.7030466
R2638,1.0849477,0.95941067,0.8453146,0.7510319,0.68024904
R2639,1.947955,1.8537838,1.7469666,1.6222012,1.4942563
R264,1.8682458,1.9232286,1.9537356,1.9696621,1.9647819
R2640,0.64750576,0.61886334,0.55600476,0.4970964,0.4477399
R2641,3.3225574,3.3553846,3.2960448,3.1752872,3.02813
R2642,0.4690643,0.41585463,0.34270355,0.2802811,0.23880672
R2643,2.057075,2.0280988,1.9476538,1.7969848,1.6169674
R2644,2.5975993,2.7133832,2.9043005,3.0843124,3.183946
R2645,1.1475688,0.8943236,0.71430534,0.5886597,0.51116675
R2646,0.13937365,0.10686727,0.09481631,0.092217,0.09520832
R2647,0.9057183,0.917508,0.86528265,0.80786014,0.7620324
R2648,0.8761196,0.9083376,0.9008876,0.87595105,0.8336791
R2649,1.4413822,1.5701145,1.6529769,1.6563439,1.5796266
R265,1.0569192,1.0069196,0.9490262,0.90410984,0.8675767
R2650,0.9683665,1.072372,1.1198645,1.111455,1.0595752
R2651,2.627688,2.4984148,2.354762,2.2150745,2.080625
R2652,0.9523064,0.92715764,0.93906546,0.9377781,0.94367695
R2653,0.5227753,0.41726366,0.30667526,0.23737943,0.20746477
R2654,3.098342,3.2053924,3.3261645,3.4350753,3.4711835
R2655,1.630606,1.683483,1.7099167,1.6921813,1.6397146
R2656,2.6277795,2.754723,2.8967097,3.0354395,3.1087894
R2657,1.7200241,1.7140752,1.7440197,1.7063602,1.6223779
R2658,1.081509,1.1055945,1.1622592,1.2220883,1.2699784
R2659,1.0729563,0.7891462,0.46561104,0.27069002,0.20531806
R266,3.9319134,4.0592437,4.1272397,4.176456,4.194055
R2660,4.1739745,4.3411584,4.4440866,4.5021114,4.5206
R2661,0.47619954,0.6159463,0.776808,0.9221146,1.0471131
R2662,1.8595192,1.7717398,1.7320364,1.6849395,1.6320019
R2663,0.026634946,0.016361773,0.013299853,0.012139365,0.011874825
R2664,2.238178,2.1910725,2.2531714,2.3388302,2.4069371
R2666,0.15924199,0.15673617,0.18819115,0.22410357,0.26451093
R2667,2.36584,2.4133134,2.4452322,2.4445715,2.4016044
R2668,1.3356864,1.3510932,1.4219422,1.4895387,1.5252216
R2669,2.2078211,2.059135,1.9693514,1.9143808,1.8596393
R267,0.8215736,0.93201077,1.0357567,1.1069944,1.1532725
R2670,0.16234371,0.15671423,0.16962,0.19699004,0.23144437
R2671,1.5812033,1.6223845,1.6833571,1.7777698,1.8682126
R2672,0.10439499,0.14817359,0.18334247,0.22185475,0.2681004
R2673,1.8366548,1.9986004,2.047448,1.9439939,1.7419165
R2674,2.66,2.6308568,2.5028348,2.3442676,2.1643217
R2675,1.315333,1.323346,1.3697135,1.3956724,1.3924916
R2676,0.693032,0.94226396,1.2467425,1.5115659,1.7381835
R2677,2.8282204,2.798489,2.8090918,2.7821925,2.6960483
R2678,1.2585686,1.2386701,1.194949,1.1618767,1.1359054
R2679,1.4892628,1.4630898,1.4608947,1.4759755,1.4871674
R268,0.09277196,0.080112144,0.082273886,0.09127684,0.105956875
R2680,2.2119122,2.198165,2.2559817,2.327862,2.3895633
R2681,2.169993,2.0648327,1.9077338,1.7275499,1.5379993
R2682,0.2271488,0.11730003,0.08298361,0.06815682,0.06060095
R2684,0.65145737,0.52964723,0.4700256,0.43358913,0.4102455
R2685,2.0262501,1.9899588,2.061395,2.0941324,2.075237
R2686,2.0028677,1.7623302,1.7586588,1.816471,1.8761684
R2687,0.8715912,0.8010535,0.6745967,0.5729252,0.51042104
R2688,0.75679386,1.1119838,1.4680805,1.7697563,2.0132205
R2689,1.9068838,1.9588414,2.0631328,2.1409028,2.1755052
R269,3.0112057,2.9942286,3.0180526,3.0357442,3.03047
R2690,0.74467194,0.8049948,0.8365451,0.8379793,0.8221866
R2693,0.1681976,0.14526272,0.13557407,0.13297296,0.13442945
R2694,2.4553497,2.3668616,2.2133548,2.027633,1.8476672
R2695,0.2188876,0.17103092,0.15048787,0.14776945,0.15801296
R2696,3.0898829,3.1394103,3.1855915,3.2610898,3.300752
R2697,0.7234411,0.76360404,0.7791934,0.76442695,0.7309874
R2698,1.7177194,1.7424233,1.6108266,1.3739233,1.1068456
R2699,0.0,0.0,0.0,0.0,0.004199922
R27,0.25076288,0.18325189,0.12562911,0.09707992,0.08301149
R270,1.9372602,1.983411,1.9248241,1.8854544,1.8614197
R2700,2.4539251,2.4060307,2.3759546,2.3457422,2.3041635
R2701,0.46804592,0.66477764,0.8711299,1.0496688,1.1880823
R2702,1.6535232,1.8396183,2.136956,2.3716314,2.5110795
R2703,2.4236636,2.2837815,2.2107358,2.1673176,2.110081
R2704,3.040636,3.0924997,3.145019,3.2175558,3.266235
R2705,1.4516805,1.4904358,1.6029339,1.717136,1.7965815
R2706,0.5456941,0.58252263,0.61910164,0.6226812,0.6059935
R2707,2.4541097,2.6880581,2.7839813,2.8096385,2.7846498
R2708,4.1750364,4.175296,4.1712894,4.156356,4.1266456
R2709,2.7547078,2.8844533,2.8464322,2.7213593,2.5447524
R271,2.695073,2.681936,2.6793442,2.696963,2.7108402
R2710,0.83771646,0.90104914,0.99574673,1.0966222,1.1916174
R2711,0.65185845,0.5491307,0.51879627,0.53849566,0.58122313
R2712,4.2270403,4.277574,4.317644,4.339592,4.343443
R2713,2.1296108,2.3032296,2.4392426,2.5619578,2.6375618
R2714,0.08086173,0.120816894,0.15873906,0.19975287,0.25018114
R2715,1.7783879,1.5560492,1.3493519,1.1539578,0.9898164
R2716,2.2157202,2.421445,2.3724194,2.1417627,1.832186
R2717,0.18263654,0.1434083,0.13323495,0.13632116,0.14735141
R2718,0.081777945,0.07313073,0.07465047,0.08137411,0.092156574
R2719,1.4500418,1.5264722,1.5876194,1.6325271,1.6590214
R272,0.8147867,0.95167696,1.0681299,1.1415585,1.1758472
R2720,2.7954853,2.7502408,2.8082204,2.8734066,2.9264474
R2721,1.3217202,1.1812128,1.0553002,0.9579519,0.9018434
R2722,3.118301,3.1829243,3.2242942,3.2310207,3.1896307
R2723,1.4710623,1.668345,1.8845979,2.037019,2.0631464
R2724,0.015979722,0.0,0.0,0.00037270784,0.0014695227
R2725,0.12198714,0.21412525,0.3761904,0.5676588,0.7332405
R2726,0.014280543,0.03757602,0.05163686,0.06297563,0.0739944
R2727,1.8622127,1.8681023,1.934048,1.9702196,1.9719368
R2728,0.17548667,0.13710949,0.115868725,0.10805461,0.10805713
R2729,2.4694958,2.4537063,2.3635695,2.2212565,2.0670402
R273,1.6020545,1.5499054,1.5155714,1.4927658,1.4671025
R2730,0.57884324,0.53302765,0.5016979,0.4784469,0.45620322
R2731,3.73477,3.6921813,3.6488922,3.6320095,3.6089032
R2732,2.4543884,2.458393,2.4724848,2.4865794,2.4890802
R2733,1.8290279,1.8017299,1.686027,1.5292755,1.3803105
R2734,3.315769,3.4758708,3.588859,3.635504,3.6099927
R2735,2.6751547,2.8262289,2.750341,2.5304768,2.2543235
R2736,0.10065332,0.13731366,0.19573548,0.27241436,0.3639838
R2737,1.0401939,0.9870689,0.93587077,0.90842545,0.8949983
R2739,1.12149,1.0116128,0.90169203,0.8446026,0.8197588
R274,3.8284519,3.9165773,3.8995752,3.8784013,3.8410773
R2740,2.4309711,2.3687782,2.286533,2.2137737,2.1529963
R2741,0.53655386,0.39774227,0.2803441,0.21076225,0.17702357
R2742,1.1976092,1.008773,0.8699868,0.7776469,0.715269
R2743,0.8057091,0.69464934,0.6077074,0.5576967,0.537724
R2744,2.0389464,2.019737,1.971281,1.9162669,1.8507911
R2745,1.894313,1.9097251,1.9357392,1.9691128,1.9955292
R2746,1.5300118,1.5358429,1.4991611,1.4587489,1.4156239
R2747,1.6448808,1.611222,1.630754,1.6507497,1.6572915
R2748,1.9511348,2.016994,2.0009046,1.9863366,1.9726185
R2749,1.2844113,1.3560307,1.4182315,1.4603376,1.4802097
R275,2.4572215,2.5509796,2.5399187,2.535158,2.5159914
R2750,1.2325056,1.2592144,1.2332321,1.1934887,1.1477227
R2751,2.7519307,2.6579216,2.597036,2.5650887,2.5246615
R2752,2.976627,3.0008674,2.9902596,3.021281,3.029743
R2753,1.2702025,1.2260375,1.2429187,1.2408203,1.2016997
R2754,2.377303,2.3850121,2.3913975,2.399542,2.389806
R2755,1.613347,1.7162701,1.77801,1.7974312,1.7872598
R2756,1.1341964,1.1767814,1.2130523,1.2012613,1.1420944
R2757,1.6156788,1.5745139,1.5689071,1.5670725,1.5433698
R2758,1.5339881,1.5578516,1.5503491,1.5333979,1.5098183
R2759,2.134398,1.9794383,1.923978,1.9001644,1.8796451
R276,3.036376,3.239998,3.306279,3.3717592,3.4016933
R2760,0.16672754,0.10864719,0.086379305,0.083400786,0.08983073
R2761,2.1654403,2.1532145,2.1526327,2.181996,2.220573
R2762,2.2779691,2.2818842,2.2386508,2.1929047,2.1124873
R2763,2.2942793,2.2411907,2.2135503,2.185932,2.1452756
R2764,2.5654263,2.5507176,2.5276394,2.5280778,2.5309653
R2765,1.6271803,1.639629,1.6845251,1.735834,1.7810032
R2766,2.8423493,2.860217,2.8332653,2.8003497,2.7513635
R2767,1.9458987,2.0633726,1.9626881,1.806234,1.6643541
R2768,1.3009197,1.3441871,1.4064454,1.4481591,1.4674041
R2769,1.6227492,1.676053,1.6955603,1.7079623,1.6998006
R277,1.0067585,0.8624935,0.74093366,0.6653419,0.62474376
R2770,2.4224052,2.3962107,2.3354185,2.280774,2.2169337
R2771,2.6881797,2.6177318,2.5623972,2.5663178,2.5759346
R2772,1.5150355,1.5731653,1.6022971,1.6090037,1.592007
R2773,0.17662188,0.14905205,0.13036588,0.1201573,0.11701527
R2774,0.07440296,0.1303713,0.18296078,0.23586118,0.2944249
R2775,0.09199762,0.075837225,0.06713578,0.06510569,0.06713119
R2776,0.32964045,0.17289042,0.10614731,0.09658715,0.12723064
R2777,0.14674674,0.13719922,0.1310009,0.13305432,0.14143813
R2778,0.020781904,0.027350873,0.032728747,0.039396137,0.047753394
R2779,0.11559241,0.11017406,0.10286201,0.099246144,0.099580616
R278,2.8450553,2.8627353,2.8126934,2.783367,2.745427
R2780,0.05331856,0.04218808,0.037281066,0.036491975,0.037782848
R2781,0.18094632,0.19732496,0.21063757,0.2229622,0.23772648
R2782,0.0234233,0.037787765,0.05161555,0.06837317,0.08931801
R2783,0.1863024,0.15731877,0.14401177,0.14235047,0.1502835
R2784,0.9001559,0.7634938,0.62094367,0.48751274,0.38526374
R2785,0.118528664,0.10885958,0.102276295,0.101674125,0.10549893
R2786,0.09051648,0.069224015,0.05921927,0.055651873,0.055634037
R2789,0.0132109225,0.045008168,0.066997245,0.08915955,0.11755945
R279,1.2436792,1.3208296,1.344968,1.3485557,1.32688
R2790,1.1541413,1.3279593,1.487355,1.6231525,1.7398107
R2792,0.36654928,0.39645952,0.40150958,0.38911924,0.3738538
R2793,1.5406729,1.3993226,1.2525979,1.1172606,1.0009646
R2796,0.12870216,0.17495199,0.23878999,0.31335968,0.40391785
R2798,0.013784766,0.030144244,0.0508475,0.06649724,0.08135608
R2799,0.28488928,0.24727198,0.23089834,0.21945456,0.21344642
R2800,0.0,0.0,0.015108809,0.03238924,0.0502218
R2801,1.1857721,1.1391351,1.0887865,1.0460154,1.0178255
R2802,0.049454242,0.11113439,0.1690704,0.22272466,0.2814374
R2803,0.5952131,0.5670302,0.5098291,0.439531,0.37282625
R2804,0.0,0.020577803,0.053805977,0.09385659,0.15183882
R2805,0.40290004,0.49614736,0.62447894,0.71632606,0.7684934
R2806,0.15886071,0.22690293,0.29505295,0.34926456,0.39412612
R2807,0.44439673,0.5060768,0.57649994,0.62167484,0.64245284
R2809,0.0,0.0,0.0,0.0011429042,0.009889498
R281,0.6683252,0.58584553,0.49759382,0.42594945,0.37678927
R2810,1.0915787,0.9685395,0.8819102,0.82104886,0.7825992
R2811,1.0954189,1.1268915,1.1034644,1.0668774,1.0374742
R2812,0.0,0.027087063,0.05647756,0.078262374,0.10133928
R2813,0.5724243,0.6721595,0.7566359,0.80351734,0.82282364
R2814,0.45343065,0.38459957,0.36572006,0.3526446,0.3426769
R2815,0.9274459,1.0237437,1.0863379,1.1233912,1.1392688
R2816,0.95346856,0.96333647,0.959785,0.94008946,0.90623915
R2817,0.12089466,0.25095347,0.44031122,0.611246,0.7240281
R2819,1.1018698,1.2573351,1.4346255,1.5901725,1.7035507
R282,0.45897266,0.53153056,0.5643785,0.5717081,0.57143223
R2821,0.0,0.0,0.01130119,0.026026621,0.037645176
R2822,0.112727106,0.16208202,0.20507789,0.24443938,0.2907228
R2823,1.2061214,1.2137569,1.2344315,1.258724,1.2884011
R2825,1.0155426,1.0306845,1.0684228,1.105804,1.1329685
R2826,0.18337476,0.30240014,0.44248754,0.5873871,0.71338785
R2827,0.47027123,0.47552696,0.4854235,0.47933137,0.4629293
R2828,0.5056688,0.44754714,0.41824573,0.3821628,0.3410658
R2829,0.35051745,0.42867497,0.5272497,0.6023588,0.6512914
R283,0.7181355,0.68753886,0.67201626,0.64148915,0.6061293
R2830,0.20400041,0.28222054,0.3873133,0.49729657,0.5895761
R2833,0.04706879,0.06387548,0.09431544,0.11575688,0.132474
R2834,0.46751451,0.45811403,0.46106207,0.4483918,0.43249798
R2835,0.99255645,0.8941636,0.77902865,0.6864549,0.61912227
R2836,0.28065905,0.18024102,0.14239733,0.12463084,0.1149375
R2837,0.70857775,0.71107566,0.7252637,0.74024534,0.7570913
R2838,0.016006708,0.016679972,0.020274967,0.02377358,0.028178826
R284,0.30266172,0.3764763,0.4553542,0.5243869,0.579741
R2840,1.1822518,1.2305483,1.2650608,1.2749898,1.2635791
R2841,0.018685043,0.1036687,0.20603116,0.3114397,0.42427498
R2842,0.90926075,0.87744665,0.8022753,0.6924165,0.5795936
R2843,0.040477797,0.030458257,0.023834348,0.021557778,0.022178411
R2844,0.07067458,0.11271464,0.20711899,0.32171494,0.45871568
R2845,0.73428166,0.73939836,0.7540629,0.7239243,0.66035414
R2846,0.048047766,0.08282073,0.12831654,0.17895678,0.2318335
R2848,0.7799728,0.63048685,0.5527357,0.51420957,0.50864565
R285,0.045663178,0.03550227,0.03362307,0.03741534,0.044531137
R2850,0.78164506,0.75872505,0.7324786,0.70101094,0.6655133
R2851,0.53253055,0.5011076,0.4920143,0.47302443,0.44045174
R2852,1.1483371,0.95543575,0.6857872,0.44712844,0.30628824
R2853,0.49738693,0.40201908,0.32806563,0.28944162,0.2774545
R2854,0.09093286,0.17339312,0.29229814,0.41206032,0.5158069
R2855,0.02660288,0.122297935,0.19442524,0.25861987,0.31887484
R2856,1.0324936,1.0394591,1.0452306,1.0263805,0.9908773
R2857,0.642919,0.7048745,0.7954309,0.8789687,0.9483619
R2858,0.62117577,0.567626,0.5294349,0.48088658,0.43071234
R2859,1.4400359,1.4974447,1.5411041,1.5526432,1.5417488
R286,1.206556,1.1516049,1.0890726,1.0176185,0.94804657
R2860,0.061658353,0.08405581,0.11553821,0.15113038,0.19482236
R2861,0.41291836,0.4097965,0.40956149,0.40702224,0.40285054
R2862,0.83336306,0.84874225,0.8500743,0.82380354,0.78272295
R2863,0.038034543,0.059347183,0.10548061,0.17670271,0.29305744
R287,0.46496236,0.4032073,0.37208524,0.36142427,0.36699915
R2872,1.0949516,1.0873433,1.0491035,0.9888618,0.91938865
R2873,0.37998918,0.3798113,0.39955753,0.41773978,0.4487248
R2874,0.7580596,0.94602203,1.1601667,1.3256669,1.4225881
R2875,0.0046099126,0.033804506,0.055785894,0.07317518,0.09209126
R2876,0.31422824,0.16970494,0.10698929,0.08160666,0.071510255
R2878,1.0761807,1.0227058,0.9643614,0.8880856,0.80167115
R2879,0.0,0.004700616,0.011332288,0.013688326,0.015022665
R2881,0.0050448924,0.009335816,0.0066044778,0.0045188665,0.003253758
R2882,0.89017844,1.0094761,1.0977272,1.1706696,1.2331737
R2883,0.11250809,0.16320397,0.24730776,0.35988542,0.4970871
R2887,0.2599745,0.19693589,0.20544773,0.24357313,0.30474052
R2888,0.61715174,0.5883738,0.5543003,0.5202575,0.49134997
R2889,0.0,0.0,0.01093477,0.027117968,0.039546102
R289,0.41404784,0.29424542,0.20371461,0.14935441,0.120550364
R2891,0.21376821,0.28998166,0.39405936,0.49640158,0.574392
R2892,1.4204539,1.4873161,1.5279806,1.5510044,1.5662466
R2893,1.4616448,1.3688216,1.2441131,1.120258,1.0119256
R2896,0.0,0.007460773,0.03787741,0.073853254,0.12740143
R2898,0.5201242,0.48882923,0.4509059,0.42841324,0.42426938
R2899,0.6934611,0.71702766,0.7223617,0.7074293,0.683603
R290,0.06853178,0.05495432,0.052275166,0.055903256,0.06458637
R2902,0.9230964,1.0082983,1.1081733,1.2041426,1.2831124
R2903,0.81028605,0.87243676,0.9494808,1.0273151,1.1018351
R2904,0.14525206,0.20361176,0.31059122,0.43833002,0.5752833
R2907,0.0,0.0,0.0,0.0012880117,0.004510209
R2908,0.49601814,0.6168667,0.7501117,0.82871556,0.85171163
R291,1.5681062,1.4224468,1.2597655,1.120527,1.0169042
R2911,0.07347867,0.08967289,0.11293413,0.1353867,0.16211337
R2912,0.57281923,0.43666708,0.36380142,0.3080023,0.26291728
R2914,0.0,0.036917597,0.09248763,0.17271769,0.28918818
R2919,0.11263254,0.15193819,0.20816329,0.25236815,0.29009506
R292,1.5515501,1.3592397,1.1439775,0.9337574,0.74045897
R2921,0.1722914,0.16370046,0.18075839,0.20634931,0.2380783
R2922,0.48366448,0.3994311,0.33873448,0.3087874,0.30368274
R2923,1.2964954,1.2085776,1.0444349,0.857322,0.68603903
R2924,1.0406761,1.0885476,1.0975252,1.106934,1.1258266
R2925,0.53676337,0.61147106,0.6921264,0.76043,0.8215157
R2926,0.038950995,0.038333654,0.03809692,0.040679425,0.045188144
R2927,0.48190963,0.32432413,0.21789226,0.16515829,0.14178388
R2928,0.0020690411,0.0013549924,0.0,0.0,7.772446e-05
R2929,0.38245103,0.21513861,0.14365819,0.10555932,0.08474831
R293,0.4721154,0.6243927,0.85665214,1.1186908,1.3514137
R2930,0.52018476,0.6063183,0.6873691,0.7434132,0.770066
R2931,1.6110806,1.4961356,1.3933625,1.2976319,1.2071177
R2932,0.35889697,0.310354,0.2989307,0.30330056,0.32067356
R2933,1.281743,1.2776699,1.2687463,1.2662687,1.2588952
R2934,0.14670372,0.15446454,0.14059974,0.13232443,0.12993157
R2935,0.0,0.0,0.0,0.00086301565,0.0045036227
R2936,0.8637581,1.0055275,1.0805085,1.1303387,1.1644918
R2937,1.2442734,1.3411096,1.4000412,1.4551413,1.5031945
R2938,0.97580576,1.014878,1.0218576,1.0082759,0.99650586
R2939,0.04434663,0.0415864,0.04233411,0.046874255,0.05315554
R294,0.5418953,0.56001174,0.5685263,0.578065,0.5788492
R2940,0.023424864,0.043849215,0.059515715,0.07255475,0.0864439
R2941,0.5132351,0.63334846,0.7699157,0.9063784,1.0325971
R2942,0.84502745,0.78032017,0.7074959,0.6178156,0.5298059
R2943,0.027378306,0.03717953,0.038923174,0.040340543,0.043576926
R2944,1.593568,1.8013444,1.9690802,2.1061237,2.2155232
R2945,0.0,0.017499432,0.021563098,0.02589646,0.0314952
R2946,0.23045565,0.23894262,0.26733956,0.30062142,0.33009577
R2947,0.5400084,0.5700772,0.64356965,0.7003563,0.7267147
R2948,0.0009597391,0.0,0.0,0.0,0.0
R2949,0.059324116,0.05228424,0.052338764,0.05792871,0.067221284
R295,1.5914334,1.2321395,0.8618784,0.5719665,0.3919384
R2950,0.061140984,0.07151446,0.08142039,0.09819637,0.124498025
R2951,0.61383486,0.7417091,0.7939216,0.82338023,0.8517307
R2952,0.30992755,0.1905892,0.14036539,0.123131976,0.12221609
R2953,0.5328001,0.537989,0.5674182,0.58133554,0.5836196
R2954,0.4091035,0.5147227,0.6178082,0.67785215,0.6945934
R2955,0.32435086,0.3472216,0.3914996,0.43070504,0.45947355
R2956,1.1848698,1.2370415,1.2130427,1.2056638,1.2136652
R2957,0.783502,0.95820296,1.1010658,1.209741,1.2956512
R2958,0.31580013,0.21189392,0.16060746,0.14210951,0.13861814
R2959,0.066539526,0.059464604,0.06217727,0.071221516,0.084485844
R296,2.363977,2.1068413,1.7194587,1.285049,0.903635
R2961,0.2326496,0.23203152,0.21753292,0.20467778,0.19682866
R2962,0.38229597,0.34307915,0.33760506,0.34579468,0.36208543
R2964,0.030284598,0.034274608,0.042905882,0.05223699,0.063123465
R2969,0.0,0.002716139,0.0101830065,0.015148848,0.020369828
R297,1.1685717,1.0737644,1.0125579,0.92245424,0.8323312
R2974,0.42528093,0.23605536,0.16089287,0.123774305,0.103526376
R2977,0.0,0.0060696006,0.015065461,0.02033417,0.024385303
R2979,0.18298018,0.15898244,0.15578052,0.15369326,0.1504536
R298,0.11068391,0.16790411,0.22774124,0.26906562,0.2915851
R2981,0.31873125,0.30125642,0.32136804,0.34427997,0.37994897
R2982,0.112838045,0.097574234,0.098313615,0.10156171,0.105488546
R2983,0.0,0.0007741451,0.022468463,0.039086044,0.05565311
R2984,0.10633462,0.09555428,0.09557569,0.099440694,0.1070929
R2985,0.05806674,0.049189955,0.046135515,0.04647982,0.04885985
R2986,0.068179116,0.04871072,0.05576101,0.0674566,0.079929724
R2987,0.0,0.0,0.0,0.0,0.0
R299,0.8977603,0.7724116,0.6352167,0.50009286,0.40006712
R2990,0.05633849,0.058424026,0.062662944,0.06898694,0.077055246
R2991,0.0,0.0,0.0,0.013786346,0.028274998
R2994,0.15828037,0.06844355,0.053144813,0.048101828,0.04711424
R2998,0.06114009,0.06801207,0.068951204,0.07066193,0.07415111
R2999,0.0988158,0.053997457,0.04083693,0.041308567,0.04330571
R3,0.062644705,0.10609524,0.16506675,0.24882244,0.35581294
R30,0.030269325,0.04905218,0.07015045,0.08999966,0.110338606
R300,0.51858723,0.37350005,0.2834613,0.23267762,0.2067241
R3000,0.04657966,0.04047382,0.040899172,0.045517787,0.05250193
R3003,0.11380861,0.0803611,0.059591874,0.04726374,0.039605543
R3004,0.0,0.0,0.0,0.0,0.015964553
R3007,0.028133184,0.042925775,0.059001297,0.07105827,0.081639394
R301,0.022260383,0.046564132,0.08177765,0.13726202,0.22419535
R3011,0.01160118,0.019907385,0.026970759,0.03468488,0.043054387
R3014,0.1783205,0.13220796,0.11617899,0.10869912,0.106364876
R3017,0.034345627,0.02166766,0.019362852,0.019947007,0.021391183
R302,2.4032354,2.1284637,1.8015354,1.4905957,1.245475
R3020,0.02596739,0.016810924,0.014078155,0.015614465,0.019589156
R3021,0.05652842,0.04022707,0.033494055,0.03130707,0.0314205
R303,0.36998695,0.19964966,0.10826568,0.07280144,0.05659367
R3031,0.038499817,0.022839502,0.0170988,0.015214607,0.014989316
R304,1.0597813,0.75367045,0.5033696,0.35835028,0.29011554
R305,0.36047715,0.33106542,0.29466313,0.26427284,0.24248475
R306,1.0641688,1.3887577,1.7070924,1.9617062,2.1210773
R3062,0.03400415,0.017833278,0.014537692,0.015516326,0.01846233
R3063,0.05645907,0.029588044,0.01725763,0.011241674,0.007990748
R307,0.083653435,0.099197835,0.13598005,0.19139509,0.26190653
R3070,0.03209482,0.018915415,0.016338065,0.016779184,0.018038526
R3073,0.053552523,0.047109395,0.045387924,0.04854822,0.055537373
R3076,0.035545826,0.029777944,0.029368252,0.03273721,0.038204
R308,1.2908969,1.2145303,1.1408162,1.0771726,1.0240446
R3087,2.1065643,2.1957865,2.204862,2.207376,2.197182
R3088,1.0540634,0.98864007,0.9084207,0.82566345,0.74913466
R3089,1.4930886,1.6032495,1.6017673,1.5982134,1.5920614
R309,0.070773736,0.071824834,0.087935075,0.11122294,0.13747282
R3090,2.5456083,2.598779,2.5068767,2.4035597,2.2944887
R3091,2.799156,2.8631876,2.9147694,2.9744146,3.0184236
R3092,1.062272,1.2159352,1.2470909,1.2594147,1.2643485
R3093,1.9083204,1.9438798,1.9018505,1.8556195,1.8018699
R3094,3.7042124,3.9448907,4.0536966,4.128991,4.152765
R3095,1.9347193,1.6105752,1.3534392,1.2054987,1.0923944
R3096,0.20512944,0.16416383,0.14510898,0.13798013,0.1388233
R3097,3.1587863,3.093194,3.0431747,3.0241857,3.0033157
R3098,1.6465138,1.7218719,1.7556053,1.781544,1.7960508
R3099,2.955657,2.8607945,2.77978,2.7377515,2.7097719
R31,0.48857382,0.3494091,0.1870385,0.11681367,0.09028365
R310,0.05966337,0.12016739,0.26439846,0.56349623,0.934734
R3100,3.7206995,3.7849002,3.8080723,3.8309312,3.8340094
R3101,0.44340226,0.3941461,0.3642134,0.34077844,0.32000795
R3102,2.7946777,2.9137843,3.0010986,3.0518143,3.0561488
R3103,0.50176895,0.46393365,0.44707227,0.46196753,0.5042285
R3104,2.2943738,2.2995524,2.3192554,2.3598123,2.402541
R3105,0.7630328,0.82101476,0.8367897,0.8663969,0.89629674
R3107,0.4910132,0.62995434,0.7425208,0.8278296,0.89474237
R3108,1.8273757,1.7688984,1.705983,1.6733451,1.6394325
R311,0.17506997,0.2752367,0.57100606,1.0254023,1.4081398
R312,1.6171277,1.4179194,1.2531478,1.1157994,1.0067179
R313,0.07507543,0.06141731,0.056199864,0.054720074,0.055804938
R314,0.27440476,0.32705986,0.3801895,0.44208318,0.5058281
R315,1.7060124,1.5821825,1.4817318,1.4026738,1.3372041
R316,2.6895113,2.5140038,2.1920516,1.8252764,1.4637727
R317,1.4741956,1.3230336,1.223098,1.1334378,1.0507327
R318,1.6379685,1.576458,1.4997863,1.4148259,1.3306674
R319,1.4232578,1.2491065,1.076733,0.90581405,0.75115764
R320,0.04177755,0.025528014,0.02521722,0.032375097,0.044159397
R321,0.43804055,0.4544645,0.4606554,0.44919243,0.43140537
R322,0.3246565,0.5479301,0.90445924,1.1959772,1.4137266
R323,0.013549805,0.064199135,0.15205926,0.3303197,0.6183672
R324,0.19857588,0.16839404,0.14845541,0.13919652,0.13742247
R325,1.7722226,1.1449189,0.57427263,0.26818758,0.16889995
R326,1.0643895,0.86272633,0.6669536,0.51214576,0.41703266
R327,0.025361761,0.077580646,0.15810739,0.2597579,0.36509553
R328,0.57745093,0.3974121,0.27840954,0.22240625,0.19686708
R329,0.39626393,0.26185346,0.18352401,0.14064363,0.11877738
R33,0.14060098,0.2262017,0.39785278,0.636429,0.8566587
R330,0.4326539,0.45706654,0.47194374,0.4730023,0.45647472
R331,1.1076007,0.9113519,0.7151453,0.55080974,0.4288869
R332,0.46976793,0.46364024,0.535179,0.6238706,0.68734735
R333,1.4701626,1.1566455,0.90081334,0.70708287,0.57101774
R334,1.0974863,1.0485322,1.0257154,0.9808196,0.9114431
R335,2.5912623,2.4492764,2.3382175,2.2152615,2.084715
R336,1.1423731,1.067905,0.9194331,0.7416668,0.57443684
R337,1.0331581,1.4428779,1.808415,2.1275685,2.3500319
R338,3.2710834,3.0563645,2.7575727,2.4215612,2.0944412
R339,1.498905,0.96510744,0.47771174,0.24642389,0.16957858
R34,0.8650844,1.1938382,1.5510345,1.8838431,2.1616433
R340,2.0398626,1.5068021,0.89259386,0.45961156,0.2731175
R341,1.5902164,1.3041792,1.0034199,0.7228697,0.52389705
R342,0.8235706,0.40021348,0.21549863,0.14222308,0.108897544
R343,1.4695737,1.2395446,0.9880409,0.7454548,0.5443814
R344,1.365116,1.1455487,0.99161136,0.8958727,0.83843017
R345,1.9423199,1.7492055,1.4990394,1.2293506,0.9713794
R346,0.88774383,0.989082,1.051142,1.0630757,1.0335531
R347,1.7009643,1.4508965,1.1387304,0.83655584,0.60538805
R348,0.3393821,0.6722697,1.1391178,1.5472888,1.854328
R349,1.2960688,1.011521,0.7892823,0.6286899,0.52164346
R35,0.6640136,0.78721094,0.9264643,0.998006,0.9965538
R350,1.4016255,0.87315166,0.45893732,0.2507999,0.17382123
R351,1.1686751,1.0351535,0.9193727,0.81983054,0.741192
R352,0.22985171,0.15163702,0.11599454,0.10074422,0.094421595
R353,0.09950471,0.17345248,0.27772775,0.38260174,0.47610378
R354,0.72629476,0.5367006,0.36017576,0.24635708,0.1884485
R355,0.45103455,0.42848617,0.45857486,0.5283417,0.60445356
R356,0.03777446,0.056613937,0.08123051,0.108733386,0.13913202
R357,0.35827363,0.43683887,0.4568068,0.45075887,0.4414908
R358,0.45634288,0.7253361,1.0059304,1.2698799,1.5256622
R359,1.587429,1.0779654,0.42655224,0.18698825,0.13916427
R36,0.011480004,0.047288075,0.08453967,0.1426783,0.2347739
R360,1.425276,1.4561324,1.51922,1.5675423,1.5868101
R361,1.6133646,1.0901631,0.60632014,0.33291832,0.22647855
R362,0.7623893,0.6814984,0.5640827,0.5180319,0.53392464
R363,0.61756563,0.7391051,0.83935225,0.91916096,0.9667026
R364,0.3291776,0.6856759,1.0215791,1.265801,1.4254351
R365,0.53884435,0.71276104,0.8956369,1.0063267,1.0243797
R366,0.15559536,0.25490174,0.3364808,0.3954433,0.4423268
R367,0.8471354,0.8407965,0.86012876,0.86673045,0.8552973
R368,0.022175223,0.037802324,0.05746375,0.07956472,0.104273014
R369,0.9024211,1.1705184,1.5032588,1.8408103,2.1177409
R37,0.21892479,0.34632152,0.6058419,0.94303334,1.2567297
R370,2.1276114,2.0385249,1.7295517,1.3545448,1.0091194
R371,1.8360095,1.7222772,1.5734389,1.3865136,1.1760032
R372,0.19191991,0.19707306,0.18090114,0.16497977,0.15717892
R373,0.04008144,0.09136151,0.14235973,0.18896842,0.22988306
R374,2.5447013,2.1264758,1.5786152,1.0390004,0.5977404
R375,1.5603795,1.4842343,1.2238351,0.87720037,0.57022464
R376,0.203892,0.27532518,0.32971895,0.36774388,0.40080076
R377,0.5271952,0.788043,1.1421871,1.5256051,1.8946191
R378,0.1808258,0.23087445,0.2835263,0.32690954,0.3605259
R379,2.3685791,2.1601975,1.8845582,1.600402,1.3572987
R380,1.4390295,1.5216849,1.6062577,1.6149178,1.5494003
R381,0.4601561,0.64413023,0.83083296,0.97743535,1.0784445
R382,0.4271472,0.63259196,0.8168385,0.9517311,1.0500554
R383,0.3203927,0.37043017,0.44745868,0.521101,0.5841455
R384,0.0739232,0.08711626,0.112017035,0.13567428,0.15723705
R385,1.3990759,1.5056946,1.6517645,1.7396309,1.7604344
R386,0.0011680275,0.006968379,0.013417691,0.02067089,0.029397368
R387,0.0,0.0,0.0,0.0,0.0027316213
R388,0.766361,0.7952484,0.8142601,0.81781816,0.79810655
R389,0.015017435,0.015731022,0.018561125,0.023273185,0.030361816
R390,0.10589484,0.15912533,0.2292228,0.32396123,0.44310325
R391,1.3039283,1.4487066,1.560284,1.6217057,1.6400229
R392,0.044276565,0.060626447,0.079120755,0.097862825,0.11666404
R393,0.039168134,0.059360936,0.08591023,0.11705189,0.1520137
R394,0.59018373,0.6077683,0.6725842,0.7326015,0.7619864
R395,0.11972095,0.17771587,0.24472803,0.32817397,0.4248304
R396,0.014016673,0.01901488,0.024203137,0.030020118,0.03695877
R397,0.78561306,1.0201749,1.3016555,1.5288326,1.6655223
R398,1.7368171,1.8206133,1.8669584,1.8458999,1.7699782
R399,0.3796033,0.53651613,0.7093894,0.8683504,0.9940797
R4,0.40451556,0.68044245,1.115702,1.500014,1.8054672
R400,0.0,0.0,0.0,0.0038424432,0.010780945
R401,0.87806547,0.91155076,0.88675594,0.8598714,0.8421016
R402,1.8479316,2.1619794,2.4660306,2.5914416,2.523744
R403,1.5211958,1.465526,1.2524444,0.9505358,0.6479747
R404,0.025911316,0.044101566,0.061032757,0.079382285,0.10307516
R405,0.004184842,0.018591627,0.0372549,0.06142035,0.09321843
R406,0.035865158,0.04305722,0.050997302,0.05936256,0.06851071
R407,0.11927875,0.077412054,0.06690487,0.06481731,0.067578405
R408,0.12613453,0.11795077,0.119974576,0.12534593,0.13112694
R409,0.05106783,0.10065287,0.16482541,0.25593182,0.38079262
R41,0.8997669,0.9106406,0.8983847,0.86872745,0.8184699
R410,0.48115775,0.7939105,1.120409,1.437662,1.6994065
R411,1.2720098,1.4257995,1.607908,1.7700851,1.8958746
R412,2.017843,1.8947066,1.5379668,0.9899312,0.50376785
R413,0.048812017,0.02867648,0.023876354,0.023978576,0.02679865
R414,1.4905742,1.8265117,2.1452317,2.372284,2.456198
R415,1.0155301,1.0348821,1.0731466,1.096426,1.0992419
R416,0.0,0.0,0.0056733936,0.017097116,0.030374676
R417,0.030011877,0.06313819,0.09504302,0.12675717,0.160231
R418,1.9714392,2.3578649,2.7034013,2.8524818,2.7975788
R419,0.0018697828,0.0,0.0,0.0,0.0055967867
R42,0.06988345,0.14896199,0.29632962,0.5045868,0.72266406
R420,0.54645216,0.6542536,0.7355802,0.75711226,0.73925805
R421,2.2548683,2.0619314,1.6769708,1.137677,0.650877
R422,0.65720797,0.64947695,0.61496216,0.56814075,0.5234795
R423,1.0269192,0.99063504,0.7872338,0.5651978,0.4016475
R424,0.97043335,1.2289791,1.4743599,1.6497008,1.7757689
R425,0.006141782,0.01572153,0.025192305,0.034581482,0.04485245
R426,0.0,0.00047813356,0.0108421,0.023006082,0.037331432
R427,0.011084914,0.027084962,0.034731835,0.04230681,0.051729485
R428,0.75973725,1.0145932,1.3447881,1.6486888,1.87509
R429,0.281301,0.23804717,0.19569457,0.16060129,0.13595654
R43,0.017539024,0.021715283,0.025544688,0.029487371,0.03402689
R430,1.0796982,1.3595114,1.6404822,1.892286,2.0669436
R431,0.086650625,0.112311184,0.136507,0.16170885,0.18960401
R432,0.77157986,0.7515156,0.7468283,0.7554306,0.76832867
R433,1.677104,1.9481719,2.2353585,2.4041278,2.4163697
R434,0.8304821,1.015608,1.2713242,1.5376772,1.7641661
R435,2.3852224,2.5465164,2.6778011,2.6210418,2.4252687
R436,0.11745574,0.18079674,0.24230926,0.31067306,0.38026452
R437,0.329559,0.42451674,0.5479381,0.6914674,0.81743
R438,2.1150522,2.0622177,2.0908165,2.087427,2.0442553
R439,0.563161,0.87316287,1.1270783,1.3414263,1.4976077
R44,0.9532449,1.2232009,1.5456295,1.8362837,2.0552151
R440,2.6066103,2.416063,2.0076766,1.5041052,0.98867893
R441,0.72611666,0.91460645,1.1117527,1.2860442,1.4126048
R442,1.0858855,1.2570546,1.4454551,1.6102254,1.725107
R443,0.05989249,0.104859844,0.172451,0.27061182,0.4034204
R444,0.097531274,0.061056465,0.048066884,0.04218954,0.040243685
R445,0.51377654,0.72672755,0.9190186,1.090128,1.2390839
R446,0.68815243,0.69214654,0.7454188,0.8283185,0.89605534
R447,0.10062492,0.073686436,0.06704821,0.06402904,0.06352602
R448,0.60874116,0.55922824,0.46143165,0.37854415,0.33133346
R449,0.5383059,0.4055412,0.3242981,0.27462837,0.2502303
R45,0.0005158931,0.006506622,0.010904387,0.01601836,0.021995872
R450,0.0,0.0013805032,0.02910097,0.064609066,0.111129455
R451,0.31465182,0.43175828,0.5684955,0.69232476,0.7888359
R452,0.116858885,0.12950188,0.13960484,0.15030143,0.1645168
R453,0.007612735,0.018990189,0.03273888,0.051160038,0.075821266
R454,0.23501256,0.22350451,0.2265275,0.24162076,0.2609201
R455,0.025884062,0.043238446,0.055694938,0.06650728,0.077955484
R456,0.19430526,0.17085949,0.17523876,0.20535946,0.25619912
R457,1.4895804,1.8326104,2.252874,2.5858936,2.721477
R458,0.85581267,0.84785295,0.8075968,0.77733016,0.7542299
R459,1.8467665,1.9309622,1.9905518,2.0192258,2.028179
R460,0.2638559,0.30140555,0.37135008,0.45410988,0.5201833
R461,1.547437,1.1332853,0.7183828,0.4393504,0.29480037
R462,0.5152252,0.51798946,0.4629265,0.39868268,0.3442855
R463,0.09095755,0.05695352,0.046124727,0.04360649,0.044220597
R464,0.36078304,0.43344554,0.5821063,0.7514365,0.87812114
R465,1.1280414,1.3850193,1.7786868,2.1682725,2.406184
R466,0.4357947,0.74093604,1.0619397,1.3174442,1.4815347
R467,0.67414516,0.94249487,1.2328405,1.4752064,1.6291018
R468,1.1782368,1.1373363,1.0738242,0.99944234,0.9191724
R469,0.47858608,0.564384,0.69486666,0.8136457,0.9050741
R470,0.061526626,0.17435527,0.3571133,0.5659257,0.77724504
R471,1.0211811,0.9082663,0.77777445,0.6339147,0.5049738
R472,0.0,0.0077224523,0.017631441,0.02964452,0.04472263
R473,0.20498022,0.16608575,0.14966984,0.14159825,0.13917994
R474,1.1582919,1.2611113,1.3390456,1.3646507,1.3390625
R475,0.60222244,0.6690089,0.69239396,0.68814194,0.6709656
R476,0.3659186,0.37293273,0.35190323,0.33964837,0.33660224
R477,0.13293532,0.31012613,0.5337847,0.7531595,0.9131117
R478,0.064887315,0.0873504,0.11398312,0.14765893,0.19137962
R479,0.28864118,0.37534645,0.5049167,0.6120703,0.6783004
R48,1.6051995,1.967919,2.3320508,2.5508463,2.5717418
R480,1.2373749,1.2819589,1.3264036,1.3389721,1.3178823
R481,0.42876253,0.4954905,0.5912827,0.67242336,0.7296225
R482,2.8031044,2.6562827,2.2727487,1.788855,1.3005118
R483,0.7547504,0.85889685,0.81230843,0.6939135,0.56435287
R484,1.3080072,1.6243931,1.980366,2.283168,2.4527943
R485,0.04000853,0.051889583,0.06841971,0.093906656,0.13011697
R486,0.6859449,0.9686513,1.3418777,1.6915337,2.0073261
R487,0.73010015,0.9363955,1.175148,1.3741252,1.5160074
R488,0.35394323,0.38648158,0.44261736,0.5091734,0.5756216
R489,0.9790975,1.0978875,1.2050796,1.3027369,1.3742003
R49,0.12321005,0.1170035,0.13515669,0.17384425,0.23526193
R490,1.1307567,1.0475765,0.991577,0.9500679,0.9339448
R491,0.10111375,0.09468871,0.09925228,0.10805837,0.11862154
R492,1.6635166,1.7168092,1.7343844,1.6861154,1.5986217
R493,0.7335167,0.84884477,0.8801172,0.8329134,0.7291416
R494,0.06653148,0.040286332,0.03015548,0.027092531,0.028311819
R495,1.5574906,1.5427997,1.6284729,1.7112569,1.7712927
R496,2.0863285,1.8967571,1.9049578,1.8915398,1.8332052
R497,0.06687413,0.057638466,0.058995605,0.06545034,0.07807273
R498,1.2643315,0.83569765,0.42040494,0.22519484,0.1572987
R499,0.94306755,0.9360492,0.9148625,0.88156915,0.8327817
R50,0.031137213,0.03685987,0.038856775,0.04168479,0.04575801
R500,0.21776234,0.1837104,0.19788341,0.2413431,0.3174908
R501,1.039086,1.2914517,1.5542886,1.7869378,1.9760906
R502,0.0,0.006465152,0.017909318,0.03159602,0.04943812
R503,0.3715305,0.43524283,0.51364493,0.5804032,0.6298542
R505,0.078583,0.0702299,0.076772824,0.093683004,0.124454096
R506,0.07274586,0.12243964,0.19458555,0.29253823,0.4141025
R507,0.43371817,0.6022632,0.72237396,0.8125174,0.86540794
R508,1.7267575,1.9101717,2.1380355,2.332381,2.4682913
R509,1.6849355,1.4495655,1.1487347,0.8071035,0.52540135
R51,1.3307487,1.3892338,1.5011116,1.5662332,1.5661383
R510,0.6412797,0.86785936,1.1632748,1.4534217,1.726687
R511,1.4620235,1.5529611,1.7278993,1.8691926,1.954307
R512,0.0,0.002943486,0.01299499,0.023624986,0.036346167
R514,0.7875745,0.43537736,0.2287087,0.16375454,0.14045659
R515,0.4684563,0.5794937,0.6870426,0.78722167,0.8761251
R516,0.99892557,0.9912418,0.9649091,0.9273666,0.89146364
R517,0.029133558,0.0373161,0.0458782,0.05602771,0.06890656
R518,0.79832196,0.8019072,0.8124598,0.7880453,0.7362138
R519,0.18660362,0.21385626,0.23483108,0.26826292,0.32254848
R520,0.7073343,0.7294191,0.75777054,0.7734355,0.7780539
R521,0.10862823,0.12550715,0.15421239,0.19683181,0.25600964
R522,0.16141704,0.10454113,0.075599685,0.064897716,0.06077662
R524,0.12325989,0.106062956,0.10758099,0.11683481,0.13198727
R525,0.0,0.0,0.0,0.0018819422,0.0019021928
R526,0.47295237,0.44765007,0.4593552,0.48532924,0.5146189
R528,0.15921828,0.1702798,0.1881781,0.20366016,0.21555974
R529,1.1553465,1.1740185,1.2351159,1.2851121,1.3064147
R53,0.4401415,0.6116427,0.91370726,1.1932634,1.3871154
R530,0.049417987,0.040740073,0.03725697,0.03763187,0.039907545
R531,0.7510953,0.7044151,0.7042221,0.69334704,0.6736244
R532,0.7259519,0.6225544,0.53174865,0.46926838,0.42835894
R533,1.3353277,1.2570243,1.2525239,1.2640359,1.2721336
R534,1.3017416,1.3614948,1.3348213,1.2990533,1.2590247
R536,2.0361392,2.0211148,2.0095153,2.0152454,2.0232506
R537,0.0,0.014028028,0.018603161,0.021533191,0.02602616
R538,0.07773471,0.07448161,0.075322956,0.081221476,0.09126054
R540,0.19685781,0.24380861,0.3037942,0.37228644,0.44618616
R541,0.09240499,0.080996946,0.08294982,0.094495595,0.11289142
R542,0.02766943,0.023889333,0.024338126,0.026731238,0.030260518
R544,2.0843508,2.0416744,1.9862913,1.9550618,1.9323902
R545,0.12714925,0.07387076,0.054926813,0.046399117,0.042988256
R546,0.056008786,0.026917204,0.019775987,0.017372131,0.016994536
R547,1.720702,1.6692085,1.6041932,1.5302936,1.442809
R548,0.34006897,0.21022794,0.14273635,0.117541455,0.10958944
R549,0.029586896,0.027050719,0.02676721,0.028196141,0.02998121
R55,0.6923536,0.9368992,1.1806679,1.4223913,1.6697937
R551,0.6793573,0.7160398,0.7624073,0.8095046,0.8562491
R552,0.017893717,0.026185647,0.022306219,0.021192372,0.021164104
R553,1.5546973,1.5246601,1.5151625,1.5169781,1.5209053
R554,1.3527544,1.354548,1.3733133,1.3952447,1.4130161
R555,0.3654806,0.42687666,0.4706042,0.4898756,0.4869733
R556,1.1536297,1.138419,1.1469012,1.1549066,1.1550682
R557,0.3172709,0.20218666,0.13600627,0.11137437,0.10741419
R559,1.9648902,1.8715358,1.8196483,1.8257827,1.8360957
R56,1.7181196,2.141609,2.5929554,2.8935578,2.9939368
R560,0.007247865,0.013265938,0.011736184,0.012562677,0.0149458945
R561,0.5461037,0.48761594,0.4222023,0.35741073,0.3027903
R562,0.24319744,0.20162952,0.19423139,0.18669069,0.17888376
R564,0.18613602,0.13514006,0.111681834,0.10626633,0.11097592
R566,0.32118157,0.22177303,0.18910536,0.16779576,0.1528451
R57,0.21928114,0.3719012,0.73706865,1.1930323,1.559937
R570,0.9933673,1.0173861,1.0695589,1.1332082,1.205475
R571,0.8088062,0.8259522,0.8558333,0.89902246,0.9482825
R572,0.42884344,0.58930206,0.8053125,0.9747968,1.1156482
R573,0.088975936,0.05732651,0.046822876,0.041326538,0.03973645
R576,0.2995333,0.24994569,0.21560766,0.18873316,0.17085408
R577,0.06475288,0.052223533,0.045406044,0.043899193,0.04523149
R578,0.18083099,0.12913495,0.118083395,0.12139882,0.13376325
R579,0.728184,0.6918808,0.646343,0.6006987,0.55940497
R581,1.7173569,1.847617,1.9308649,2.0218396,2.1086242
R582,0.44026166,0.3438121,0.27849376,0.24402934,0.2273012
R583,0.030962422,0.024314255,0.019800305,0.017425984,0.01619193
R584,0.5599719,0.49106157,0.43337303,0.38899112,0.35977384
R586,0.61498547,0.54202986,0.51017094,0.480179,0.44544354
R587,0.8056191,0.7001712,0.6601,0.62994534,0.59638774
R588,0.122935854,0.15362076,0.18698993,0.21908684,0.24777043
R59,0.6990052,0.8988452,1.110439,1.2905316,1.4224117
R590,0.14347611,0.17701161,0.21565838,0.25638324,0.2959709
R593,0.02388607,0.037603706,0.048389435,0.06649807,0.09389913
R595,0.109273024,0.1076273,0.10722233,0.1106118,0.11794671
R597,0.09167817,0.073754266,0.06576891,0.064732686,0.067736715
R598,0.3129542,0.35964912,0.3702019,0.36097655,0.34857076
R599,0.24409533,0.20268762,0.20048049,0.21503964,0.24126935
R6,0.19179752,0.14013197,0.09266171,0.06740011,0.055193186
R601,0.30456245,0.22192176,0.2019336,0.2069091,0.22572944
R606,0.048454016,0.043026835,0.042105734,0.044571504,0.04962726
R607,0.054041654,0.04915732,0.045927897,0.04726562,0.05196491
R608,0.037793025,0.035099745,0.034591258,0.03724514,0.041919813
R609,0.12940484,0.16954109,0.20039603,0.23392063,0.27237943
R61,0.9592315,1.111436,1.2803929,1.4313449,1.5465977
R612,0.48377708,0.55744064,0.6593215,0.7370869,0.77561235
R614,0.14098367,0.22587727,0.3277,0.4124604,0.47576603
R615,0.09694147,0.09886582,0.10066815,0.105287164,0.11356382
R618,0.0155198425,0.027374089,0.036521718,0.050894946,0.07146342
R619,2.0261328,2.133737,2.1715045,2.2113225,2.2455523
R62,0.20804733,0.17267224,0.12582666,0.10161251,0.09287721
R620,0.65717745,0.5958242,0.53069127,0.49090576,0.4795595
R621,0.2952327,0.2151889,0.18086086,0.16769272,0.1648778
R623,0.37513325,0.3495874,0.30564997,0.27278495,0.25653976
R624,0.3935392,0.3266976,0.2705103,0.23263064,0.21189123
R626,1.3425786,1.4367504,1.4860961,1.5348665,1.5707866
R627,0.16036601,0.17065433,0.17586362,0.17925099,0.18460172
R629,0.3329598,0.23220791,0.1789133,0.14783657,0.12983456
R63,0.036794826,0.072217464,0.13087334,0.22003177,0.344669
R630,0.924716,0.89585245,0.8763716,0.8560841,0.82886624
R631,0.9411186,0.7910603,0.7295755,0.70756865,0.6996058
R633,0.42395145,0.4177118,0.36996156,0.32343864,0.29140717
R635,1.3557162,1.5186414,1.5793087,1.6195635,1.6411906
R638,1.0778984,1.3554877,1.6492438,1.9642785,2.206091
R64,0.50947213,0.66020656,0.8172257,0.94993985,1.0361586
R642,0.2754795,0.3124126,0.33457583,0.34117553,0.3407165
R645,1.1274292,1.1992377,1.2093312,1.2092382,1.2058271
R646,0.19010432,0.10293478,0.07967602,0.07641594,0.08071062
R647,0.7540549,0.7998687,0.83621037,0.8701571,0.9045787
R648,0.3961166,0.38430417,0.36242437,0.33355856,0.30745804
R649,0.11925705,0.083462015,0.07262035,0.06919156,0.06954333
R65,0.0012747347,0.04615991,0.19910681,0.49525636,0.8127723
R651,0.2624419,0.2601583,0.2359972,0.21252233,0.19935866
R653,0.49525896,0.3515209,0.29968587,0.2805678,0.28879642
R655,0.33316165,0.38561538,0.39493012,0.37367404,0.3492431
R659,0.03361973,0.036635578,0.040214017,0.047476992,0.05908601
R660,0.19749877,0.21094668,0.23243883,0.25694284,0.2884054
R663,0.29541165,0.30082402,0.27914768,0.25658026,0.2423458
R664,0.047933772,0.055112585,0.060214788,0.066669896,0.07441151
R665,0.3679151,0.39279336,0.40185344,0.3964985,0.38827175
R666,1.0428768,1.2636347,1.465572,1.6436615,1.7797936
R667,0.2970646,0.23794685,0.22442906,0.22366866,0.23111282
R668,0.0111534,0.0452317,0.07803993,0.12071907,0.18620822
R669,0.0,0.010614023,0.027227238,0.051249966,0.08330923
R67,0.03193286,0.07700877,0.13610083,0.22621028,0.3512938
R670,0.86627865,1.1115825,1.3419266,1.5277168,1.6584572
R671,0.62788945,0.59616876,0.5653845,0.55596054,0.5669114
R672,0.053135112,0.059536263,0.065520585,0.07591571,0.090866
R673,0.67936724,0.6934186,0.6910579,0.67045915,0.6395124
R674,0.3969782,0.22468346,0.13518277,0.09803122,0.08254559
R675,0.3901534,0.6178094,0.81852293,1.0042642,1.1561011
R676,1.3059129,1.5148653,1.6354119,1.6915298,1.689648
R677,0.0,0.0019672513,0.009406984,0.018226102,0.028550804
R678,1.599386,1.8203164,1.9934057,2.0610363,2.0386958
R679,1.8538065,2.1319048,2.3899047,2.565863,2.6103215
R68,1.5950019,1.5654573,1.5257072,1.4860398,1.4498245
R680,0.026305377,0.04326698,0.060781717,0.083217934,0.11360661
R681,0.0,0.011532694,0.035915375,0.06950243,0.12245004
R683,0.1524184,0.23926038,0.39429903,0.57579887,0.73743093
R684,0.2266897,0.113129504,0.062295377,0.04335496,0.034253314
R685,1.5887526,1.8364013,2.0545998,2.2417748,2.3779793
R686,0.690621,0.63283044,0.59080714,0.55911887,0.5329025
R687,1.2913541,1.455749,1.6072749,1.7044727,1.7392149
R688,0.36473498,0.46692544,0.57369024,0.6535294,0.71431094
R69,2.670933,2.701746,2.7201118,2.7133317,2.6764321
R690,0.28199798,0.17464712,0.122309215,0.10273022,0.098926514
R691,0.6180812,0.3885483,0.23161098,0.15572096,0.12793753
R692,0.36880085,0.47866815,0.59602606,0.6961557,0.77782786
R694,1.1594964,1.3289193,1.4429419,1.497083,1.4955094
R697,0.030490384,0.07803452,0.15393895,0.29319388,0.50861996
R698,0.031190276,0.09078817,0.18189076,0.3220301,0.49252746
R699,1.448186,1.6413724,1.7934948,1.9013059,1.9697744
R7,0.1280384,0.18475036,0.2245603,0.25056168,0.2715261
R70,2.1508698,2.0758088,2.0489697,2.0366597,2.0134375
R700,0.3012873,0.3145305,0.33881295,0.36452538,0.39587358
R701,0.0,0.003114149,0.028416932,0.061624736,0.10893647
R702,1.1866126,1.3513995,1.4705476,1.5651407,1.6345383
R703,2.064424,2.3290083,2.5605059,2.712843,2.7754502
R704,0.30651054,0.16222239,0.0857365,0.059191212,0.05058594
R705,0.0,0.0,0.009609565,0.022698402,0.038148224
R706,0.018847287,0.0543229,0.09589638,0.16687655,0.29226553
R707,0.02670689,0.037432477,0.05390343,0.07647742,0.107240215
R708,0.23646668,0.2315128,0.2527032,0.28651616,0.33074075
R709,0.03300649,0.023618579,0.019813716,0.019086853,0.019662634
R71,1.7449354,1.6985021,1.6644121,1.6262999,1.5753853
R710,1.5098318,1.806642,2.045198,2.2272081,2.336756
R711,0.0,0.022528067,0.058613032,0.10904595,0.19980732
R713,0.40848884,0.5349795,0.6731101,0.7594913,0.8033974
R714,0.8547412,0.8558911,0.803723,0.71618766,0.6190095
R715,0.2195379,0.38624075,0.5641891,0.718891,0.8446746
R716,0.26582867,0.12544563,0.07356395,0.053764164,0.0437243
R717,0.7255273,0.88844573,1.0548404,1.2182236,1.3644404
R718,0.0718413,0.033240825,0.01917553,0.012624428,0.009318456
R719,0.357423,0.29227608,0.2579193,0.23339556,0.21875797
R72,1.8932961,1.8742496,1.8983226,1.9265236,1.941781
R720,0.3262314,0.22210518,0.17356776,0.15562683,0.15437953
R721,0.44262713,0.5506692,0.6918281,0.820603,0.91943526
R722,1.2170402,1.3432351,1.4345509,1.5190164,1.5964799
R723,0.13098764,0.07212742,0.052463874,0.043938622,0.040499747
R724,0.62594295,0.548314,0.49440497,0.477778,0.49086615
R725,1.2103702,1.5048002,1.7974943,2.0549502,2.2303245
R727,0.028227106,0.018725753,0.0134379715,0.010855705,0.009873286
R729,0.041721493,0.071342275,0.10187891,0.14012113,0.1850836
R73,2.4176028,2.4099305,2.3879066,2.358354,2.3186727
R730,1.3561683,1.1344247,0.8617368,0.63838065,0.49154076
R731,0.5531381,0.43377453,0.33822486,0.2891101,0.2793509
R732,1.7083521,1.8517367,2.0047765,2.0715194,2.0462916
R733,0.1439048,0.06891766,0.045239314,0.035354853,0.03202586
R734,0.053408816,0.025927275,0.015573442,0.012264669,0.012595415
R735,1.0506078,1.0081236,0.9742584,0.9211625,0.862767
R736,0.58483595,0.35100004,0.21742707,0.15348375,0.12514636
R738,0.18471202,0.18389104,0.18934597,0.19869874,0.21218356
R739,0.026458785,0.012962207,0.009592891,0.010011449,0.011505231
R74,1.7341744,1.5732766,1.5802438,1.5580908,1.5261776
R740,0.13572729,0.08966397,0.06631741,0.056527436,0.053784445
R741,1.1433899,1.2948725,1.3750414,1.399782,1.3691878
R742,0.00093722343,0.009006351,0.021002382,0.037796766,0.05982846
R743,0.67135274,0.63748443,0.6182389,0.6079133,0.6048794
R744,0.06446378,0.04749027,0.038104787,0.034606367,0.03402753
R746,0.63313484,0.61923087,0.6152674,0.607257,0.6015183
R747,0.15995383,0.08648458,0.06517695,0.058379307,0.057403952
R748,0.14392468,0.19601463,0.27478185,0.38134342,0.50602084
R749,0.0,0.0,0.0,0.007439032,0.01882124
R75,2.2776394,2.349366,2.400427,2.4314795,2.4275057
R751,1.3795198,1.5377222,1.6520137,1.7396201,1.7930238
R752,0.15497318,0.059094712,0.037236005,0.03457652,0.03704615
R753,0.15711594,0.23796268,0.40387207,0.6227795,0.81222093
R754,0.4330091,0.34204638,0.28886446,0.2631514,0.25886634
R755,0.24805634,0.22800048,0.21003449,0.19429742,0.18420042
R756,0.1578672,0.10576049,0.08241035,0.07542427,0.07612853
R757,0.5580964,0.75627446,0.92605245,1.05551,1.1548325
R758,0.036116123,0.03354013,0.033041492,0.03597665,0.041103557
R759,0.34897175,0.31670246,0.28342658,0.2517571,0.22716169
R76,2.25698,2.2719712,2.2498121,2.207255,2.1460326
R760,0.7661221,0.68355346,0.58151793,0.48436677,0.41142523
R761,0.27442893,0.15672591,0.113439895,0.09322512,0.08258608
R762,0.052216575,0.029330239,0.024621144,0.025377855,0.028649718
R763,0.144936,0.1436351,0.1397921,0.14220345,0.1508973
R764,0.024542257,0.015905142,0.013765842,0.014387339,0.01645659
R766,0.8830503,0.94864786,0.92984307,0.8675921,0.7854357
R767,0.03759092,0.03010206,0.026110768,0.024671063,0.024524763
R768,1.6315911,1.7417182,1.7223034,1.7117083,1.7055823
R769,1.1312851,1.2575316,1.275374,1.2438092,1.1832131
R77,2.4010024,2.444785,2.5228362,2.5916655,2.6347158
R770,0.30172792,0.23415254,0.21150419,0.20352453,0.20331167
R771,0.06632413,0.07239887,0.08143799,0.09626649,0.118253976
R772,0.030322075,0.01662746,0.010684684,0.0083364695,0.007288605
R773,1.170185,1.2555599,1.2887549,1.3001211,1.2896919
R774,0.027362496,0.019258618,0.017998487,0.018407866,0.018985868
R775,0.5787873,0.4987266,0.45441085,0.43531448,0.4372219
R776,0.93956745,0.9769808,0.95993865,0.92883015,0.89322996
R778,0.6871506,0.8020313,0.92313457,1.021869,1.0873635
R779,1.1225652,1.115121,1.0866213,1.0506032,1.0073265
R78,1.3770138,1.4581461,1.5079666,1.5204332,1.5029039
R780,1.3844426,1.3458407,1.2591758,1.1591393,1.0674173
R782,0.27530816,0.320857,0.34831923,0.36572433,0.3866761
R784,0.30339563,0.37543327,0.4280453,0.4627427,0.4789356
R785,1.6724191,1.8259649,1.937022,2.0101247,2.0656452
R787,1.1021599,1.2426988,1.2526474,1.2187145,1.1677049
R788,0.0058395267,0.0,0.0,0.0,0.0
R789,0.037203252,0.027980551,0.025934786,0.026550695,0.028378934
R79,2.028598,2.0621254,2.0536766,2.050996,2.0429406
R790,0.02947253,0.015897602,0.00908795,0.0062539726,0.005896196
R791,0.89650357,0.81166863,0.7707286,0.74249136,0.71614635
R792,0.8332555,0.7906922,0.69265366,0.59813035,0.52582014
R793,0.0737689,0.066934615,0.061077684,0.06062174,0.0638936
R794,0.82167864,0.9127557,0.9326632,0.9110924,0.8812982
R795,0.44673568,0.3911906,0.34249783,0.31331372,0.30032146
R796,0.17217623,0.13768895,0.11623333,0.10578303,0.10421595
R797,0.046867877,0.04009007,0.033353165,0.031553328,0.03312005
R798,0.8182322,0.68357384,0.5479795,0.4413162,0.38006097
R799,0.078153,0.07559325,0.07748215,0.08385566,0.09407115
R8,1.6245086,1.7271862,1.8519785,1.8995408,1.854293
R80,2.1350305,2.1321878,2.1365452,2.134705,2.1287906
R800,0.034239337,0.017007306,0.011036485,0.009440467,0.009473711
R801,0.21788093,0.20650877,0.21044654,0.22258675,0.24364743
R802,1.269537,1.2939863,1.2915832,1.2913083,1.281625
R803,0.09212828,0.0717113,0.06305285,0.061829,0.06518988
R804,0.06643312,0.04727839,0.039696366,0.03704384,0.036935702
R805,0.5778649,0.5977361,0.58390725,0.5423733,0.48699257
R806,0.20985204,0.17585061,0.16313452,0.16670729,0.18316069
R807,0.031505793,0.031205386,0.028804988,0.031099617,0.036479607
R808,0.012251258,0.011271179,0.013180092,0.016497254,0.020159945
R809,0.2068692,0.23088111,0.2715394,0.32466745,0.38715184
R81,1.7945513,1.7975082,1.7613883,1.734257,1.7112204
R810,0.3500917,0.25714532,0.18784282,0.15047504,0.13184623
R812,0.03349887,0.029752895,0.029716924,0.033796236,0.04061632
R813,0.07118845,0.08348444,0.09499687,0.10801342,0.12348539
R814,0.080017775,0.07152617,0.06426141,0.062859654,0.06514071
R815,1.0628477,1.1600631,1.1967416,1.2090343,1.2004838
R816,0.13633677,0.21902761,0.36057484,0.5525578,0.74860954
R817,0.2026128,0.19274691,0.22789304,0.27837694,0.3465545
R818,0.6507282,0.6048169,0.5683011,0.5353079,0.5143064
R819,0.16139382,0.11594074,0.0948796,0.09020577,0.09472677
R82,1.6462224,1.5521404,1.5711199,1.5494163,1.5050626
R820,0.691146,0.7951938,0.928741,1.0581226,1.1507889
R821,0.076578856,0.044606596,0.031425983,0.027650326,0.028664008
R822,0.6534592,0.6580013,0.64742434,0.6207514,0.58919466
R823,1.1031419,1.2219856,1.2572744,1.2679946,1.263833
R824,0.17874342,0.23856992,0.2972196,0.35417086,0.40600514
R825,0.14602603,0.17060341,0.19891253,0.23028192,0.26270315
R826,1.7239165,1.7769573,1.8614324,1.9716662,2.0779157
R827,1.0236425,1.0903075,1.1089987,1.0999926,1.0726639
R828,0.29211712,0.35468704,0.40856922,0.4446947,0.4699989
R829,0.31224182,0.29281825,0.30805117,0.34439,0.39644796
R830,1.908879,1.9676077,1.999804,2.0122068,2.0066755
R831,0.9562324,1.0203301,1.0065058,0.97341454,0.94325244
R832,0.5573176,0.52407014,0.47140205,0.4053911,0.3463199
R833,0.7990687,0.8890145,0.995471,1.0933765,1.1705899
R834,0.14451179,0.115439385,0.101783276,0.09601702,0.09716675
R835,0.2076148,0.16467643,0.13055494,0.10528211,0.088409275
R836,1.2553957,1.2666988,1.2152714,1.1633878,1.1089908
R837,0.052201986,0.048647717,0.04793559,0.050984576,0.056907505
R838,0.6966705,0.6266471,0.55027723,0.4872379,0.44009832
R839,1.6217982,1.763989,1.8426087,1.8825502,1.8868505
R840,0.04339038,0.029885963,0.021884352,0.017763123,0.015673578
R841,0.040275753,0.040930763,0.042472884,0.047589198,0.056150317
R842,0.86505103,0.92139316,0.94239473,0.9397392,0.9250225
R843,0.8011699,0.87100923,0.95561874,1.039296,1.114994
R845,0.25704503,0.22677258,0.20881574,0.20182703,0.20359336
R846,0.51514494,0.49602532,0.46685264,0.43352762,0.40697166
R847,0.06439233,0.06217219,0.055803,0.05394949,0.05504416
R848,0.05317445,0.09811251,0.15700166,0.23728007,0.33158797
R849,0.68796957,0.70712984,0.693525,0.66164696,0.620834
R850,0.09270337,0.07771762,0.073638156,0.07566604,0.082480684
R851,0.010554373,0.0,0.0,0.0,0.0
R852,1.9543066,1.9865406,2.0092163,2.0479665,2.069025
R853,0.059770733,0.038022682,0.03337592,0.035083175,0.041178733
R854,0.047460973,0.032894954,0.025487438,0.02354242,0.02460979
R855,0.65623623,0.6543271,0.6159365,0.57739615,0.5590688
R857,0.806316,0.84102786,0.81459475,0.76616406,0.7178179
R858,1.1630728,0.94684696,0.7390257,0.57330406,0.45759326
R859,0.43539113,0.37521005,0.3303719,0.30701423,0.298475
R86,1.0208642,1.1229029,1.1509974,1.127419,1.0654576
R860,0.31122768,0.29106718,0.24398114,0.20173724,0.17434722
R861,0.68626666,0.6463502,0.60564685,0.55820954,0.5069531
R862,0.11646458,0.23140225,0.38790256,0.5828666,0.78664935
R863,0.42995673,0.37003306,0.30780426,0.26237166,0.23507467
R865,0.22697917,0.19967432,0.17443049,0.15915553,0.15281926
R866,0.43166313,0.63978946,0.7941723,0.9469056,1.07656
R867,0.6528555,0.72377574,0.8865638,1.0739377,1.2268803
R868,1.5273372,1.5321424,1.5656625,1.6111178,1.6502975
R869,1.6511747,1.7093079,1.7544994,1.7987502,1.8174533
R870,0.17480668,0.33034277,0.5768132,0.85327005,1.1217374
R871,2.9704406,3.012432,3.0569112,3.1117237,3.1505089
R872,0.07888824,0.1377307,0.20734814,0.29580563,0.39654553
R873,0.14481573,0.116958655,0.09469922,0.08176844,0.07583922
R874,1.0697563,1.317745,1.5414861,1.738011,1.8909395
R876,1.1235993,1.0761749,1.0556567,1.0516417,1.0532457
R878,0.63419753,0.8272158,1.0071646,1.1870469,1.3453683
R879,0.10287793,0.17606051,0.26725453,0.3667061,0.46153867
R880,1.1152368,1.058631,1.1059493,1.1897881,1.2751093
R881,2.1277676,2.2023292,2.2378266,2.304899,2.3638465
R882,0.15630902,0.2271227,0.2812762,0.34628052,0.43780562
R883,2.1883447,2.2874367,2.352482,2.4217968,2.4790044
R884,0.67426467,0.7126513,0.7109148,0.68999887,0.65628374
R886,2.854636,2.9017973,2.9567404,3.0202808,3.0724404
R887,2.2299461,2.39556,2.5977657,2.8006535,2.9587612
R888,0.20543215,0.27113122,0.37820762,0.5325244,0.7095222
R889,1.6433723,1.7219962,1.876803,2.081206,2.2762854
R890,1.0495054,1.189598,1.3040096,1.4187827,1.5280654
R891,0.6157435,0.63057566,0.6130005,0.5980023,0.5892111
R892,0.43969312,0.39408922,0.34311938,0.31319976,0.31723088
R894,0.13717437,0.27894282,0.48311916,0.7168032,0.9386171
R895,0.3538906,0.540732,0.8488407,1.1873199,1.5026838
R896,0.1483529,0.14398739,0.15438598,0.17543544,0.21022908
R899,0.077481255,0.09379542,0.16552849,0.30591768,0.49584806
R9,1.0797299,1.0890733,1.0814463,1.0790513,1.0720185
R90,0.05376722,0.06431833,0.07789023,0.0945518,0.11709754
R901,3.2120917,3.3149529,3.4306002,3.532144,3.5912828
R902,0.037197113,0.031424537,0.025675133,0.024244487,0.026182994
R903,1.4571806,1.5860529,1.6715788,1.7511731,1.812597
R904,0.35242486,0.33990347,0.31288487,0.2815887,0.25500834
R905,2.194649,2.2714293,2.3671157,2.451573,2.499148
R907,0.36815485,0.5196997,0.70109946,0.81103706,0.8592942
R909,0.8699653,1.1672668,1.3665885,1.5604804,1.7313668
R910,0.7114831,0.79762447,0.82492435,0.83013725,0.82307255
R911,1.6864362,1.6145847,1.5851159,1.5660452,1.5306442
R912,0.6959635,0.67362344,0.64130944,0.609735,0.5767593
R913,0.9507644,0.9241624,0.88562477,0.8428966,0.7969545
R914,0.9813547,1.2391902,1.4540644,1.6793078,1.8944371
R916,0.29766375,0.4232484,0.57157725,0.67961544,0.7474834
R917,0.26633558,0.25342435,0.23612133,0.22233015,0.21411481
R919,2.9579923,3.0518887,3.0941591,3.1079566,3.0941937
R92,0.004920885,0.0047580153,0.0072035342,0.01116769,0.015734851
R920,1.2799048,1.2492857,1.2026243,1.1528881,1.1012146
R921,0.92232144,1.0599433,1.1398185,1.2043865,1.2551692
R922,0.3355562,0.50345695,0.7317356,0.9938463,1.2400566
R923,0.9719218,1.1825446,1.4053091,1.6443706,1.8526834
R924,1.4735096,1.4955378,1.4773226,1.4596914,1.4325454
R925,0.5339588,0.64443386,0.82031524,1.0146605,1.211209
R927,0.17122579,0.22137555,0.27488595,0.32563663,0.36506882
R928,1.4775313,1.5636727,1.7470087,1.9078345,2.0110607
R930,0.11553461,0.09235355,0.08681373,0.09184837,0.105372824
R931,1.4889501,1.8177713,2.1832137,2.560436,2.8831043
R932,0.5810739,0.65053976,0.70691234,0.7215055,0.690055
R933,1.7405097,1.7992052,1.8653342,1.932836,1.9726421
R934,0.048090786,0.04020706,0.036014974,0.03676361,0.040651247
R936,1.7741748,1.8033059,1.8242549,1.862818,1.8909268
R937,2.4086185,2.4071236,2.4224217,2.4413488,2.4422326
R938,1.1059836,1.2416605,1.3230168,1.3693422,1.3855582
R940,0.44025624,0.54304814,0.6691989,0.7786989,0.8694477
R941,0.042052254,0.079360664,0.12108609,0.1704455,0.22531083
R942,2.394909,2.5025513,2.6249716,2.7645636,2.8908248
R944,0.01369229,0.011266351,0.018734932,0.03379883,0.056386515
R945,1.1745814,1.6151288,1.9876921,2.364023,2.6814017
R946,1.5699399,1.6749468,1.7761778,1.8725028,1.9425133
R947,1.8171974,1.8551466,1.8731893,1.9111501,1.9506749
R948,3.0471952,3.14489,3.2042632,3.221535,3.1918926
R949,2.6528783,2.6953726,2.7288916,2.8122663,2.8940282
R950,0.17057838,0.18125999,0.20806438,0.2503075,0.3061646
R951,0.07568979,0.088418424,0.12735012,0.2057955,0.33278686
R952,1.9550942,1.8623775,1.8881563,1.9759011,2.0717695
R953,1.2018201,1.1992346,1.1889222,1.1818573,1.1704413
R954,1.0112623,1.0610248,1.2273778,1.4119797,1.5826638
R955,1.5728735,1.4779818,1.4459022,1.4379462,1.4389662
R956,2.564682,2.6917381,2.846214,2.9931347,3.0860486
R957,0.045876533,0.10924641,0.2122662,0.39183867,0.6199499
R958,0.2766862,0.40482235,0.532545,0.6649438,0.79536986
R96,0.0065305084,0.0026965737,0.00319089,0.004720837,0.00694257
R962,1.2021264,1.4593779,1.7547469,2.021206,2.1969533
R963,1.2463547,1.5941422,1.958852,2.300519,2.5271864
R966,0.0,0.0041350275,0.011147425,0.015258074,0.018811554
R970,0.15007174,0.19276556,0.24099034,0.287046,0.3258915
R972,0.258696,0.3121472,0.4083521,0.53121126,0.6574259
R973,1.1497493,1.3843408,1.6786222,1.9759146,2.228595
R974,0.2617325,0.22137955,0.20473902,0.21364555,0.24102357
R977,0.87349284,1.0817636,1.371793,1.6983867,1.9882298
R979,1.0052301,1.1600304,1.3222977,1.4769205,1.5965697
R980,1.3291478,1.5162237,1.6288995,1.6685411,1.6533787
R982,0.3656757,0.5549215,0.7895309,1.0201243,1.2452338
R985,0.040355936,0.059943542,0.07429774,0.08284342,0.091973156
R989,0.95000696,0.9929589,0.93393517,0.8460399,0.76398206
R990,0.27143756,0.4294858,0.6418605,0.8510628,1.031755
R992,0.10048343,0.15149406,0.20250104,0.24588025,0.28322953
R995,0.16699886,0.09932046,0.08703327,0.090933725,0.10222101
R999,0.37597537,0.58476126,0.8071077,0.9923388,1.1406571
