region_id,pred_week1,pred_week2,pred_week3,pred_week4,pred_week5
R1,0.1702882,0.15782082,0.14397997,0.13623315,0.13364351
R1001,0.67861676,0.7087507,0.7521061,0.7896696,0.8355371
R1002,0.28907353,0.28034723,0.2802617,0.28142333,0.2907762
R1005,1.6852953,1.7812216,1.820685,1.8205212,1.7957994
R1006,1.4574032,1.5724317,1.6383545,1.6613176,1.6562605
R1007,0.033931375,0.016895652,0.0025174618,0.0,0.0022254586
R1009,0.16811979,0.12881768,0.09544766,0.07648158,0.07194984
R1011,0.41388378,0.43517447,0.47665942,0.53728765,0.6002124
R1012,1.2407659,1.1733321,1.1141357,1.0695131,1.0522939
R1014,0.25880444,0.35530388,0.47289488,0.6003939,0.712836
R1015,0.6241636,0.5963093,0.55315626,0.51262236,0.4812757
R1017,0.022342086,0.0013207197,0.0,0.0,0.0
R1019,0.011712313,0.0019357204,0.0,0.0,0.0
R1020,0.013208985,0.0033108592,0.0,0.0,0.00025945902
R1021,0.19166481,0.15424389,0.12166327,0.10530138,0.098529935
R1022,0.061368644,0.042422533,0.027004182,0.0168674,0.014404416
R1024,0.18220639,0.2291838,0.297305,0.3806538,0.46070972
R1025,0.046035886,0.025293231,0.008521378,0.0045080185,0.0042232275
R1026,0.0,0.0,0.0,0.0,0.0
R1028,1.2039697,1.3973268,1.5548325,1.6630529,1.7247772
R1032,1.6048949,1.5715953,1.5110397,1.4616436,1.4218264
R1034,0.49231064,0.43811405,0.3823859,0.34760267,0.32889336
R1035,0.30013943,0.36435366,0.4544574,0.55933267,0.66000956
R1036,0.19116765,0.20938987,0.2235223,0.2386753,0.25088328
R1037,0.3799972,0.38709244,0.3991861,0.42223227,0.45047146
R1041,0.6030506,0.6196739,0.6246331,0.63242966,0.6346732
R1042,0.2046051,0.25383264,0.32027632,0.40031657,0.4733776
R1046,0.13663346,0.13960737,0.154975,0.18805349,0.22202009
R1047,0.17007995,0.18583262,0.19863749,0.21223927,0.2246421
R1048,0.30910552,0.27237982,0.23827076,0.2185955,0.21077728
R1049,0.38855135,0.4032918,0.418554,0.43449235,0.4532587
R1051,0.2838384,0.2563424,0.23584026,0.22124612,0.21925092
R1052,1.3310881,1.4209805,1.4667692,1.4773483,1.4635298
R1053,0.2540729,0.2859394,0.33375478,0.39713645,0.45825177
R1054,0.06965613,0.0482527,0.03183806,0.026108742,0.0270558
R1056,0.14203554,0.1387263,0.13727713,0.14463615,0.1557973
R1057,0.0,0.0,0.0,0.0,0.0
R1058,0.25199908,0.27435637,0.29247487,0.31172246,0.32640064
R1061,0.059142113,0.03859961,0.020547211,0.009832382,0.0049260855
R1065,0.445446,0.4284085,0.40418658,0.3867465,0.3741117
R1067,0.44409895,0.42476556,0.39538127,0.37247354,0.3545552
R1069,0.16328096,0.14067864,0.123048425,0.116775215,0.12254411
R1071,0.5010489,0.4678864,0.43496627,0.41578412,0.41353875
R1074,0.51158285,0.5216212,0.52714205,0.54052424,0.55801576
R1077,0.0,0.0,0.0,0.0,0.0
R1078,0.07182932,0.043902874,0.019996047,0.014110923,0.015792668
R1079,0.25318038,0.2807299,0.32932532,0.39712626,0.46636757
R1080,0.3682193,0.3147118,0.2570104,0.22092694,0.20212322
R1082,0.35310107,0.47005677,0.5902277,0.7038307,0.79205775
R1083,0.21115035,0.2554946,0.3122331,0.37630022,0.43684033
R1084,0.51994365,0.64603615,0.75188446,0.8366084,0.8852137
R1085,0.05204296,0.09728879,0.15085214,0.20989072,0.25943476
R1086,0.15138483,0.1577518,0.16149533,0.17066288,0.17584509
R1087,0.04319215,0.03523338,0.03132242,0.033454776,0.038021207
R1088,0.17574275,0.194816,0.21760261,0.23704255,0.26046985
R1089,0.1054011,0.13185006,0.16288722,0.19411409,0.2236346
R1090,0.854825,0.7881854,0.6995277,0.62847227,0.5794668
R1091,0.15552258,0.16487211,0.18384194,0.20678133,0.23319119
R1092,0.15375137,0.13125074,0.10677731,0.095279455,0.0881986
R1093,0.028362334,0.01211977,0.0,0.0,0.0
R1094,0.10776925,0.0927338,0.07907754,0.075739145,0.07595152
R1095,0.09720945,0.059306026,0.020276845,0.0017905235,0.0
R1096,0.119953096,0.09556532,0.08768207,0.10905081,0.14180094
R1098,0.041528404,0.07452476,0.111071706,0.149319,0.18232769
R11,0.5597222,0.5743364,0.58550084,0.6076181,0.63830984
R1100,0.0,0.0,0.0,0.0,0.0
R1101,0.032889843,0.02014196,0.006745994,0.0,0.0
R1102,0.1977548,0.16986567,0.14202863,0.1387651,0.14037824
R1103,0.46174306,0.5406645,0.63538426,0.7488923,0.84733707
R1105,0.26244473,0.35797107,0.4584757,0.5471465,0.62297195
R1107,0.27022344,0.2165575,0.16473722,0.14111584,0.13262534
R1108,0.0749681,0.044915497,0.030415177,0.033141196,0.052500725
R1109,0.5401447,0.66662294,0.77009207,0.8474163,0.88815826
R111,0.2668481,0.3718258,0.47347867,0.55870974,0.6199323
R1114,0.0,0.0,0.0,0.0,0.0
R1115,0.214028,0.25926167,0.31082767,0.3632824,0.41487873
R1116,0.13225234,0.10812342,0.089197636,0.079720736,0.083185196
R1117,0.16911376,0.16771042,0.16863775,0.17050755,0.17972404
R1118,0.0,0.023611963,0.1221087,0.22033012,0.3080483
R1119,0.00889641,0.009310663,0.019318461,0.029610157,0.045772374
R1120,0.0,0.0,0.0,0.0,0.0
R1123,0.049563468,0.049811482,0.057332158,0.066640735,0.087393224
R1124,0.39688602,0.48893076,0.57917374,0.6607014,0.7280491
R1125,0.0,0.0,0.049673557,0.12294471,0.19458503
R1126,0.3940687,0.46611696,0.5584723,0.6628008,0.75692606
R1128,0.80156946,0.6660664,0.51611567,0.38619608,0.29925734
R1130,1.6853664,1.6006546,1.4777288,1.3706669,1.2903249
R1133,0.0705328,0.018865228,0.0,0.0,0.0
R1134,0.10289872,0.10840291,0.12111747,0.14182466,0.16585034
R1135,0.5694436,0.4923519,0.38877776,0.29334348,0.22129679
R1136,0.11434984,0.08195305,0.062826514,0.065894246,0.08252782
R1139,0.019916296,0.010258257,0.0035694838,0.005716145,0.011371255
R1140,0.064148664,0.036524296,0.027167559,0.049816787,0.08337939
R1142,0.06759602,0.03888601,0.027825236,0.042613864,0.07261038
R1143,0.09819251,0.09741002,0.103410125,0.116496205,0.13421434
R1144,0.4778473,0.48509958,0.49172753,0.49112654,0.49925333
R1145,0.0,0.0,0.0,0.0,0.0
R1146,0.7763846,0.7409374,0.6989906,0.65893704,0.6496729
R1147,0.35284656,0.38490528,0.41348192,0.442747,0.46954834
R1148,1.5162923,1.5407095,1.5399513,1.5337651,1.5325384
R1149,0.6287923,0.62865037,0.63117546,0.6404468,0.66437167
R1150,1.6016139,1.6565616,1.6909113,1.6982433,1.7075462
R1151,1.3739283,1.4906228,1.5947082,1.6654775,1.7283306
R1152,0.33714664,0.37541953,0.41623372,0.45565802,0.49331754
R1153,0.054471493,0.041041613,0.03335166,0.03490746,0.045380294
R1154,0.0058407187,0.0,0.0,0.0,0.0020791888
R1155,0.56193,0.5898957,0.6272283,0.6582947,0.6944075
R1156,0.16457224,0.19220704,0.22878468,0.26711512,0.31076878
R1157,1.3419191,1.4362807,1.511513,1.5573546,1.5962715
R1158,1.1819396,1.2134417,1.218092,1.2181138,1.2191914
R1159,2.5514555,2.586169,2.606777,2.5954223,2.576436
R1161,1.81721,1.8315711,1.7906363,1.7330217,1.6714861
R1163,0.0,0.0,0.0,0.0,0.0
R1164,0.0075059533,0.0,0.0,0.0,0.0
R1166,1.1903849,1.1309149,1.046113,0.9709854,0.91964614
R1167,0.14812833,0.14398623,0.13160741,0.11814368,0.10435492
R1168,0.8883017,0.8351952,0.7704172,0.72658104,0.7020248
R1175,1.7402633,1.7609426,1.7339773,1.6858032,1.6407428
R1176,1.7853189,1.8117932,1.7904787,1.7545788,1.7148488
R1177,0.03168696,0.0433442,0.06290871,0.086479425,0.11813563
R1178,0.6040922,0.601153,0.6019066,0.60514766,0.62177604
R1179,2.101914,2.1269088,2.0817132,1.9974242,1.9060881
R1180,0.19449186,0.19282925,0.18838644,0.19241536,0.19857574
R1181,0.0,0.0,0.0,0.0,0.0
R1182,0.04555708,0.028539717,0.01601553,0.017077804,0.02992493
R1184,1.9785383,2.0890722,2.1685987,2.2268167,2.269691
R1185,0.1252867,0.11184186,0.10201746,0.09982276,0.10432273
R1186,0.16076815,0.120696425,0.084052205,0.055658102,0.052498758
R1187,0.0,0.0,0.0,0.0,0.0
R1188,2.33117,2.3456106,2.3424573,2.3122725,2.295812
R1189,0.4236254,0.41922325,0.4077631,0.38621658,0.37301198
R119,0.049213648,0.038737178,0.02873391,0.028669357,0.028648555
R1190,0.11295837,0.08913702,0.074264586,0.06315094,0.06786305
R1191,0.3225665,0.33041096,0.34074283,0.341712,0.35065246
R1192,0.17832792,0.15984106,0.15090972,0.14636445,0.15388173
R1193,0.14148521,0.13939595,0.14643002,0.17625582,0.20589495
R1194,0.12690634,0.10221535,0.07921493,0.06646466,0.0650956
R1195,2.6765742,2.7783585,2.818707,2.8174944,2.7956994
R1196,0.34272003,0.3027146,0.26286668,0.233747,0.22326225
R1197,1.8478446,1.8655179,1.8275948,1.7704262,1.7071869
R1200,0.16889459,0.1758607,0.1778419,0.18859804,0.20132732
R1203,0.005058408,0.0,0.0,0.0,0.0
R1204,0.6174114,0.6554077,0.68239,0.7155042,0.74274963
R1205,0.037656307,0.0342471,0.036900878,0.054562926,0.073994696
R1208,0.7967244,0.8145381,0.8225725,0.8376053,0.8528317
R1209,0.38272476,0.35896337,0.33134258,0.31655812,0.30811274
R1210,0.18211794,0.16974312,0.16063643,0.16420138,0.17243719
R1211,0.500375,0.5116003,0.521441,0.54369485,0.563171
R1212,0.0,0.0,0.0,0.0,0.0
R1213,0.03761059,0.031870246,0.026319623,0.03623557,0.047376335
R1215,0.038217664,0.038324416,0.04058087,0.05307263,0.06688225
R1219,0.7312213,0.79664236,0.85529184,0.91750765,0.96455824
R1221,0.0,0.0,0.0070132017,0.022419572,0.04568839
R1223,0.057973266,0.05919707,0.06068182,0.0738107,0.08554238
R1227,0.21073782,0.19332296,0.17882204,0.18429416,0.18939656
R1228,0.38877723,0.42163467,0.4563199,0.4973514,0.54101247
R1229,0.054828882,0.048124492,0.040970564,0.03501761,0.037840128
R123,0.6120878,0.7949047,0.956764,1.0781997,1.151936
R1231,0.18278635,0.1932143,0.2052449,0.22992718,0.24948174
R1232,0.00077170134,0.0,0.0,0.0,0.0
R1233,0.3469658,0.4238763,0.4919694,0.5436517,0.5827478
R1235,0.3639726,0.34931433,0.3351673,0.33992046,0.34836864
R1236,0.3097561,0.29721904,0.28332365,0.28353274,0.28731078
R1238,0.20864761,0.19412577,0.17836773,0.17189312,0.17421043
R1239,0.71791536,0.7516776,0.7755214,0.7950323,0.8130598
R1241,0.4104872,0.39413854,0.37036118,0.3598294,0.35176408
R1243,0.3773681,0.34672475,0.3151741,0.30734473,0.30413765
R1247,0.2163825,0.21412325,0.20383793,0.20151424,0.20025969
R1249,0.9501002,1.0090121,1.0534751,1.0836751,1.1128811
R1255,0.24925995,0.25718367,0.25723076,0.26118982,0.2634012
R1257,0.0,0.0,0.0,0.0,0.009634435
R1260,0.28461993,0.29066306,0.28607583,0.2934165,0.2941594
R1262,0.0065481663,0.010514438,0.016593456,0.032826066,0.047264874
R1267,0.08772969,0.080343604,0.07996094,0.08950281,0.10813886
R1272,0.5376872,0.5451846,0.552466,0.57013255,0.5890446
R1273,0.33170187,0.31708217,0.30314553,0.29496503,0.29333848
R1276,0.12569672,0.13721156,0.15329093,0.18072021,0.2056188
R1277,0.2911964,0.3078316,0.31494224,0.31707025,0.32335335
R1278,0.47887385,0.472552,0.4477932,0.42755103,0.40511295
R1279,0.5191914,0.51877743,0.5007866,0.49166572,0.47534192
R128,0.024146855,0.00732708,0.0,7.18832e-05,0.009967148
R1281,0.16025138,0.10655707,0.06454837,0.046307087,0.050590813
R1282,0.9231919,0.9403684,0.9488203,0.9616023,0.97295165
R1285,0.043136895,0.06630325,0.0962947,0.12951624,0.16528535
R1286,0.7981578,0.7902297,0.77429926,0.77928853,0.78611237
R1289,0.13402987,0.08965254,0.0565179,0.041356087,0.045673132
R129,0.0070510507,0.0,0.0,0.0,0.0
R1291,0.066808164,0.034880817,0.013681769,0.005224347,0.014701426
R1296,1.1024806,1.1469827,1.1813767,1.19175,1.2154647
R1298,0.20405525,0.16632462,0.12734616,0.09472597,0.08203083
R13,0.04138577,0.05727595,0.08331823,0.12536949,0.16915298
R1301,0.87290245,0.8268417,0.74989766,0.6920345,0.64896166
R1303,0.0,0.0,0.0,0.0,0.002593577
R1306,0.7298945,0.67582804,0.59385616,0.53003716,0.480092
R1307,1.4698836,1.4546814,1.4080334,1.369273,1.3375435
R1308,0.06284648,0.059841633,0.06058979,0.06994617,0.08220929
R1309,0.834032,0.8174446,0.7708297,0.7152863,0.6700939
R1310,0.8644405,0.83394134,0.79591095,0.7711984,0.7617483
R1311,0.52639484,0.4569865,0.3771183,0.31443495,0.27554393
R1312,1.2225096,1.195951,1.1444497,1.1045799,1.0775843
R1314,0.0,0.0,0.0,0.0026336908,0.02219665
R1316,0.10736394,0.06647831,0.01661545,0.0,0.0
R1317,0.26294762,0.23809183,0.21063125,0.20160115,0.20141149
R1318,0.19873643,0.18986511,0.2017687,0.22204107,0.26209575
R1319,1.0640398,1.0684465,1.0683154,1.07809,1.0934216
R132,0.03766966,0.041807532,0.0469023,0.06204021,0.07508165
R1321,1.0067627,1.0219235,1.0167581,0.99653184,0.98330945
R1326,0.9405645,0.911596,0.86151505,0.8217281,0.79179704
R1327,0.058270574,0.038555503,0.025935054,0.01971823,0.029277146
R1330,0.0,0.0,0.0,0.0,0.0
R1333,0.94836855,0.9144541,0.8670119,0.82107824,0.7959911
R1335,0.29201853,0.29092878,0.29911995,0.31891108,0.34633684
R1338,1.2602979,1.2713205,1.2550597,1.2420323,1.2313857
R1339,0.87516576,0.8757444,0.8654057,0.8594369,0.8616314
R1341,0.091913104,0.08578241,0.08260715,0.09008384,0.10096657
R1342,1.6262579,1.6108342,1.5562334,1.5130944,1.4767274
R1347,1.2278289,1.1804667,1.0935005,1.0000893,0.92389184
R1348,0.76255643,0.71411043,0.66011584,0.61045676,0.57999086
R1349,1.6401374,1.6737238,1.6865242,1.6992761,1.71086
R1351,0.53717273,0.5017717,0.45683926,0.4115448,0.3772192
R1353,0.15844584,0.115733266,0.0794183,0.0641188,0.06576675
R1355,0.18745613,0.17864382,0.17669606,0.18789053,0.2057414
R1356,1.015586,0.9870498,0.94324183,0.9050039,0.876428
R1357,1.127073,1.0938869,1.0271786,0.96917146,0.9263429
R1358,0.41205442,0.35540068,0.291175,0.257824,0.2366029
R1359,0.18248755,0.17731702,0.17172325,0.16964602,0.17312825
R1360,0.31745136,0.25743222,0.20758879,0.16505444,0.1536414
R1362,1.4767555,1.4820627,1.4576466,1.4361775,1.4141961
R1364,0.6540894,0.616377,0.5751052,0.5610877,0.5544705
R1365,0.0017211437,0.0,0.0,0.015760064,0.03631991
R1366,0.455208,0.43089476,0.40180838,0.38467407,0.37477255
R1367,0.48128766,0.41417897,0.32888108,0.24930346,0.19318122
R1368,0.1471492,0.21896684,0.2815888,0.33623105,0.3682629
R1375,0.0,0.0,0.0,0.0,0.0
R1378,0.0,0.0,0.017999887,0.042426467,0.062080503
R1386,0.0,0.0,0.0,0.0,0.004161775
R1387,0.13915741,0.15253448,0.1795116,0.22562063,0.27341568
R1388,0.018848658,0.057241082,0.10526782,0.16487944,0.22252584
R1390,0.14477152,0.18999249,0.24007416,0.29419112,0.33985656
R1391,0.09308118,0.086600065,0.08733809,0.10389215,0.12817794
R1397,0.13437867,0.16822803,0.20578057,0.24536455,0.28195786
R1399,0.023019552,0.005421281,0.0,0.0,0.0
R14,0.58106184,0.58041483,0.5758811,0.5659815,0.56957775
R1421,0.111771226,0.110212445,0.11540979,0.12501979,0.14337438
R1423,0.0,0.0,0.0,0.03281796,0.093152106
R1427,0.0,0.0,0.0,0.0,0.0
R1433,0.1835714,0.2244047,0.28984642,0.38039228,0.4688981
R1435,0.0,0.0,0.0,0.0,0.0
R1438,0.13959163,0.14324719,0.14957047,0.1714884,0.193438
R1446,0.44323528,0.55541086,0.65527624,0.7310538,0.78301865
R1448,0.007443428,0.022590518,0.043528676,0.07602084,0.10683608
R1451,0.70179397,0.6618265,0.62907225,0.6099658,0.6104183
R1452,0.8657341,0.9120111,0.93600357,0.94978017,0.94801545
R1454,0.1751554,0.26215988,0.37532848,0.49743938,0.61624587
R1455,0.106077015,0.07145655,0.049591184,0.048727453,0.06251633
R1460,0.48959655,0.4624936,0.4262888,0.39128456,0.36836886
R1469,0.07582545,0.09910655,0.13691676,0.18795216,0.24022514
R1471,0.32863623,0.320526,0.31337118,0.31147695,0.31619954
R1472,0.54589766,0.49758437,0.45637152,0.4339499,0.42818683
R1474,0.36645377,0.33766192,0.30781925,0.28831083,0.28150725
R1478,0.087344885,0.056430757,0.029305339,0.021401346,0.022644103
R1481,0.4798529,0.45005912,0.41467363,0.38121173,0.36577183
R1483,0.6120945,0.81273437,1.0213311,1.2166319,1.3715515
R1487,0.71248776,0.6573589,0.60992914,0.58031625,0.57652
R1488,0.96950614,1.1679206,1.3567183,1.5197318,1.637569
R149,0.0,0.0,0.0,0.0,0.0
R1493,0.67408836,0.62283194,0.5589708,0.50569594,0.47082078
R1498,0.4421796,0.44782716,0.46310282,0.49655908,0.5404553
R15,2.5294533,2.5177412,2.419287,2.2900481,2.1670427
R1501,0.67694366,0.62141985,0.5679717,0.5473985,0.542315
R1504,0.30474204,0.3167051,0.33220625,0.36268649,0.3910584
R1505,0.3182298,0.4238212,0.5333499,0.63435495,0.71040756
R1509,0.97887427,0.9108151,0.7990181,0.63617146,0.51080847
R1513,0.5097871,0.4718238,0.43349323,0.414002,0.40439147
R152,0.22133398,0.16528767,0.11114931,0.06805962,0.044932067
R1522,0.25011086,0.22123384,0.21870756,0.23909926,0.28609276
R1523,0.83575034,0.79811835,0.76584417,0.7485179,0.75359666
R1533,0.08383143,0.05649197,0.031837046,0.018640757,0.014356315
R1535,0.18359369,0.24406719,0.31842864,0.39645234,0.4631586
R1545,0.07818186,0.056205332,0.039466858,0.039355576,0.046037376
R1547,0.72284395,0.7112849,0.68660057,0.6677002,0.656931
R1548,0.39951494,0.3795758,0.35926455,0.34791052,0.3481182
R1553,0.14976561,0.14266741,0.1388135,0.14479846,0.15749139
R1555,0.042073548,0.11957049,0.2197879,0.32638216,0.4264246
R1557,0.035410225,0.03104055,0.034653187,0.049638152,0.07051569
R1561,0.03195846,0.04223168,0.06432223,0.1019482,0.1400246
R1562,0.23360658,0.19734406,0.16508764,0.13878053,0.1305353
R1563,0.54677445,0.7034477,0.8658403,1.022676,1.1472867
R1564,0.25578314,0.1860007,0.11064136,0.054716945,0.012111843
R1565,0.40276402,0.4025224,0.39398205,0.38252375,0.3762882
R1566,0.16542566,0.11606431,0.06616002,0.010757923,0.0
R1567,0.008442521,0.0,0.0,0.0,0.0
R1568,1.3179095,1.3329215,1.3101776,1.2744155,1.2347162
R1569,0.04455161,0.047930896,0.059057713,0.07636702,0.098180115
R1570,0.022761822,0.026263475,0.033733845,0.049782157,0.06507045
R1571,0.04752338,0.07096988,0.09130764,0.11732113,0.1375261
R1572,0.023801208,0.0059120655,0.0,0.0,0.0
R1573,0.6704104,0.6412722,0.5865797,0.53988594,0.50084734
R1574,0.0,0.0,0.0,0.0,0.0
R1575,0.4602077,0.42951238,0.38106757,0.35474578,0.32848984
R1577,0.37418547,0.34479874,0.3105018,0.291686,0.2811048
R1578,0.067513704,0.046097577,0.02898109,0.029901981,0.037083745
R1579,0.97803414,1.0742,1.1328354,1.1381885,1.1280301
R158,3.1688986,3.1925864,3.178388,3.140091,3.102608
R1580,0.20403415,0.15892285,0.112529516,0.086592495,0.06881076
R1581,0.06715155,0.039889097,0.008355796,0.0,0.0
R1582,0.4963667,0.42342287,0.3508817,0.2926392,0.26093173
R1583,0.108430624,0.0801276,0.05590713,0.04535377,0.04729575
R1585,0.046011627,0.028480172,0.0043799877,0.0,0.0
R1586,0.102265835,0.07585627,0.046500206,0.024233043,0.0130909085
R1587,0.24076009,0.20127141,0.159383,0.13181889,0.11539376
R1588,1.6182103,1.7037482,1.7529811,1.7568705,1.7414985
R1589,0.1875217,0.13773644,0.08565551,0.05156994,0.03127432
R159,4.249181,4.227175,4.1952205,4.1481695,4.1245117
R1590,0.026087642,0.0,0.0,0.0,0.0
R1591,0.27188814,0.31074786,0.37106568,0.43733642,0.5077679
R1592,0.0,0.0,0.0,0.0,0.0
R1593,0.37634543,0.30731463,0.23992157,0.18395555,0.15955395
R1594,0.023783565,0.034934103,0.05110085,0.07310462,0.09268123
R1597,0.36338973,0.31100345,0.25319695,0.21753573,0.19658118
R1598,0.16075289,0.13174629,0.107219934,0.10473418,0.10883248
R1599,0.3346374,0.28399247,0.20630157,0.119006336,0.05343187
R16,1.1922934,1.2171788,1.2139168,1.2084131,1.2072256
R160,3.3170705,3.3270884,3.306075,3.2454767,3.1972592
R1600,0.0,0.0,0.0,0.0,0.0
R1601,0.19461942,0.15100527,0.106672406,0.075847626,0.059474528
R1602,0.14933556,0.13294852,0.11408597,0.11204994,0.11198908
R1603,0.21155488,0.14657247,0.07758474,0.016076565,0.0
R1604,0.4213348,0.3956061,0.3622288,0.3502553,0.33957207
R1606,0.01840049,0.029215574,0.039284647,0.059348106,0.07777578
R1607,0.04031253,0.04106629,0.042678833,0.06474161,0.082139075
R1608,0.32266462,0.27408195,0.21903837,0.18657172,0.16588241
R1609,1.6334274,1.6979625,1.7328211,1.7385294,1.7319014
R161,2.0688167,1.9829544,1.8810598,1.7585673,1.6902901
R1610,0.0,0.0,0.0,0.0034188032,0.012860298
R1611,0.3444798,0.28049463,0.20417166,0.14733827,0.104788184
R1612,0.17980802,0.14366126,0.11212504,0.09633535,0.09223533
R1613,0.076946974,0.071850896,0.07303429,0.08706039,0.1018433
R1614,0.18312013,0.17066544,0.15273058,0.13608265,0.1283353
R1615,0.23323894,0.19262576,0.14136177,0.09806085,0.06826228
R1616,0.12765574,0.094687045,0.064641476,0.048649788,0.04654777
R1617,0.021982849,0.0054686666,0.0,0.0,0.0
R1618,0.54170936,0.49904752,0.4557004,0.41989678,0.40479285
R1619,0.3177185,0.27677304,0.22809017,0.20233381,0.18355364
R162,3.0621037,3.0085616,2.9066043,2.768309,2.6577067
R1620,0.056018353,0.03609717,0.023925662,0.01722312,0.024072468
R1621,1.1430528,1.1552529,1.1431235,1.1323106,1.1215618
R1622,0.65453875,0.599949,0.5339256,0.473752,0.43745703
R1623,1.665359,1.6322069,1.5595368,1.4661803,1.3991097
R1624,0.8782302,0.91696954,0.9461056,0.9548346,0.95935965
R1625,0.75851905,0.6856892,0.594634,0.51531947,0.46624
R1626,0.5752662,0.52456063,0.46995306,0.423878,0.40037537
R1627,1.6556866,1.6164222,1.5430825,1.4512237,1.3874915
R1628,0.42955858,0.3786772,0.31575143,0.2574517,0.21776217
R1629,0.98345286,0.97602123,0.9484184,0.9173138,0.89741874
R163,1.7817103,1.7972559,1.7941186,1.7844633,1.7841461
R1630,1.5003761,1.426047,1.323121,1.2334749,1.1726549
R1631,0.9955064,0.99691725,0.96691704,0.9150235,0.8661542
R1632,0.9165165,0.9951469,1.0575972,1.1025889,1.1306355
R1633,0.7976064,0.73468226,0.67583233,0.64306235,0.636409
R1634,0.62220424,0.58386296,0.53028876,0.4663958,0.4210612
R1635,2.2999268,2.2600799,2.185822,2.087843,2.020447
R1636,0.7454294,0.75949377,0.7585814,0.74618685,0.73783183
R1637,2.1137338,2.069932,1.9960933,1.9100599,1.8492737
R1638,0.2164222,0.20888907,0.19729906,0.19486749,0.19398803
R1639,0.6077821,0.69900775,0.77541864,0.80811685,0.8306442
R164,3.3781424,3.3546352,3.2851062,3.1904573,3.105137
R1640,0.64526093,0.6107768,0.5666981,0.52093077,0.49372482
R1641,1.326669,1.2539417,1.156326,1.0701075,1.012022
R1642,1.3383813,1.3770535,1.3830426,1.35882,1.3316426
R1643,0.8464127,0.7762602,0.67253023,0.55408454,0.45842773
R1644,1.3716414,1.3824838,1.369777,1.3458261,1.3308866
R1645,1.4058166,1.4064977,1.3715552,1.3209395,1.2778707
R1646,1.2237217,1.3040398,1.376724,1.4301543,1.4766879
R1647,0.9434834,0.8877748,0.80667984,0.7282664,0.6659958
R1648,0.58286417,0.60732245,0.63394606,0.6547854,0.6830362
R1649,0.49051076,0.4674734,0.4482246,0.4452961,0.46071357
R165,0.9477667,0.9910543,1.024413,1.0513868,1.0734471
R1650,0.75240004,0.64026093,0.5078548,0.3993113,0.32644886
R1651,0.06480229,0.054742277,0.048948646,0.057721972,0.07287693
R1652,2.376912,2.323599,2.276608,2.2140806,2.1954458
R1653,0.34235096,0.30612195,0.27208698,0.24252558,0.23399395
R1654,0.6936486,0.6628097,0.6231459,0.58722496,0.56472045
R1655,1.0084705,1.0645868,1.1208552,1.1692681,1.2166431
R1656,1.1998587,1.2022282,1.1686101,1.1173145,1.073657
R1657,1.116533,1.2995181,1.4872808,1.654577,1.7950144
R1658,1.5416791,1.4939364,1.4088186,1.3089848,1.2360805
R1659,0.613535,0.5608001,0.49744684,0.44218314,0.40769082
R166,2.7709222,2.7562752,2.6967301,2.605599,2.5295599
R1660,0.50060207,0.56466365,0.6319086,0.7064042,0.77125126
R1661,0.07795799,0.11844289,0.16553843,0.22272992,0.269459
R1662,1.18452,1.2020738,1.199409,1.1783559,1.1628457
R1663,2.5536132,2.5660608,2.5663605,2.541511,2.53783
R1664,2.6790361,2.7079616,2.7236655,2.7248282,2.7366557
R1665,0.6705009,0.6484132,0.61251616,0.56999266,0.5432958
R1666,0.7113949,0.7732424,0.82377434,0.84590083,0.8624409
R1667,0.9279705,1.0654976,1.1925957,1.2893271,1.3592954
R1668,0.60714436,0.5041903,0.3934108,0.31007874,0.2622283
R1669,0.82102835,0.7959153,0.7697888,0.7592466,0.7621011
R167,4.254212,4.2913284,4.3100905,4.3005414,4.299305
R1670,1.091243,1.1096833,1.1033387,1.0968251,1.0885069
R1671,1.8319347,1.834307,1.7995799,1.7453655,1.7039428
R1672,0.710323,0.7039101,0.6802855,0.6414884,0.6158456
R1673,1.5172426,1.55271,1.5613353,1.5426157,1.5206602
R1674,1.2608697,1.2381701,1.172646,1.0765189,0.9937451
R1675,0.528061,0.41594923,0.29428136,0.1936441,0.12998295
R1676,1.278627,1.4639561,1.6332867,1.766277,1.8644009
R1677,1.0292236,0.98800987,0.93267834,0.87037104,0.8333563
R1678,1.4611202,1.500736,1.5061035,1.4859345,1.4663627
R1679,1.0861859,1.090435,1.0621178,1.0045094,0.95784485
R168,2.70773,2.6921144,2.631175,2.5542808,2.4825244
R1680,0.9376202,0.89136326,0.8294115,0.7691635,0.732343
R1681,0.61574054,0.70242435,0.8021846,0.91347945,1.0124627
R1682,1.4184886,1.3552091,1.263612,1.1632481,1.094828
R1683,0.9390152,0.8867913,0.8146739,0.73911756,0.688532
R1684,1.2865255,1.2779659,1.2524986,1.2265911,1.2123494
R1685,0.7742625,0.725515,0.66826296,0.62115777,0.59319884
R1686,0.5260581,0.51397896,0.4919954,0.47393155,0.45938724
R1687,1.2796848,1.1789324,1.0420573,0.9241803,0.8345633
R1688,1.5646427,1.7650554,1.9481707,2.0896852,2.1947355
R1689,1.2234925,1.3587365,1.4762313,1.5671062,1.6350021
R169,1.0713708,1.0964463,1.1226985,1.1661994,1.221332
R1690,0.07003945,0.08296263,0.10110462,0.12488419,0.1513167
R1691,0.7114154,0.8311734,0.9532285,1.0679882,1.1617818
R1692,0.6468786,0.63941705,0.6196256,0.59963506,0.5858449
R1693,0.35800302,0.3438486,0.34244967,0.3458445,0.371118
R1694,0.8543449,0.81693745,0.78194606,0.76793957,0.77327824
R1695,0.84160614,0.82960993,0.8023991,0.7676021,0.74490476
R1697,0.6422334,0.57625055,0.5130672,0.47912395,0.4703173
R1698,0.02739364,0.036557257,0.052841723,0.07981336,0.10772377
R1699,1.0043113,0.99736917,0.9698379,0.9333602,0.9045179
R170,1.2474284,1.1922626,1.136897,1.0997369,1.0729358
R1700,0.87691414,0.9107601,0.92604053,0.9299828,0.92375964
R1701,1.0453451,1.072839,1.0945368,1.1120107,1.1315595
R1702,1.2976942,1.2148223,1.1007843,0.989282,0.91170734
R1703,1.7022517,1.6058335,1.4760269,1.3394266,1.2258465
R1704,1.05707,1.137093,1.2073692,1.2710832,1.3256721
R1705,0.19694924,0.17385721,0.16466391,0.18796837,0.22196972
R1706,0.9019912,0.9007366,0.8820861,0.83867824,0.8101531
R1707,0.98758316,0.9551724,0.91148,0.85814565,0.82802814
R1708,1.3347981,1.3905361,1.4175684,1.425467,1.4282384
R1709,0.45221606,0.4222682,0.38210115,0.3517999,0.32977003
R171,3.6239333,3.670105,3.6853547,3.6759105,3.6636658
R1710,0.052553713,0.06641084,0.08517736,0.107272506,0.12956601
R1711,1.0585362,1.0865953,1.0959606,1.1020291,1.1049216
R1712,0.6450291,0.5928926,0.531065,0.47992763,0.4484956
R1713,0.56860983,0.68936473,0.81110954,0.9234025,1.0122727
R1714,3.9887376,4.022929,4.039192,4.031862,4.0310693
R1715,1.3637831,1.2898736,1.1952796,1.1139038,1.0409331
R1716,3.3825688,3.409801,3.4270277,3.414557,3.4080026
R1717,0.6318685,0.5771643,0.51626945,0.47165677,0.44639325
R1718,3.4921045,3.5087352,3.5091057,3.4963078,3.4921298
R1719,3.0233326,3.0593085,3.062283,3.0464373,3.0306325
R172,4.655326,4.566788,4.4786496,4.3817635,4.3183184
R1720,3.0913258,3.0508409,2.997764,2.944202,2.9117293
R1721,1.9857334,2.0293107,2.063343,2.0539176,2.052625
R1722,2.9763498,2.9835668,2.9831305,2.9742322,2.9835057
R1723,3.4838886,3.5012074,3.489233,3.4548287,3.4279292
R1724,3.4688025,3.4987946,3.5047984,3.4957213,3.489024
R1725,2.8563848,2.855075,2.8331227,2.806058,2.7894473
R1726,4.6128263,4.599892,4.596819,4.5842967,4.5950804
R1727,4.251303,4.2727532,4.292536,4.2905,4.2968297
R1728,3.0097508,3.0832715,3.1264358,3.1376495,3.1369083
R1729,2.1098661,2.1300025,2.1162593,2.0940628,2.0750606
R173,4.6808014,4.7037973,4.717945,4.7004867,4.7020903
R1730,3.0352378,3.0702214,3.10631,3.1133285,3.1312478
R1731,0.19922799,0.17953533,0.16423416,0.1547873,0.1585164
R1732,0.9906233,1.0187979,1.0211524,1.0094076,0.9909096
R1733,1.3345548,1.312305,1.2548121,1.1993129,1.151105
R1734,0.7616425,0.7822634,0.78477216,0.7893745,0.7911635
R1735,0.46262214,0.4817913,0.49359468,0.50799114,0.51760024
R1736,0.981885,0.99719113,1.0056001,0.9996927,1.0014235
R1737,0.2105037,0.20438248,0.1999681,0.1953749,0.19927108
R1738,2.6107082,2.6430612,2.6423497,2.6155462,2.5878613
R1739,1.8032346,1.8262411,1.8289633,1.8216152,1.8198828
R174,2.6831512,2.7249389,2.7337737,2.7182403,2.7042282
R1740,0.21349955,0.20708811,0.19767344,0.19291389,0.19256812
R1745,0.47272062,0.4776823,0.47845858,0.49247214,0.5101751
R1748,0.27329826,0.22267997,0.1668117,0.13152426,0.1070233
R175,3.6275449,3.627328,3.6267142,3.6001391,3.6054056
R1750,0.35582757,0.3145312,0.2736907,0.24110651,0.22726542
R1751,0.8560159,0.83213097,0.7813171,0.73862475,0.7125255
R1752,0.30222714,0.2864077,0.27122515,0.2613557,0.25767118
R1757,1.186758,1.1628654,1.1213236,1.0832002,1.0629088
R176,3.1954885,3.197391,3.1979756,3.1834722,3.1759381
R1762,3.1130838,3.1769252,3.2023401,3.2040386,3.2000248
R1763,1.3403094,1.4333645,1.515301,1.5896064,1.6477679
R1764,2.6645606,2.7001004,2.709422,2.6961226,2.684527
R1765,2.54602,2.6328578,2.6908226,2.7329862,2.7645059
R1766,2.8968759,2.9869542,3.0649042,3.1208534,3.1687472
R1767,2.9283543,2.961378,2.965849,2.958559,2.9584732
R1768,2.0174751,2.1273458,2.2110858,2.2700858,2.311713
R1769,2.2404194,2.3452878,2.4109564,2.4431558,2.455298
R177,4.4945703,4.506759,4.5057874,4.482002,4.4771066
R1770,0.99275446,1.0301058,1.0621024,1.0960164,1.1244384
R1771,0.608619,0.5793654,0.5547837,0.5607958,0.5729452
R1772,2.5025537,2.5675542,2.5978622,2.6067777,2.6073956
R1773,0.6294061,0.67994434,0.73944557,0.81027573,0.879153
R1774,2.3147936,2.3668585,2.3764682,2.3677387,2.3543983
R1775,2.1007905,2.182444,2.2238808,2.2389712,2.2316668
R1776,1.211431,1.3578309,1.4991338,1.6066959,1.6923712
R1777,1.0154963,0.98955494,0.94087416,0.9071127,0.8793883
R1778,1.7377836,1.772121,1.7814856,1.7903867,1.7990205
R1779,2.1685123,2.147635,2.0746512,1.9921435,1.9282753
R178,1.7177926,1.7335337,1.6872835,1.617519,1.5434556
R1780,3.5283837,3.5881329,3.6244884,3.6354518,3.6465251
R1781,1.1506639,1.1033056,0.9957686,0.8641735,0.74057263
R1782,2.4919155,2.4636588,2.4068084,2.3527498,2.3179529
R1783,1.9002358,1.9504954,1.9697868,1.9710846,1.9709523
R1784,2.027134,2.0711737,2.0965395,2.1171532,2.1350012
R1785,2.7141383,2.736102,2.7187452,2.6861668,2.6603742
R1786,2.9637089,2.9462533,2.8819833,2.8026004,2.7387295
R1787,0.82262725,0.71700007,0.57131517,0.43376648,0.32198697
R1788,0.8027152,0.792572,0.7659852,0.7364981,0.7104596
R1789,0.7595591,0.7819848,0.815366,0.86220026,0.9098252
R179,4.315331,4.2985344,4.283827,4.254714,4.2443395
R1790,1.5469208,1.6051053,1.6379739,1.6533844,1.6576145
R1791,1.87421,1.9773912,2.0626783,2.1288695,2.180746
R1792,1.0056218,1.1653664,1.3239094,1.4699273,1.5882347
R1793,1.2683258,1.2645869,1.2229168,1.1521618,1.0847614
R1794,2.4782953,2.5535307,2.5963426,2.614656,2.620684
R1795,0.2512343,0.23054421,0.21066654,0.20244133,0.20794195
R1796,0.099864304,0.10161847,0.1026023,0.10399419,0.10892093
R1799,0.11740285,0.12587267,0.13451457,0.15173203,0.16567665
R18,0.37737164,0.32434565,0.262784,0.21567321,0.18235618
R180,1.9938415,1.9865205,1.9832762,1.9856547,1.9912498
R1800,0.12726295,0.13743871,0.15101397,0.15836763,0.17426771
R1801,0.15829885,0.1816907,0.20548642,0.23407465,0.26088887
R1802,0.14603299,0.14871132,0.15881348,0.17527425,0.19971544
R1804,0.104771376,0.09869051,0.095354736,0.0986774,0.10730982
R1805,0.43771428,0.40109164,0.36129963,0.32739925,0.30927598
R1806,0.011143327,0.026783884,0.05035293,0.07592058,0.10600704
R1809,0.08368504,0.091376305,0.09950125,0.111751676,0.12519175
R181,2.349175,2.2852635,2.1952667,2.0385332,1.9203312
R1810,0.06651497,0.05664432,0.051857293,0.06245482,0.076515734
R1811,0.1417172,0.13602102,0.13156545,0.13553536,0.14474899
R1812,0.33367312,0.30216366,0.26503158,0.24255854,0.23317045
R1813,0.008857489,0.015712857,0.0295102,0.03635478,0.05568129
R1815,0.321743,0.33147514,0.34392846,0.370431,0.39644474
R1816,0.08129746,0.106661916,0.1420139,0.18900383,0.23394507
R1817,0.0036244988,0.0,0.0,0.0072034597,0.020869315
R1819,0.2676865,0.3134821,0.37084395,0.43961048,0.50210655
R182,2.087112,2.1553574,2.2094755,2.2333002,2.2541902
R1820,0.10674584,0.09868622,0.0942179,0.085403204,0.087277055
R1821,0.036385775,0.032896996,0.032633662,0.041781664,0.052773237
R1822,0.040160835,0.052963316,0.069447875,0.08513129,0.10538709
R1823,0.0444932,0.031065524,0.028618574,0.048023283,0.07005221
R1824,0.983269,0.9874307,0.98004985,0.969754,0.97128826
R1826,0.38973585,0.4065811,0.4144686,0.42039025,0.42653313
R1827,0.076572716,0.068356335,0.063839555,0.07343924,0.08542675
R1828,0.0,0.0005286336,0.015318751,0.033948183,0.056809306
R1829,0.12455058,0.11848384,0.1154775,0.10677642,0.10977554
R183,3.579018,3.561131,3.5606108,3.5344038,3.5183241
R1831,0.33204585,0.32738328,0.3229242,0.32735038,0.34377074
R1832,0.18494034,0.18857032,0.19653535,0.21046054,0.23018414
R1836,0.7948193,0.9137355,1.042716,1.1553422,1.2664224
R1839,0.864351,0.85293704,0.827653,0.7970234,0.7821446
R1840,0.22670132,0.21580964,0.21295512,0.23022133,0.25576663
R1841,0.29519057,0.25949174,0.21817756,0.1867817,0.17440772
R1843,0.14046758,0.14299077,0.15218198,0.15115952,0.1607961
R1844,0.18615055,0.17243218,0.16814804,0.16322136,0.17582732
R1845,0.04574454,0.054553032,0.06696606,0.08129561,0.098945975
R1846,0.5648588,0.60952824,0.65685785,0.7067889,0.755606
R1848,0.0638234,0.058142126,0.055544615,0.05626285,0.06396049
R1849,0.08163786,0.07980031,0.082427144,0.07954621,0.08510989
R185,1.8843399,1.9492418,1.9798148,1.9805228,1.971519
R1851,0.24059367,0.24985248,0.26426327,0.29186696,0.32126033
R1852,0.33394247,0.3157801,0.30379957,0.29190826,0.29959577
R1853,0.007725358,0.009501576,0.016325593,0.026302576,0.041607797
R1854,0.37115103,0.37768328,0.3826638,0.38956943,0.40111452
R1855,0.004784167,0.0019392371,0.0041258335,0.006020725,0.016616702
R1856,0.28124714,0.31092763,0.34320176,0.34521997,0.35696024
R1858,0.2885061,0.20509839,0.11372036,0.04508382,0.0
R186,2.4158535,2.491747,2.540007,2.5424929,2.5395753
R1860,0.818972,0.7637971,0.6975511,0.6581658,0.63667476
R1862,0.037629485,0.03212011,0.0356282,0.05261308,0.07750952
R1863,0.9503611,0.9821249,1.0108502,1.037723,1.0691382
R1864,0.22602206,0.22395802,0.2118752,0.2101528,0.2054084
R1865,0.0,0.0,0.011386573,0.043590546,0.06938249
R1866,0.0,0.0,0.015095472,0.057655513,0.09828991
R1869,0.068250775,0.050758958,0.03475052,0.035057664,0.03885418
R187,3.005466,3.0311809,3.0127497,2.9556317,2.898554
R1871,0.24079025,0.2921574,0.32865864,0.36179993,0.38190094
R1872,0.54575604,0.53648794,0.5084189,0.45810905,0.4302941
R1874,0.04794979,0.03423941,0.02193129,0.022282362,0.027255416
R1875,0.12401849,0.10524136,0.08718717,0.08276665,0.0800181
R1877,0.3290205,0.33109808,0.3215996,0.32631695,0.31931156
R1878,0.044361353,0.015475392,0.0,0.0,0.0
R1879,1.115811,1.0141624,0.88707393,0.78314364,0.7136776
R188,2.8589935,2.7580276,2.6167097,2.453539,2.3268108
R1880,0.044743717,0.041403472,0.045226574,0.071258426,0.0990414
R1881,1.0791343,1.143587,1.2003341,1.2623278,1.3217585
R1882,0.35274297,0.4046553,0.448801,0.48174217,0.5073278
R1887,0.95838124,0.9683274,0.9703163,0.98493016,1.00387
R1888,0.14622766,0.13214093,0.11522466,0.11105716,0.10639042
R189,1.4652913,1.4867835,1.5117617,1.521908,1.5518942
R1891,0.0646956,0.051936865,0.046601295,0.058872342,0.07350409
R1892,0.123018086,0.104679346,0.08444643,0.07835859,0.07628256
R1895,0.5519923,0.49478257,0.44005093,0.41501278,0.40825313
R1898,0.0,0.0,0.0,0.01665032,0.04338926
R19,1.8536133,1.8419793,1.8017702,1.7596116,1.7330188
R190,2.2593613,2.3275757,2.3726046,2.403601,2.4249365
R1903,0.6057755,0.58456266,0.5630788,0.565938,0.57686555
R1904,0.5310237,0.5326612,0.53580934,0.5479863,0.5687777
R1905,0.35790884,0.26533246,0.16224802,0.08299732,0.028661191
R1908,0.85490155,0.8436741,0.8305918,0.84171975,0.85937226
R1909,0.67196983,0.6530634,0.6319509,0.62846947,0.63571733
R191,1.9808849,2.0523,2.0933785,2.0931215,2.0851612
R1910,0.56034625,0.6241872,0.6967417,0.7793234,0.86101115
R1911,1.1045903,1.0067466,0.8829394,0.78770137,0.7220014
R1913,0.07427257,0.036067665,0.0045215487,0.0,0.0
R1915,0.31047904,0.30285966,0.28396952,0.2748338,0.26373845
R1916,0.42384052,0.3345096,0.23667932,0.15939116,0.10955024
R1917,0.08970487,0.082250774,0.08216578,0.100310564,0.122494996
R1918,0.30252528,0.30103576,0.29823887,0.31419897,0.3286044
R1919,0.6239574,0.57005394,0.5065235,0.46021718,0.43344834
R192,3.6776733,3.6283598,3.544815,3.4097257,3.3138094
R1920,0.21680188,0.23491144,0.2579757,0.2920164,0.32288134
R1921,0.4781919,0.44685978,0.4202664,0.41156477,0.42204386
R1923,1.4471617,1.512218,1.53896,1.5447104,1.5480936
R1924,0.44220352,0.36309755,0.27735722,0.2172358,0.17311877
R1925,1.1523877,1.1853926,1.1992328,1.2137077,1.2225616
R1926,0.3017587,0.3463192,0.38025078,0.41717234,0.43860868
R1927,1.025359,0.97427887,0.9076997,0.8594427,0.8333107
R1928,0.3325541,0.37887973,0.41787046,0.46247816,0.49181062
R1929,0.47828746,0.42015034,0.36876544,0.35172775,0.356259
R193,1.9423695,1.9634825,1.9554043,1.9367121,1.9187582
R1930,0.5405508,0.5278535,0.50112563,0.4880073,0.47035307
R1931,0.13343728,0.08833969,0.0408327,0.0026078224,0.0
R1932,0.38894558,0.32913536,0.2631011,0.21825576,0.18779576
R1933,0.73890704,0.6819738,0.62526673,0.60166144,0.60081565
R1934,0.05056387,0.060316324,0.08303964,0.13201821,0.17961353
R1936,0.051936626,0.042533755,0.03255105,0.035948634,0.043272674
R1937,1.038301,0.94273156,0.8222772,0.7282616,0.6664204
R1938,0.9797448,0.9213428,0.8364514,0.77565706,0.7311861
R1939,0.51027805,0.5935472,0.68420947,0.78439033,0.8707509
R194,0.37467933,0.41848874,0.46560067,0.51126504,0.54342324
R1940,0.07672167,0.06834781,0.059934556,0.071015894,0.0777185
R1941,0.5155946,0.46160746,0.40101197,0.36427718,0.34346223
R1942,0.20627034,0.16558355,0.12783927,0.11616391,0.115706325
R1945,0.07676113,0.08060336,0.08634555,0.10298216,0.12245017
R1946,1.257914,1.1693432,1.0249294,0.883984,0.7641387
R1947,0.05847442,0.0451923,0.035243154,0.040890634,0.05043739
R1948,0.4510056,0.41335046,0.3772912,0.36114627,0.3590148
R1949,0.01840198,0.010757923,0.00573045,0.012616396,0.020696819
R195,2.3908134,2.4939399,2.5345387,2.5277538,2.495076
R1950,0.0,0.0,0.0,0.0,0.0032928586
R1951,0.054403782,0.04833889,0.04745829,0.05928862,0.077468395
R1953,0.072009265,0.058871627,0.0518108,0.059035897,0.07474494
R1955,0.27231014,0.22520149,0.18319726,0.1632387,0.16266942
R1956,0.18401265,0.16523564,0.14897132,0.1520623,0.16312164
R1957,0.36332113,0.28310263,0.19582582,0.13468528,0.09509754
R1959,0.31484485,0.27845895,0.23380983,0.20479894,0.18171102
R196,2.003159,1.9451705,1.8666064,1.7310556,1.6319001
R1960,0.3280524,0.31871235,0.3019755,0.3002963,0.30178833
R1961,0.41786543,0.3388008,0.26166868,0.21516883,0.1796866
R1962,0.7111323,0.6992389,0.6725427,0.6470488,0.630785
R1963,1.2389743,1.1144648,0.9483722,0.79839176,0.6846401
R1964,0.39127213,0.34586036,0.28914535,0.2545907,0.22813511
R1966,1.0978223,1.0840255,1.0525699,1.0444077,1.0395198
R1968,0.42761678,0.37442237,0.30993629,0.26467848,0.23177904
R1969,0.12391287,0.09307742,0.06203592,0.05615115,0.056874096
R197,3.8083682,3.8455238,3.864602,3.8502712,3.839779
R1970,0.944001,0.93322086,0.90147686,0.8778417,0.86781317
R1971,0.5812885,0.52993107,0.45609838,0.39338258,0.344639
R1972,1.1317118,1.1116894,1.063112,1.011435,0.97237724
R1973,0.072842896,0.06826222,0.06978655,0.0917325,0.11131084
R1974,0.8425286,0.84232694,0.83796656,0.83053744,0.8306377
R1975,0.2021389,0.19466037,0.18151224,0.1769284,0.17232722
R1976,1.1567881,1.1529299,1.1306223,1.1167203,1.1096151
R1977,0.4143755,0.3573202,0.29382855,0.25721377,0.23463374
R1978,0.71515214,0.6549446,0.57837856,0.53045815,0.49276882
R1979,1.1921024,1.2001758,1.18996,1.184978,1.1853869
R198,2.6592603,2.6862779,2.650367,2.5816956,2.5165727
R1980,0.622699,0.5856431,0.5383217,0.5011517,0.4758127
R1981,0.1892578,0.1595009,0.12151927,0.10464746,0.08246094
R1982,0.5329169,0.49001837,0.4333136,0.38678005,0.35861135
R1983,0.573469,0.51716024,0.439474,0.37305704,0.32165438
R1984,0.43227708,0.37746727,0.31517506,0.27954435,0.25246638
R1985,0.060155272,0.035284042,0.011781216,0.009247005,0.014617026
R1986,0.17734653,0.14797854,0.12566459,0.1367743,0.15021747
R1987,0.36106324,0.32447076,0.2831508,0.2620073,0.24727261
R1988,0.9242756,0.9276044,0.9181484,0.90542066,0.9034644
R1989,0.3743025,0.3645881,0.34963202,0.3478701,0.3486976
R199,2.8774014,2.9209514,2.9307957,2.881617,2.838976
R1990,0.49681395,0.46189427,0.4241163,0.39719832,0.38586193
R1991,0.030364513,0.0006579757,0.0,0.0,0.0
R1992,0.3267879,0.29700124,0.25557256,0.22591591,0.19684905
R1994,0.8122991,0.77338946,0.7163545,0.67578435,0.645112
R1995,0.732168,0.697189,0.6608164,0.65047693,0.6480256
R1996,0.7245922,0.7390739,0.7469291,0.7667838,0.7816826
R1998,0.2086209,0.18484437,0.15899861,0.15937811,0.16272253
R1999,0.53219044,0.49563336,0.43227094,0.36342198,0.3067435
R2,1.0189437,1.060249,1.0780509,1.0824443,1.0916295
R20,0.9056743,0.89020115,0.86081755,0.8467417,0.8446231
R200,2.0039139,2.0161958,1.9859903,1.9204489,1.8550789
R2000,0.22866708,0.20165503,0.17219728,0.1583392,0.1516589
R2001,0.28174776,0.28004432,0.27613986,0.28766704,0.29917043
R2002,1.1360283,1.1638063,1.1790159,1.1963269,1.2133054
R2003,0.46442804,0.52825546,0.5987767,0.6800951,0.74979705
R2004,0.2707016,0.21849918,0.16352415,0.1351738,0.10621542
R2006,1.047859,1.0775125,1.1020229,1.1244557,1.1493089
R2007,0.6330559,0.599707,0.5492148,0.51342505,0.4865428
R2008,0.33212817,0.31789315,0.30821842,0.3215475,0.3408981
R2009,0.2703216,0.2071619,0.13791889,0.09399885,0.06738186
R201,2.7258282,2.751009,2.726346,2.6819434,2.6450343
R2011,0.16996765,0.16632938,0.16155213,0.16683227,0.1710301
R2012,0.089336455,0.09012139,0.092889845,0.10550022,0.11750513
R2013,0.09164786,0.11564052,0.13888907,0.17240441,0.19789177
R2015,0.26225,0.2486664,0.22186208,0.20006251,0.17890865
R2016,0.12317443,0.12470329,0.12159556,0.1284051,0.13117272
R2019,0.6278926,0.5719691,0.4937399,0.41206342,0.34515
R202,2.6072896,2.6818542,2.716824,2.7113204,2.6955812
R2020,0.6107693,0.5800538,0.5290309,0.48887667,0.4489009
R2021,0.4063034,0.3980766,0.38738072,0.3704946,0.3650493
R2023,0.83502895,0.94694626,1.0386207,1.1020908,1.1396754
R2024,0.43328747,0.3947857,0.33758813,0.27930975,0.23094541
R2026,0.41590267,0.40301475,0.37612063,0.35343537,0.32962054
R2028,0.12751156,0.09546864,0.06719452,0.0531919,0.04982829
R2029,0.1620208,0.12866604,0.097367406,0.08151609,0.075923026
R203,3.4971275,3.5451088,3.5655422,3.5578399,3.551467
R2030,0.38417515,0.44209173,0.4924841,0.5381565,0.5690876
R2031,0.61861885,0.58872205,0.53858715,0.49747002,0.46425015
R2032,0.18570375,0.17864943,0.16575181,0.15706831,0.14824456
R2033,0.26721972,0.26716602,0.26686096,0.27016777,0.2758273
R2034,0.45666662,0.43900895,0.4121667,0.3854751,0.36899263
R2035,0.3020029,0.2654698,0.22241467,0.19955772,0.17999822
R2038,0.14306581,0.10635239,0.075876355,0.06259549,0.063075125
R204,2.5888295,2.595192,2.5719137,2.5487804,2.5355875
R2041,0.14530319,0.13310981,0.12061298,0.116910934,0.116963565
R2042,0.3574655,0.34515297,0.31619513,0.29612386,0.27251118
R2043,0.10740781,0.11107868,0.10986251,0.1078645,0.10852915
R2044,0.17063689,0.11281538,0.05642718,0.018306136,0.0
R2047,0.059916615,0.06656861,0.07624656,0.09087145,0.105638444
R2048,0.6242242,0.60053504,0.5434445,0.46511918,0.40027606
R205,2.6593294,2.6739528,2.645249,2.6007643,2.5595927
R2050,0.041032195,0.04679191,0.052434027,0.07032025,0.0841406
R2052,0.10061425,0.12523854,0.15680325,0.19636881,0.23574269
R2055,0.15401393,0.14971316,0.13885409,0.14289743,0.14352554
R2057,0.5436077,0.53231394,0.5069441,0.48785904,0.46980548
R2058,0.21616602,0.21891785,0.22102845,0.22283363,0.2263459
R2059,0.3726581,0.31637335,0.24537218,0.17904627,0.12835234
R206,1.4941745,1.5842404,1.6333091,1.640973,1.6283176
R2063,0.051790178,0.051063,0.05067724,0.06695497,0.079891205
R2064,0.54009956,0.5899547,0.62934154,0.6616722,0.6830543
R2065,0.0198915,0.02457273,0.028015137,0.041764855,0.050468206
R2066,1.1170261,1.2686222,1.3952006,1.480175,1.5297952
R2067,0.03533244,0.04083228,0.04758811,0.058158755,0.07347411
R2068,0.2427538,0.2246393,0.19946265,0.18663383,0.17490458
R207,3.873547,3.896326,3.8852706,3.839323,3.8040318
R2070,0.088600576,0.09433591,0.10086024,0.11924195,0.13731587
R2071,0.2845677,0.27523685,0.25400662,0.24082184,0.22824204
R2072,0.23333275,0.257685,0.28357142,0.30897224,0.3336358
R2073,0.09405446,0.09406257,0.08794296,0.08820021,0.08848411
R2074,0.2597307,0.2605945,0.2604366,0.25938165,0.26247424
R2077,0.96151596,1.02983,1.0621673,1.0658495,1.0535342
R2078,0.16093296,0.15001798,0.1326704,0.11874068,0.10479653
R2079,0.6911884,0.66661435,0.6096516,0.54657996,0.4879767
R208,3.3982568,3.3639326,3.322277,3.2455025,3.1902466
R2081,0.13156879,0.124915004,0.12060529,0.1339438,0.1496777
R2083,0.12781489,0.12416637,0.12271583,0.12993562,0.13917607
R2084,0.06419575,0.0498659,0.036185324,0.04216826,0.047234118
R2085,0.045518517,0.05971694,0.07603991,0.09192109,0.10813731
R2088,0.1048193,0.09669989,0.0891211,0.093333125,0.1031639
R2089,0.08516061,0.08762103,0.087385416,0.09753597,0.10744405
R209,2.297763,2.3300467,2.3057475,2.2440863,2.184562
R2090,0.23342419,0.22008795,0.19719857,0.1771627,0.16162449
R2094,0.0,0.0,0.012613356,0.037972033,0.0656479
R2095,0.18639278,0.16736662,0.14531362,0.11937845,0.104575455
R2096,0.38281867,0.3284546,0.26506907,0.2283951,0.19872433
R2097,0.35304677,0.34521163,0.32937562,0.32397246,0.3164001
R2099,0.29578602,0.22112072,0.1507349,0.09692806,0.07656014
R21,0.3530833,0.38659462,0.42078078,0.46316993,0.50500727
R210,0.621042,0.60602057,0.59740794,0.5855544,0.5912792
R2101,1.8379382,1.9573239,2.0781853,2.1879654,2.2760487
R2102,3.2990909,3.414608,3.506144,3.569696,3.6225548
R2103,0.11338717,0.14158928,0.18014753,0.22793084,0.27259296
R2105,0.45739162,0.47311863,0.49626845,0.5303756,0.57353747
R2106,0.41264257,0.3929513,0.38887185,0.4066768,0.4423218
R2109,0.368738,0.38183835,0.42440528,0.48742765,0.5651826
R211,4.6034775,4.5410795,4.481751,4.4201326,4.397165
R2110,3.2894135,3.3430562,3.3960829,3.4304042,3.4698205
R2111,0.46074268,0.5640255,0.6708137,0.77108324,0.85119885
R2113,0.7715966,0.794613,0.81596404,0.8240902,0.85136425
R2114,0.12342548,0.10695511,0.09706855,0.082719445,0.08877915
R2117,2.6915936,2.7496657,2.8229716,2.8883195,2.9394295
R2119,1.4095428,1.4463611,1.4801183,1.5085883,1.5480099
R212,3.943275,3.9315038,3.9187293,3.8830361,3.8802812
R2120,2.4464216,2.5161216,2.5473094,2.5490305,2.541907
R2121,1.5945327,1.5588226,1.5011706,1.4084258,1.3595246
R2122,0.4933074,0.55939865,0.655842,0.7652336,0.8858076
R2123,0.2380758,0.26407868,0.2986734,0.33405936,0.37985337
R2125,0.22415686,0.3062256,0.41804278,0.4988613,0.5922408
R2126,1.5922626,1.722003,1.8617598,1.9584606,2.0593002
R2127,2.8583689,2.8771563,2.857111,2.8234172,2.8004918
R213,4.4062867,4.3831496,4.362725,4.3309355,4.3117933
R2130,0.59568095,0.67317665,0.79283607,0.85679543,0.9473176
R2131,0.39663008,0.4604357,0.56827587,0.68226844,0.8144641
R2133,0.4728096,0.38766912,0.31461596,0.24932289,0.23188853
R2134,1.1687964,1.0940267,0.98899585,0.89436567,0.8276446
R2135,0.7545773,0.89202696,1.0398661,1.1526301,1.2541127
R2138,0.22312462,0.20924544,0.18980652,0.1835885,0.1807633
R2139,0.8065211,0.73382884,0.6384162,0.56180775,0.5056954
R214,2.452435,2.5288463,2.5660005,2.5649743,2.5529544
R2141,0.19455051,0.22854632,0.2710834,0.3185413,0.36397418
R2144,1.7449403,1.7248303,1.6860037,1.6524448,1.63292
R2149,0.13819593,0.11033112,0.09240085,0.08528888,0.09353119
R215,2.409723,2.4301333,2.4121735,2.3444004,2.2905788
R2154,0.056134403,0.056748927,0.06972897,0.09200269,0.12250191
R2155,0.8926747,1.0331973,1.1642438,1.2588727,1.3267616
R2156,0.21478152,0.19379616,0.19506365,0.19598657,0.22344095
R2157,0.64216256,0.59931004,0.5497551,0.50126904,0.47893578
R216,2.3445637,2.3855934,2.3945954,2.3943233,2.3924491
R2162,1.638805,1.7294183,1.8094755,1.8834703,1.9557769
R2166,0.15635705,0.18776256,0.24098885,0.29272866,0.3548939
R2167,4.5945945,4.630016,4.656653,4.6565504,4.6788583
R2168,0.69579077,0.7730701,0.87041765,0.90355974,0.9534154
R217,2.2031589,2.2393508,2.247612,2.2465425,2.2523122
R2172,0.7087995,0.70484686,0.7104511,0.7087704,0.7277971
R2173,0.5568312,0.44697493,0.33591622,0.24178839,0.19931036
R2174,1.69521,1.683543,1.6574953,1.6397455,1.6387715
R2175,1.3379138,1.2921149,1.197162,1.0895588,0.99920267
R2176,0.106783986,0.088225365,0.0697667,0.07361317,0.08283919
R2177,0.0005990267,0.0,0.0,0.0,0.0
R2178,0.0,0.0,0.0,0.0062975883,0.02626586
R2179,0.118819594,0.11594689,0.11554611,0.13153577,0.15005213
R218,1.675786,1.7409122,1.773809,1.7888088,1.7907424
R2180,0.09697604,0.05774355,0.03287494,0.02753818,0.04183477
R2181,0.95784765,0.9766362,0.97878945,0.9766333,0.97655475
R2182,1.1489289,1.2041591,1.2381709,1.2534579,1.2678816
R2183,0.7829488,0.74607235,0.6977814,0.6454942,0.59927535
R2184,0.52414334,0.5025372,0.47338325,0.46709192,0.4682714
R2185,0.85828555,0.8047152,0.73170376,0.66696227,0.62074506
R2186,1.2915916,1.2846792,1.2513514,1.2057152,1.1711721
R2187,0.9357976,0.97114,0.98108286,0.9788854,0.9738097
R2188,0.117207885,0.081504285,0.05290115,0.0446316,0.04796213
R2189,1.4356235,1.3227485,1.1445639,0.9627023,0.808097
R219,1.8709834,1.9066968,1.9260167,1.941697,1.9625893
R2190,0.067275345,0.039331436,0.01359117,0.0,0.0
R2191,1.2003032,1.2306826,1.2411993,1.2565595,1.2758933
R2192,1.8013287,1.80105,1.7586021,1.6932371,1.6370795
R2193,2.2706242,2.3040566,2.3086424,2.280609,2.243357
R2194,1.0497088,1.0026532,0.9226787,0.85523146,0.78179216
R2195,0.051328897,0.028672934,0.014610529,0.019351363,0.035910785
R2196,0.48761138,0.43428534,0.37109074,0.3394977,0.32034284
R2197,0.358384,0.3842141,0.40118748,0.3956969,0.39712405
R2198,0.084646285,0.059030414,0.03389722,0.023568153,0.019340575
R2199,0.4299577,0.44390643,0.4511459,0.45685977,0.46178895
R220,3.1615477,3.2201128,3.2512617,3.263864,3.2801921
R2200,0.14558339,0.12218428,0.09597546,0.08472723,0.083898485
R2201,0.5246767,0.47847587,0.41501743,0.35625106,0.30704182
R2202,1.4354031,1.4953138,1.5332167,1.5591702,1.5822003
R2203,0.0,0.0,0.0,0.0017127991,0.03376645
R2204,0.7868263,0.76255846,0.71129876,0.66489506,0.6277795
R2205,0.2709576,0.23079717,0.19417709,0.17152274,0.16680461
R2206,0.3094877,0.2737407,0.2382673,0.21617222,0.21022767
R2207,0.8471404,0.8690197,0.8837798,0.90721697,0.93652666
R2208,0.0543319,0.03730458,0.025298059,0.027585566,0.03570795
R2209,1.1589258,1.160687,1.1508552,1.137428,1.1307911
R221,3.2554173,3.1523423,3.0364962,2.9254966,2.8645575
R2210,0.018979609,0.021707416,0.03421378,0.06363416,0.096607804
R2211,0.0,0.0,0.0,0.0,0.0
R2212,0.05177009,0.064287364,0.07473713,0.09366357,0.11041719
R2213,0.194996,0.20077085,0.20679414,0.23404408,0.25791496
R2214,0.044540644,0.05147153,0.054569185,0.06660855,0.07833105
R2215,0.0,0.0,0.0,0.0,0.0
R2217,0.10415423,0.10512,0.10437912,0.114593744,0.11930573
R2218,0.026501417,0.024451137,0.02541703,0.037743747,0.050448835
R222,1.3276513,1.3758185,1.4069737,1.4284903,1.442491
R2220,0.10827494,0.13050675,0.15268272,0.18439847,0.21109188
R2221,0.5467387,0.5848192,0.60751796,0.62342393,0.6327143
R2222,0.11515987,0.13642788,0.15931916,0.18527496,0.2081905
R2224,0.4030692,0.36087263,0.31316477,0.2791565,0.2602796
R2225,1.1923357,1.1432812,1.0714041,1.0129206,0.9753156
R2226,0.20480734,0.20672399,0.20225835,0.20180303,0.20419163
R2227,0.32781464,0.27760184,0.21850616,0.16344023,0.12834805
R2228,0.38903776,0.37712488,0.35285294,0.3348543,0.31907558
R2229,0.075050116,0.067294955,0.05962169,0.06519151,0.07237679
R223,1.6231925,1.6957312,1.744622,1.780544,1.8023884
R2230,0.1357497,0.13283229,0.12770241,0.13755906,0.14647603
R2231,0.011396766,0.0,0.0,0.0,0.0020234585
R2232,0.017244041,0.0,0.0,0.0,0.00726223
R2233,1.3550843,1.3787622,1.3822924,1.3737013,1.3719381
R2234,0.25343,0.26298875,0.26978612,0.28259027,0.29388058
R2235,0.44404155,0.47152096,0.49291062,0.5222081,0.5481765
R2236,0.10317254,0.12428981,0.14567089,0.17733538,0.20205277
R2237,0.0,0.0,0.0,0.009727478,0.018757284
R2238,0.0,0.0,0.0,0.0,0.0
R2239,0.0,0.0,0.0,0.0,0.0
R224,0.83531135,0.76149195,0.6924219,0.6515169,0.6353471
R2240,0.0,0.0,0.0,0.0,0.0
R2241,0.15073633,0.1439997,0.13708258,0.14222097,0.14772397
R2242,0.17633563,0.18722522,0.18906206,0.19627762,0.19620866
R2243,0.26506186,0.24931169,0.22800434,0.2111541,0.19961321
R2244,0.4193662,0.3708685,0.31340444,0.2699138,0.24011236
R2247,0.4356186,0.42085493,0.38652426,0.35290894,0.31873423
R225,0.654796,0.68418866,0.7264228,0.7783376,0.8325552
R2250,0.07440007,0.064585984,0.05585122,0.065044284,0.074036896
R2251,0.2743249,0.25675154,0.23837763,0.22524166,0.21889865
R2252,0.25013894,0.2579527,0.2632478,0.28541887,0.29990888
R2253,0.3012904,0.26351303,0.21301252,0.1678775,0.13036722
R2254,0.29508066,0.25814545,0.21664071,0.18587941,0.16796333
R2257,0.14888585,0.13386357,0.11786246,0.121141195,0.12681001
R2259,0.062208652,0.043464422,0.029533267,0.031137466,0.038660645
R226,1.2617571,1.2677226,1.2492986,1.2267547,1.2103428
R2260,0.3637358,0.3982202,0.42840344,0.45487285,0.47940928
R2263,0.036420763,0.03167045,0.027041495,0.029684842,0.032725155
R2265,0.4632108,0.42362472,0.3766025,0.33932686,0.31645334
R2266,0.45663255,0.44753656,0.41921562,0.38852334,0.36447504
R2267,0.08020514,0.06768769,0.05790913,0.066520154,0.07669252
R2269,0.21398187,0.18415403,0.15705931,0.12867445,0.1215176
R227,2.2532525,2.282871,2.284005,2.2713547,2.259953
R2270,0.109521866,0.085137546,0.06305063,0.05708337,0.05749005
R2271,0.14801967,0.16411078,0.17375422,0.19083536,0.19803804
R2272,0.0,0.0047914386,0.014110923,0.03438145,0.052750528
R2273,0.0,0.0,0.0,0.010261774,0.020393312
R2275,0.048774183,0.071367145,0.097340584,0.1317501,0.16554677
R2278,2.3331323,2.4502592,2.5001311,2.473599,2.4210277
R2279,1.7681364,1.8041553,1.7944148,1.7623471,1.7276297
R228,1.4196903,1.528058,1.6204941,1.6939237,1.7507708
R2280,1.4117749,1.4299847,1.4193537,1.3994722,1.3735867
R2281,1.7782853,1.8466511,1.861517,1.859006,1.8439537
R2282,0.02258563,0.006731987,0.0007839203,0.0071285963,0.023005784
R2283,1.4901406,1.400284,1.2679603,1.1487763,1.0635921
R2284,0.7235352,0.66570497,0.6017716,0.54475725,0.517274
R2285,0.7659536,0.7309554,0.69366527,0.6474185,0.6217866
R2286,2.2432623,2.2382016,2.155508,2.040935,1.9359264
R2287,1.9787724,1.929533,1.815398,1.6912447,1.583555
R2288,0.0,0.0,0.0,0.01088351,0.053375185
R2289,0.25386387,0.278916,0.30319297,0.32253027,0.34675246
R229,2.918199,2.9524145,2.9609332,2.9448514,2.9335902
R2290,0.95626044,0.9254934,0.85793877,0.7905575,0.73243797
R2291,1.6224129,1.658133,1.6519012,1.63981,1.6264951
R2292,0.1768502,0.16420645,0.14677316,0.1260227,0.11750734
R2293,0.0669384,0.046207845,0.027985692,0.02195406,0.020730913
R2294,0.15966451,0.12631416,0.09154582,0.067091405,0.052677393
R2295,0.6033594,0.5916314,0.57505023,0.580976,0.5896435
R2296,0.6991705,0.68133163,0.6595806,0.65987325,0.67180455
R2297,1.5106884,1.5129231,1.4512773,1.3616216,1.2733915
R2298,0.17135096,0.20803976,0.2447725,0.29789615,0.3378082
R2299,0.046476424,0.08403295,0.13447726,0.2041263,0.2702611
R23,0.36419523,0.2864582,0.20446229,0.11860311,0.06291723
R230,0.05226201,0.06791282,0.08030295,0.08958697,0.088388085
R2300,0.028704405,0.06706357,0.11980802,0.17948759,0.23513561
R2301,0.62020445,0.6658267,0.6975955,0.72735405,0.74843955
R2302,0.18377757,0.20088601,0.21659374,0.24011767,0.2602623
R2303,0.009424329,0.031919003,0.057759225,0.090706766,0.122078
R2304,0.34872824,0.41831955,0.47593334,0.5231812,0.5566828
R2305,1.8556118,1.9316964,1.9507544,1.9401606,1.9148431
R2306,1.6003877,1.6667473,1.6946334,1.6956563,1.6874245
R2307,1.2486333,1.3622874,1.4653952,1.5544758,1.6298769
R2308,0.0,0.0,0.0,0.0,0.0
R2309,0.04292369,0.04484439,0.055843353,0.07414013,0.09984678
R231,1.4244938,1.4369507,1.4403852,1.4390311,1.4465775
R2310,0.42063844,0.36380765,0.30064452,0.25921357,0.23051274
R2311,0.82390153,0.7326258,0.59322715,0.45916614,0.34167224
R2312,0.11116409,0.087136924,0.06446159,0.051101685,0.044190466
R2313,0.69166565,0.6394737,0.5842274,0.550833,0.5387269
R2314,0.71225864,0.645501,0.5659477,0.50356066,0.4632252
R2315,1.6310116,1.568346,1.4265269,1.2690368,1.128738
R2316,0.0,0.0,0.0,0.0,0.0
R2317,0.32963943,0.3034011,0.26556516,0.23965311,0.21502084
R2318,0.44919991,0.40911603,0.3571975,0.32092738,0.29194868
R2319,0.06496346,0.029848099,0.0027968884,0.0,0.0
R232,2.4176445,2.4536076,2.465156,2.468064,2.47506
R2320,0.93817437,0.9678177,0.9961516,1.0382104,1.0853999
R2321,1.1662004,1.2339499,1.2698865,1.2811602,1.2849488
R2322,0.881485,0.83731914,0.7834958,0.7396382,0.71426654
R2323,0.84244734,0.7823231,0.7105526,0.6604816,0.6346415
R2324,1.816295,1.8610294,1.8498577,1.8097079,1.7650208
R2325,0.5032709,0.52080333,0.5333245,0.56513095,0.59972906
R2326,0.70098937,0.6958826,0.6817267,0.6760187,0.68154144
R2327,0.6768979,0.6580825,0.6032286,0.5518464,0.50232375
R2328,0.25391728,0.31008017,0.3696711,0.4315117,0.4846031
R2329,0.33187568,0.2852962,0.23475337,0.20418853,0.18553203
R233,1.575223,1.5818632,1.5920478,1.5867158,1.5900439
R2330,0.22019207,0.17901087,0.13502884,0.117173195,0.10581726
R2331,0.28974032,0.28345865,0.27746665,0.2748953,0.2798149
R2332,1.1083951,1.0533777,0.972748,0.8908223,0.83324814
R2333,0.25414264,0.2183181,0.18479955,0.16979814,0.16498452
R2334,0.20575655,0.15098321,0.1046114,0.078454375,0.072473764
R2335,0.70766425,0.7056012,0.69624436,0.6971621,0.70196056
R2336,0.43779966,0.4302681,0.4215212,0.41918123,0.42519027
R2337,0.36149067,0.3392861,0.3107375,0.2870934,0.271195
R2338,0.45336214,0.4561637,0.45000064,0.44626987,0.44517183
R2339,0.6553167,0.6364867,0.6133124,0.5889665,0.57995677
R234,0.78409743,0.7994968,0.8134531,0.82198656,0.8339984
R2340,0.27742428,0.24232745,0.2069428,0.19426513,0.18940324
R2341,0.7845423,0.86654425,0.93138427,0.964049,0.97918075
R2342,0.26177847,0.24519658,0.2285794,0.22212732,0.22242397
R2343,0.57945603,0.49923033,0.39931327,0.32299352,0.2617107
R2344,0.6526602,0.60999066,0.54241323,0.47354114,0.41577712
R2345,0.39570612,0.34693372,0.29445827,0.26568967,0.24882412
R2346,0.39897367,0.37728488,0.35272634,0.3495056,0.3486442
R2347,0.37368754,0.3953752,0.41472524,0.41887528,0.42737368
R2348,0.4632321,0.42310673,0.3639855,0.30771816,0.26227915
R2349,0.203336,0.14765835,0.091811776,0.061418414,0.045166492
R235,1.1456932,1.1785887,1.2118583,1.2320822,1.2609513
R2350,0.8001768,0.7925973,0.7739086,0.77363247,0.77879876
R2351,0.9951824,0.925447,0.81952894,0.727727,0.6512091
R2352,0.53519094,0.48813823,0.43533328,0.41028607,0.39618438
R2353,0.62451494,0.5857434,0.5196042,0.46809036,0.42207396
R2354,0.716835,0.7073002,0.68227303,0.65948105,0.6463818
R2355,0.4677344,0.42393568,0.3626386,0.30104244,0.2548386
R2356,0.41551584,0.4031476,0.38851577,0.37425238,0.37276018
R2357,0.5903634,0.5690296,0.54253936,0.5384481,0.5401752
R2358,0.17377412,0.12135196,0.06973934,0.042353988,0.030356824
R2359,0.5858383,0.53737783,0.47902972,0.4367867,0.40987426
R236,1.0335238,0.94042397,0.83261764,0.73649585,0.6662445
R2360,0.38597685,0.3608445,0.3239653,0.28741348,0.26064897
R2361,0.24757254,0.18004942,0.10963023,0.06996918,0.04698527
R2362,0.3363415,0.29035783,0.23706663,0.19971347,0.17662472
R2363,0.33193314,0.27316487,0.20723438,0.15271115,0.1176278
R2364,0.4270722,0.41803306,0.40551245,0.4041937,0.4067649
R2365,0.4568166,0.44443107,0.42409945,0.40263006,0.39098173
R2366,0.69494534,0.6897441,0.66776687,0.651068,0.6363034
R2367,0.5802288,0.5705885,0.554248,0.55273956,0.5569022
R2368,0.25164783,0.2115683,0.16766328,0.129062,0.108724594
R2369,0.3926162,0.39862275,0.38292342,0.35194016,0.3206637
R237,1.5479505,1.6519113,1.7349019,1.7894875,1.8324318
R2370,0.5538416,0.55241567,0.5419375,0.5263278,0.51764
R2371,0.6591798,0.64879745,0.6300233,0.6204723,0.6195313
R2372,0.6348258,0.6297795,0.61559033,0.60577214,0.60118395
R2373,0.30306083,0.29379678,0.28218168,0.29354346,0.3017102
R2374,0.36062652,0.30494827,0.24198103,0.19370389,0.1634695
R2375,0.35801607,0.30452394,0.24315977,0.19644725,0.16678542
R2376,0.68077457,0.6419212,0.5922873,0.55870605,0.5364994
R2377,0.45080817,0.45332575,0.45392388,0.4595707,0.46572623
R2378,0.47658223,0.42534706,0.36955914,0.32695013,0.302406
R2379,0.64838386,0.56979483,0.47236374,0.3930477,0.33854836
R238,0.75830793,0.78754926,0.8192824,0.8489564,0.8789532
R2380,0.61378694,0.5689775,0.5103742,0.4570447,0.42163897
R2381,0.5764563,0.5974955,0.60907483,0.6241832,0.6362762
R2382,0.26152956,0.22180581,0.1705991,0.116582274,0.08291763
R2383,0.736791,0.7314868,0.7238891,0.7338031,0.74610615
R2384,0.34597993,0.2932256,0.24139577,0.21523786,0.2060138
R2385,0.20284975,0.17004478,0.13809943,0.13032019,0.12710685
R2386,0.21324277,0.26549762,0.31589234,0.35885036,0.3912188
R2387,0.28794467,0.24010903,0.19083238,0.15925008,0.14576471
R2388,0.45218998,0.4390744,0.4166046,0.38585296,0.36877176
R2389,0.7328222,0.7294166,0.71172357,0.6907547,0.6779102
R239,0.6838274,0.68029225,0.6594742,0.62873906,0.6044619
R2390,1.1061924,1.0478554,0.9414365,0.82221353,0.71911865
R2391,0.13067627,0.13841271,0.14642036,0.15577662,0.1674791
R2392,0.30516446,0.26400143,0.21328503,0.1728952,0.144333
R2393,0.67948663,0.7382072,0.7884748,0.8223531,0.84274787
R2394,0.36534584,0.32291245,0.2752211,0.25191855,0.2348358
R2396,0.08739668,0.10664576,0.12946665,0.15849537,0.18548268
R2398,0.08457506,0.044965506,0.008257151,0.0,0.0
R24,0.07019007,0.038316607,0.006375253,0.0,0.0
R240,1.7959661,1.8590797,1.9083613,1.9557065,1.999851
R2400,0.025399566,0.0,0.0,0.0,0.0
R2404,0.0,0.00041526556,0.009412527,0.021239877,0.039779842
R2409,0.0105291605,0.0,0.0,0.0,0.0
R241,0.77457535,0.7591052,0.7566185,0.76560307,0.7900226
R2411,0.59152675,0.5965077,0.5875726,0.57836527,0.5739127
R2412,0.08703756,0.04370916,0.0,0.0,0.0
R2415,0.035060823,0.011717975,0.0,0.0,0.0
R242,1.4175272,1.484264,1.5315363,1.5481638,1.5612327
R2424,0.07994014,0.06904292,0.06664115,0.08305508,0.103936136
R2425,0.09201622,0.03953445,0.0,0.0,0.0
R2427,0.81656295,0.8019598,0.7688872,0.7198707,0.6857064
R243,1.4041785,1.3531442,1.2805498,1.2162449,1.1746045
R2432,0.4758652,0.47053525,0.45348364,0.4403214,0.43560308
R244,1.5339168,1.4466448,1.3376758,1.2512273,1.1949809
R2440,0.024375916,0.022140145,0.025482059,0.041406274,0.06305176
R2443,0.13167208,0.10231364,0.075158596,0.06327635,0.0679512
R2448,0.10184908,0.043608844,0.0,0.0,0.0
R245,0.18472266,0.12428546,0.067883015,0.02500397,0.004362941
R2452,0.048817992,0.07074475,0.10264331,0.13867265,0.17428273
R2455,0.022900581,0.001550138,0.0,0.0,0.0
R2458,0.045265615,0.024784446,0.00921607,0.006108761,0.009750128
R2459,0.07031888,0.044903338,0.022462487,0.012575746,0.01182127
R246,1.5640823,1.6636481,1.7501006,1.8280532,1.8915606
R2466,0.012047172,0.0,0.0,0.0,0.0
R2469,0.031952262,0.017673135,0.007579565,0.009093821,0.016468227
R247,1.7209053,1.7295985,1.7191045,1.7025797,1.6944119
R2471,0.020992339,0.0,0.0,0.0,0.0
R2478,1.0256745,1.0468484,1.0290812,0.983221,0.9419096
R248,1.0830152,1.1304806,1.1810172,1.2422283,1.3013417
R2480,0.117929935,0.11425167,0.11305964,0.13038647,0.1470353
R2482,0.0685491,0.03144884,0.0,0.0,0.0
R2483,0.08046979,0.04665643,0.0146119,0.0,0.0
R2484,0.077666044,0.07791138,0.079358935,0.0963977,0.11117309
R2487,0.024936736,0.0,0.0,0.0,0.0
R249,1.012099,1.0684255,1.1282394,1.1845328,1.2407634
R2490,2.5292006,2.6281924,2.670452,2.6723595,2.6487813
R2491,1.3759158,1.390003,1.3739649,1.3486127,1.3198249
R2492,0.25106525,0.22048002,0.17410076,0.1361574,0.1100955
R2493,0.7136172,0.7374242,0.753172,0.75828046,0.77799064
R2494,1.805077,1.8601273,1.9046978,1.9222401,1.9550018
R2495,2.0565333,2.0647726,2.020112,1.9653083,1.9156451
R2496,0.022949815,0.030225515,0.049601912,0.09105444,0.12945014
R2497,1.0059359,1.018556,0.9941791,0.9458475,0.89435613
R2498,2.3258114,2.458693,2.5373669,2.5381093,2.5030465
R2499,2.7852879,2.866932,2.899222,2.8908858,2.8716393
R25,1.1117074,1.109748,1.0518574,0.96120995,0.87123805
R250,2.085065,2.063579,1.999575,1.9320809,1.8767323
R2500,0.2174089,0.14946353,0.091775775,0.07152653,0.06470293
R2501,1.1951618,1.2541504,1.3247824,1.3512691,1.4088916
R2502,1.4547868,1.5156401,1.5542064,1.5837249,1.5976019
R2503,1.8769004,1.8826468,1.8553951,1.8299717,1.8118823
R2504,2.1220627,2.0853,2.001496,1.9235095,1.8654065
R2505,2.380015,2.3938174,2.386127,2.3698564,2.3600917
R2506,0.77689636,0.7917577,0.7846292,0.7761516,0.76790273
R2507,2.4448166,2.5864267,2.7042282,2.8011923,2.875112
R2508,0.40773726,0.40916306,0.41124785,0.4237163,0.4373779
R2509,0.4016636,0.3700837,0.3303061,0.29635942,0.27392322
R251,0.9824506,1.0009656,1.0167084,1.0443376,1.0738705
R2510,0.9102817,0.8769525,0.7996435,0.7192869,0.6515243
R2511,0.4661134,0.4094824,0.34331512,0.29516876,0.25626463
R2512,3.1279178,3.1931229,3.2165084,3.2123246,3.1953642
R2513,0.7897047,0.92568403,1.0758373,1.2007269,1.2880127
R2514,0.7948307,0.8922535,0.99748796,1.1013483,1.1901736
R2515,2.2734652,2.3566403,2.3859203,2.3723836,2.336855
R2516,1.4810176,1.433914,1.3688318,1.3258513,1.3027261
R2517,2.464071,2.3064904,2.094044,1.907294,1.7645736
R2518,1.2372094,1.2855551,1.2967948,1.2934679,1.2852546
R2519,1.9937406,2.0069928,2.000957,1.9957782,1.9990506
R252,3.1160793,3.2727094,3.3996596,3.4941077,3.5706897
R2520,2.744266,2.6652875,2.5289826,2.36396,2.2194834
R2521,1.3493274,1.3028579,1.226871,1.1642072,1.116205
R2522,2.6674585,2.7805643,2.863143,2.9018855,2.9303446
R2523,0.13883972,0.1558516,0.18215501,0.2190851,0.25279993
R2524,2.9663615,3.0143876,3.0228462,3.004983,2.9811828
R2525,0.3258527,0.382568,0.42940027,0.46694654,0.4891745
R2526,1.2715359,1.2015399,1.1052183,1.026621,0.9677067
R2527,1.4760818,1.5386337,1.5793269,1.6128495,1.646137
R2528,0.4829467,0.45280144,0.4330396,0.4195161,0.42670742
R2529,2.3553185,2.4604485,2.5279126,2.575532,2.5986214
R253,0.99312687,1.0103308,0.99599934,0.9703524,0.9364338
R2530,1.2278637,1.3218712,1.4249272,1.5316373,1.6253195
R2531,1.1348627,1.1177307,1.0855237,1.065558,1.0528185
R2532,1.5831301,1.616158,1.6155554,1.5859416,1.5582845
R2533,1.200567,1.2772135,1.3470995,1.4194237,1.4804308
R2534,0.33067226,0.29585695,0.26620448,0.26246536,0.2684062
R2535,0.036177397,0.04112494,0.06203127,0.10011113,0.14433634
R2536,1.9390441,1.9918752,2.0393271,2.0654516,2.1031194
R2537,0.6159222,0.6975687,0.79145586,0.89344865,0.9859287
R2539,2.103816,2.0864966,2.017659,1.923314,1.8382168
R254,0.6302934,0.5375781,0.44271427,0.38034672,0.34066635
R2540,1.0606556,1.1674056,1.2732733,1.3714048,1.4577458
R2541,1.0412014,0.9920832,0.93893534,0.911292,0.89597714
R2542,1.6855519,1.8232067,1.9493103,2.0619793,2.1508954
R2543,1.4347819,1.5191336,1.5854219,1.6390791,1.6903579
R2544,0.32932723,0.27014416,0.19011688,0.12004924,0.059812486
R2545,3.6993117,3.876566,4.0353475,4.147428,4.23445
R2546,2.9347172,2.8822503,2.7734885,2.6592245,2.567162
R2547,1.9580528,1.9856602,2.001751,2.0083303,2.0110116
R2548,2.5660067,2.6667085,2.726593,2.7652726,2.7842457
R2549,2.3778415,2.4114256,2.4004192,2.3755069,2.352882
R255,1.586637,1.6313319,1.6709701,1.7143979,1.7590094
R2551,2.573392,2.6572433,2.6959982,2.704575,2.6967738
R2552,1.6875836,1.7420187,1.7566094,1.7552426,1.7509001
R2553,1.6669573,1.576429,1.4388396,1.3141278,1.2136407
R2554,2.2965631,2.347221,2.3661065,2.3734288,2.3709517
R2555,0.4706483,0.45986575,0.47146803,0.5103257,0.5624038
R2556,1.1554685,1.2535275,1.353723,1.4598107,1.5535681
R2557,2.2059345,2.2467294,2.2738237,2.2847419,2.2854984
R2558,3.2967439,3.339611,3.3639088,3.3632593,3.367974
R2559,2.959988,2.9246774,2.800827,2.6583633,2.531136
R256,2.3231323,2.34123,2.333956,2.3247564,2.316642
R2560,1.3570166,1.3957801,1.4091271,1.4070241,1.3961952
R2561,1.5889161,1.7545209,1.9064864,2.020255,2.1037853
R2562,2.830696,2.662424,2.4662366,2.2994328,2.185683
R2563,1.1879349,1.2580676,1.3563749,1.4560692,1.5349088
R2564,0.16765165,0.12991554,0.11779559,0.12973452,0.16103214
R2565,0.07492173,0.046030045,0.021040916,0.008565426,0.017046511
R2566,2.0510945,2.1675072,2.264245,2.3338552,2.4006784
R2567,1.8299088,1.8163028,1.7792628,1.6956797,1.622992
R2568,1.1744965,1.1855943,1.1707435,1.1474319,1.1255051
R2569,1.2856282,1.2196369,1.1268187,1.0589143,1.0083115
R257,0.017086506,0.0064848065,0.0,0.0,0.0
R2570,2.0557432,2.1391048,2.1898885,2.2087173,2.2081573
R2571,2.039298,2.10111,2.131297,2.1425798,2.1356053
R2572,0.9407645,0.906157,0.8864452,0.9082035,0.94921994
R2573,0.18757463,0.15240705,0.12432861,0.116030574,0.12423307
R2574,1.221832,1.2794967,1.326421,1.3622547,1.3906934
R2575,2.6468387,2.5648527,2.4918542,2.401598,2.3499491
R2576,0.5348726,0.49965078,0.4397824,0.38593036,0.34126574
R2577,1.5220491,1.5951514,1.621351,1.6248913,1.6142161
R2578,0.17375511,0.118507385,0.080848455,0.0772894,0.08853203
R2579,1.6163976,1.7686615,1.9002177,2.0068645,2.0840065
R258,1.2310469,1.1759019,1.1182566,1.0653437,1.0318298
R2581,0.0,0.0,0.030157447,0.076199055,0.12854838
R2582,0.12531352,0.13474506,0.1524353,0.17949975,0.21029437
R2583,1.1789823,1.1043046,1.0252231,0.98093307,0.9598851
R2584,1.68068,1.8342924,1.9625102,2.062963,2.14122
R2585,1.6679001,1.707914,1.7330759,1.7611318,1.7850566
R2586,1.2401571,1.2598588,1.2620891,1.2692434,1.2756052
R2587,2.9516034,2.957364,2.9346414,2.9057708,2.8872526
R2588,1.5007982,1.5832818,1.6610225,1.7158967,1.7700317
R2589,0.26294565,0.2249189,0.18037748,0.15443492,0.13627762
R259,2.6124384,2.7189183,2.795126,2.8407602,2.8704464
R2590,0.22703218,0.18581414,0.1490528,0.13126802,0.12813848
R2591,0.40979898,0.33386326,0.25862694,0.20183861,0.16802126
R2592,3.8550534,3.8874655,3.8889003,3.8743315,3.8721118
R2593,2.5083404,2.374333,2.2536886,2.127727,2.0070593
R2594,0.51525265,0.50089645,0.4880008,0.4876787,0.49317896
R2595,3.1624885,3.1496606,3.1104255,3.0654998,3.0468562
R2596,1.3386319,1.2787071,1.19234,1.121968,1.0696758
R2597,3.3574042,3.372026,3.3724127,3.3561726,3.3354337
R2598,2.5118847,2.5450659,2.5511189,2.5508063,2.5495865
R2599,2.0354729,2.1155844,2.157769,2.163196,2.1566765
R26,0.3687764,0.33530384,0.29827052,0.2516436,0.22321624
R260,1.1110957,1.1642286,1.1849887,1.169969,1.1441708
R2600,2.3789868,2.4244385,2.4753394,2.4871988,2.5039127
R2601,1.5209818,1.4842708,1.4200263,1.3692378,1.3337046
R2602,1.4957829,1.493117,1.4556851,1.4005392,1.3490103
R2603,0.6278405,0.6774472,0.74148566,0.82432085,0.89892924
R2604,1.2549813,1.3593113,1.4440317,1.5073389,1.5499189
R2605,1.4989685,1.6106241,1.7125397,1.8102432,1.8944695
R2606,3.572236,3.645805,3.681407,3.692101,3.704237
R2607,0.0,0.0,0.052597642,0.12950659,0.20619375
R2608,0.75589937,0.7189517,0.69259167,0.6674104,0.66985357
R2609,0.3176539,0.28859556,0.2597034,0.2415626,0.23119593
R261,2.0328164,2.0782113,2.0940053,2.081061,2.0631566
R2611,0.46284202,0.3993795,0.3208524,0.2614535,0.2217589
R2612,0.025372505,0.0072938204,0.0,0.008331835,0.02827686
R2613,2.8634167,2.9094095,2.9341784,2.9508653,2.9656775
R2614,0.67334306,0.65642995,0.6432605,0.6379877,0.6538381
R2615,3.3614907,3.4104347,3.454691,3.4583597,3.4704
R2616,1.583183,1.5044832,1.4109991,1.3398175,1.2995529
R2617,1.4617392,1.4167802,1.342174,1.2689453,1.2053264
R2618,1.6625366,1.718932,1.7562051,1.7775091,1.7898281
R2619,2.7404923,2.794959,2.8283,2.8330603,2.8266573
R262,1.5610229,1.5350595,1.4987723,1.4666163,1.4460347
R2620,2.1433556,1.9774607,1.8352828,1.694624,1.6092403
R2621,2.1892385,2.3413696,2.4537225,2.5285425,2.5665827
R2622,3.2122192,3.2249866,3.2466612,3.2378387,3.245495
R2623,0.844856,0.8829144,0.93718076,1.0057099,1.0751086
R2624,1.6572027,1.733038,1.7862403,1.8242109,1.8611827
R2625,0.53912055,0.42476326,0.29152662,0.16059363,0.064623654
R2626,1.4161202,1.4914169,1.5675626,1.6254559,1.6530557
R2627,0.48915112,0.5702082,0.6574827,0.70956886,0.7652726
R2628,0.92132443,0.9730648,1.0455096,1.130734,1.2262323
R2629,2.3520393,2.4363918,2.5140674,2.5571585,2.5902414
R263,0.63707423,0.59820485,0.55020154,0.5062914,0.48385397
R2630,2.0715313,2.1244688,2.142672,2.155098,2.1661255
R2631,1.4563191,1.4487702,1.418813,1.3937562,1.3677046
R2632,0.06836116,0.038866878,0.013967872,0.0065197945,0.010452211
R2633,2.1541276,2.0603573,1.9400692,1.8413237,1.7686362
R2634,0.6681874,0.68006325,0.71520257,0.77479243,0.84830904
R2635,0.79085433,0.8327753,0.8576404,0.8788569,0.8864169
R2636,1.4671301,1.6161146,1.735632,1.8125715,1.8481283
R2637,3.045278,3.036584,2.9853158,2.925795,2.8867538
R2638,0.2226972,0.15761131,0.105785966,0.08825731,0.09154892
R2639,2.7594872,2.7589579,2.7204237,2.667015,2.6168146
R264,0.7522078,0.820814,0.88083047,0.928582,0.96271014
R2640,0.44450596,0.40172145,0.3494808,0.32177818,0.30001026
R2641,1.2798755,1.3567748,1.3869506,1.3514007,1.3061773
R2642,0.0,0.0,0.0,0.0,0.0
R2643,1.4519687,1.4082177,1.3341388,1.267324,1.2117214
R2644,1.4530741,1.4318175,1.3988544,1.3631101,1.3451976
R2645,0.53858113,0.4861074,0.42760378,0.40161234,0.38527942
R2646,0.48983765,0.5359213,0.5935779,0.654601,0.70770854
R2647,0.6888849,0.7298212,0.7540459,0.7656878,0.76866424
R2648,0.28674173,0.35230488,0.4359002,0.53803986,0.63253284
R2649,1.3650885,1.4443126,1.4964031,1.527279,1.5474374
R265,0.7448871,0.7305683,0.7032864,0.66383886,0.63476807
R2650,0.49138474,0.52450025,0.5574596,0.58811736,0.6159614
R2651,2.0674872,2.0457063,2.0042615,1.9696223,1.940506
R2652,1.5969037,1.7140048,1.8201311,1.9074386,1.9853826
R2653,0.9466528,0.98131526,1.0346149,1.0954868,1.1443702
R2654,1.8820873,2.0340476,2.162953,2.2576914,2.3146865
R2655,2.4820247,2.4924626,2.4838305,2.4575732,2.4280632
R2656,2.0400376,2.112211,2.170951,2.21343,2.2499118
R2657,1.7197566,1.8069441,1.8661036,1.9156624,1.9472368
R2658,0.4890688,0.61724055,0.7494705,0.86918247,0.96379024
R2659,1.2842649,1.3429871,1.386203,1.4065506,1.4195278
R266,3.2733588,3.3082442,3.314919,3.2989874,3.2945194
R2660,3.578528,3.6736622,3.7532482,3.7953677,3.8390834
R2661,0.36224145,0.42616826,0.48474848,0.5393256,0.573827
R2662,1.3450913,1.3316987,1.3038337,1.291124,1.295603
R2663,0.07358104,0.05799353,0.040189862,0.03922391,0.039830446
R2664,1.6106377,1.544555,1.4627905,1.3999214,1.3646854
R2666,0.23067307,0.18317664,0.14211804,0.13477719,0.14221102
R2667,0.3937737,0.4139329,0.43130395,0.4329092,0.4310007
R2668,1.3357767,1.2623494,1.1851361,1.1330407,1.1067988
R2669,2.6470087,2.6812205,2.696444,2.7091513,2.735246
R267,2.1394172,2.2121024,2.248509,2.2651753,2.266009
R2670,0.02295518,0.062194467,0.10162938,0.13838673,0.16773319
R2671,0.089984,0.04699552,0.03433895,0.008032203,0.015892565
R2672,0.40913212,0.3377316,0.25070173,0.1868959,0.13769656
R2673,2.1189985,2.1042962,2.0470798,1.9456493,1.8597217
R2674,3.1714673,3.2225475,3.2661366,3.297689,3.3341606
R2675,0.62823766,0.74322575,0.84739023,0.9395679,0.99742436
R2676,0.66539824,0.7105061,0.7586418,0.82844955,0.89298433
R2677,3.7494512,3.7758794,3.7589345,3.728015,3.7084656
R2678,0.54587674,0.44506598,0.3420797,0.28283244,0.25034577
R2679,1.5872622,1.6415671,1.6714731,1.6913087,1.7014872
R268,0.0,0.0,0.0,0.0,0.0
R2680,1.3015568,1.4464126,1.5890614,1.7253255,1.8401531
R2681,0.8357148,0.87910265,0.93085676,0.99499524,1.0464561
R2682,1.494847,1.4825988,1.436822,1.3560799,1.2750506
R2684,0.20233685,0.1520797,0.103747725,0.09033376,0.08892757
R2685,2.0987592,2.2284293,2.3142896,2.3598986,2.3737266
R2686,1.5572281,1.5072103,1.4595594,1.4251034,1.4111848
R2687,1.7335951,1.662662,1.5701838,1.4848442,1.4206711
R2688,1.0035192,1.0735366,1.1238213,1.1592879,1.1820655
R2689,1.5054058,1.5312048,1.539515,1.5578192,1.5757735
R269,2.5096693,2.5602043,2.5828028,2.5937915,2.6014729
R2690,1.4823825,1.6739264,1.822283,1.9197453,1.9694178
R2693,0.3727181,0.46084344,0.55162287,0.63968086,0.7044746
R2694,2.771151,2.8489928,2.950583,3.0595255,3.1638818
R2695,1.1806024,1.051696,0.8795021,0.7360622,0.6386993
R2696,1.3910713,1.4618032,1.5265489,1.5907823,1.6497083
R2697,0.3901427,0.41073605,0.436754,0.4759772,0.518787
R2698,2.475442,2.495281,2.4771185,2.4395528,2.4000201
R2699,0.0,0.0,0.0,0.0,0.0
R27,0.32327688,0.3334623,0.33780348,0.34875512,0.3528645
R270,0.99695694,1.011902,1.0327015,1.0466862,1.0731034
R2700,4.0078745,3.9942665,3.955802,3.9083848,3.8846893
R2701,0.49299407,0.5055225,0.5319423,0.5744177,0.628608
R2702,0.9681617,1.0239471,1.0553771,1.0575815,1.0592656
R2703,1.7551763,1.6983883,1.64801,1.6135185,1.6166217
R2704,2.5211535,2.5402033,2.553973,2.5358367,2.5449736
R2705,0.80998135,0.89231855,0.9848342,1.0924712,1.1864623
R2706,0.11285639,0.16542351,0.23658752,0.2855274,0.35277647
R2707,1.2450294,1.3114891,1.359985,1.3986464,1.4278457
R2708,2.9861836,3.003787,2.9977674,2.9711275,2.9587467
R2709,2.9574857,2.8851857,2.7854319,2.6602302,2.5777757
R271,1.4047605,1.3806245,1.3311763,1.2840621,1.2488937
R2710,1.8186228,1.8353599,1.8271906,1.8311771,1.840603
R2711,0.60343254,0.54521483,0.46709695,0.40722457,0.34952718
R2712,2.972331,3.0565877,3.110827,3.1349554,3.152658
R2713,1.5090396,1.5656992,1.6087456,1.6329125,1.6616411
R2714,0.15228605,0.19221586,0.24991518,0.3212055,0.3905035
R2715,1.016315,1.0333731,1.0271751,1.013887,0.99797213
R2716,2.5869517,2.4874792,2.3344717,2.188634,2.0779228
R2717,0.2685216,0.25177836,0.23895633,0.24487174,0.2530139
R2718,0.08530027,0.11714792,0.14717591,0.18044299,0.2027263
R2719,0.9442107,1.0000185,1.0349001,1.0622101,1.0789361
R272,0.7920217,0.7559734,0.72197366,0.693522,0.6748709
R2720,1.5167829,1.6613126,1.7872066,1.8897344,1.9519136
R2721,1.9395189,1.7930728,1.6339824,1.5230625,1.4577401
R2722,3.3367958,3.4576025,3.5518208,3.618793,3.6726146
R2723,0.77628434,0.8186259,0.84825194,0.875662,0.90039176
R2724,0.06215453,0.04453695,0.031775475,0.035772383,0.04788798
R2725,0.09119511,0.14144295,0.20658702,0.27622497,0.34638673
R2726,0.0,0.0,0.032270312,0.13343,0.2292816
R2727,0.52144146,0.4704226,0.41693377,0.39210433,0.3777176
R2728,0.27334535,0.23560882,0.19932705,0.17552698,0.16457409
R2729,1.1921058,1.1663144,1.1256607,1.0960243,1.0752814
R273,2.0007415,2.0439343,2.05997,2.0652165,2.074532
R2730,0.17075181,0.16326356,0.16553473,0.1782844,0.19537729
R2731,2.6014843,2.672894,2.718274,2.752462,2.7842622
R2732,2.2800355,2.2744722,2.3136263,2.2932882,2.32503
R2733,1.5645608,1.5213798,1.4542432,1.3456454,1.2691644
R2734,4.245746,4.2981725,4.3389893,4.3419175,4.343064
R2735,2.8096623,2.7234783,2.5646036,2.4068081,2.2827976
R2736,0.7255732,0.58302045,0.42648977,0.3177377,0.2359187
R2737,0.6294329,0.6238165,0.5986493,0.5826125,0.5625377
R2739,1.6913017,1.6091607,1.4880157,1.3850425,1.3060381
R274,1.5953206,1.5684032,1.520433,1.476097,1.4553176
R2740,2.178464,2.2863848,2.3676538,2.4373426,2.4912376
R2741,0.3261792,0.37911725,0.44974652,0.5200768,0.59658563
R2742,1.2686747,1.1514363,1.0125248,0.8953923,0.8027931
R2743,0.75395393,0.6414052,0.51482624,0.42024907,0.352816
R2744,1.9874456,2.008357,2.0039573,1.9973141,1.9916279
R2745,1.7670447,1.8105173,1.8204253,1.8152996,1.8079708
R2746,1.4798648,1.5193954,1.5317075,1.5274634,1.5157995
R2747,2.1347651,2.1325855,2.111748,2.0920267,2.082785
R2748,1.6049726,1.648603,1.676088,1.6912119,1.7070625
R2749,1.9190212,1.9797825,2.0181513,2.0404465,2.058548
R275,1.4071214,1.4419811,1.4446359,1.4240985,1.4049795
R2750,1.8169504,1.8138673,1.7634654,1.7009467,1.6429238
R2751,2.5677485,2.6025467,2.6093907,2.6026335,2.598666
R2752,2.1372652,2.192358,2.2337356,2.2713528,2.3067932
R2753,0.5028154,0.5713501,0.6399272,0.68476975,0.7255032
R2754,2.0663884,2.105783,2.1142879,2.1159005,2.1103444
R2755,1.4871635,1.4918529,1.457605,1.4177539,1.3869908
R2756,0.98721844,1.0097829,1.0297836,1.0573821,1.0780244
R2757,1.7791449,1.8253678,1.8518529,1.8654231,1.8820298
R2758,1.0785166,1.0920198,1.0779281,1.0574354,1.039228
R2759,1.8761264,1.9195365,1.942664,1.9596251,1.9732938
R276,1.0243934,1.0785897,1.1330616,1.1736981,1.2119504
R2760,0.2620176,0.22525644,0.18818307,0.17028356,0.16006416
R2761,1.8063751,1.8570921,1.8785611,1.8944069,1.9071667
R2762,2.4980435,2.5589228,2.5767603,2.5680974,2.5503414
R2763,1.9609457,1.9943451,1.9960394,1.9847354,1.9658642
R2764,2.0610423,2.0940495,2.0950212,2.0855665,2.0727859
R2765,1.6726738,1.6765237,1.653503,1.6307107,1.6166463
R2766,1.9085244,1.9236661,1.9091502,1.8770244,1.8472271
R2767,1.3970528,1.4396126,1.4676223,1.4837338,1.4965582
R2768,2.0122125,2.0292015,2.0232902,2.0038886,1.9796658
R2769,1.7243252,1.737815,1.7213193,1.7050614,1.6919017
R277,0.51814073,0.49094626,0.46422398,0.4494849,0.45405352
R2770,2.5674999,2.5572581,2.5190246,2.4796453,2.4505677
R2771,2.1183615,2.1421328,2.1315422,2.1124067,2.0934925
R2772,1.3553553,1.3892629,1.4014237,1.4021229,1.4030018
R2773,0.058001637,0.057903767,0.06278658,0.06741023,0.082384884
R2774,0.100862026,0.11868471,0.14788765,0.18979824,0.23460978
R2775,0.16610074,0.15665448,0.14530957,0.1397025,0.14068633
R2776,0.13089418,0.11164886,0.096577466,0.08210075,0.08224559
R2777,0.37462747,0.39474308,0.4063303,0.42352653,0.4355498
R2778,0.13985562,0.1437757,0.15332162,0.17432606,0.20459288
R2779,0.085841715,0.09650725,0.11620635,0.13959146,0.17406929
R278,1.2943687,1.3203316,1.3189919,1.304353,1.2850211
R2780,0.023116589,0.0077471137,0.0,0.0024039745,0.016242683
R2781,0.31031132,0.33330387,0.35982823,0.39106667,0.42430848
R2782,0.273327,0.26503384,0.2535671,0.2531258,0.2588017
R2783,0.17486572,0.17682272,0.17962599,0.18182313,0.18947619
R2784,0.7608039,0.7426019,0.71347344,0.69014287,0.6829845
R2785,0.042869627,0.037523746,0.034155965,0.03959787,0.04957217
R2786,0.163935,0.14749002,0.1382438,0.1434843,0.15726852
R2789,0.020038486,0.0091891885,0.00458014,0.015634239,0.030267537
R279,0.9077821,1.0680844,1.2229961,1.3606548,1.4666829
R2790,1.0013586,0.94288194,0.8808423,0.84721005,0.8339774
R2792,0.09645498,0.069250405,0.037241638,0.026153564,0.017043352
R2793,2.7495365,2.7066026,2.5782652,2.4198403,2.2753685
R2796,0.055969894,0.035349607,0.022840261,0.028043866,0.04171151
R2798,0.025711298,0.018861294,0.01872462,0.032225728,0.051368058
R2799,0.065418124,0.06488156,0.06520122,0.070310116,0.07635707
R2800,0.044932783,0.029454827,0.015610993,0.017881393,0.020368397
R2801,1.4337208,1.3154294,1.1381774,0.955039,0.8018
R2802,0.19473517,0.13485706,0.07735258,0.039393783,0.01835078
R2803,0.42665213,0.38434243,0.33633173,0.3134722,0.29640037
R2804,0.011425257,0.0016826391,0.0,0.0021457076,0.012015998
R2805,0.45806843,0.3949751,0.3369714,0.31343347,0.30680275
R2806,0.3795886,0.28147835,0.17668068,0.102761984,0.053462386
R2807,0.63860226,0.5241728,0.4034352,0.31560612,0.2601114
R2809,0.011614859,0.0009467602,0.0,0.005230069,0.017099202
R281,1.5658455,1.613585,1.6240261,1.6057944,1.5867773
R2810,1.3438824,1.3845752,1.3936716,1.383215,1.3623717
R2811,1.823366,1.8019173,1.712906,1.6036372,1.4943192
R2812,0.00826931,0.0,0.0,0.0,0.0
R2813,0.76166356,0.6459894,0.5282892,0.44714987,0.3986296
R2814,0.47431085,0.48025897,0.4869193,0.5138805,0.5397883
R2815,1.0989616,1.0820525,1.0292692,0.951337,0.8829745
R2816,1.498038,1.4435042,1.3264024,1.1897833,1.065956
R2817,0.049699962,0.035111487,0.025169015,0.0315032,0.042655528
R2819,1.2778788,1.2603704,1.1957762,1.1218088,1.0490024
R282,0.15621948,0.13473153,0.11838269,0.10705459,0.10897654
R2821,0.020207047,0.01034385,0.0041514635,0.013382494,0.023740709
R2822,0.23174232,0.22177595,0.21662235,0.23558503,0.25467283
R2823,1.6129003,1.6341288,1.6238015,1.6015272,1.5883703
R2825,0.9774954,0.8706834,0.72868395,0.5882653,0.4766724
R2826,0.30630523,0.24691045,0.19847524,0.18055344,0.18003064
R2827,0.06858754,0.05091095,0.032770038,0.024608195,0.021465123
R2828,0.1553986,0.14667952,0.13647377,0.13768041,0.1383745
R2829,0.24754572,0.20754188,0.16933078,0.152093,0.14532489
R283,0.738636,0.7742929,0.8099124,0.8385987,0.87009966
R2830,0.20069617,0.16001856,0.12490928,0.11201787,0.11518222
R2833,0.15030849,0.14459443,0.14986384,0.16706401,0.19199109
R2834,0.6164396,0.59418285,0.56960666,0.56038,0.56076574
R2835,0.22275972,0.18457478,0.13975394,0.10084176,0.072820246
R2836,0.06460065,0.06258154,0.060200393,0.06325823,0.06836337
R2837,0.5722035,0.5993053,0.62459,0.65864414,0.6932585
R2838,0.014573753,0.0,0.0,0.0,0.0
R284,1.0339961,1.022085,0.9812078,0.9311449,0.8962989
R2840,1.325665,1.1951598,1.0127624,0.8371059,0.6915242
R2841,0.27104664,0.20296192,0.13729739,0.10159248,0.08128375
R2842,0.81058705,0.8420997,0.86091477,0.86619693,0.86413544
R2843,0.11575335,0.12524736,0.14246762,0.18563414,0.22516173
R2844,0.5682112,0.48328197,0.39534488,0.34327525,0.3084799
R2845,0.72714686,0.72924846,0.7224631,0.7316741,0.7423401
R2846,0.0,0.0,0.0,0.0,0.0
R2848,0.12898755,0.13325632,0.14383203,0.17583746,0.20801014
R285,0.0678395,0.04685545,0.03488499,0.038283348,0.052333176
R2850,0.7936331,0.8455936,0.88486767,0.9253321,0.958266
R2851,0.09512836,0.07558358,0.055165887,0.04406786,0.03975147
R2852,0.2333858,0.20247781,0.18459821,0.18720913,0.204849
R2853,0.8199407,0.77352995,0.6971268,0.62370384,0.5579318
R2854,0.023988247,0.0069273114,0.001865387,0.008813143,0.028229594
R2855,0.19159007,0.12432891,0.05472231,0.0037139058,0.0
R2856,1.0463138,1.0047776,0.925545,0.8320494,0.75400966
R2857,0.71597636,0.5989542,0.48225474,0.40091845,0.35472086
R2858,0.1045357,0.09313536,0.081121266,0.07978332,0.08159751
R2859,2.3628097,2.2838452,2.0952606,1.8631305,1.6502023
R286,1.8258951,1.8609192,1.851329,1.8221012,1.7943177
R2860,0.0365659,0.019693375,0.008892536,0.015571296,0.026036084
R2861,0.5071064,0.47581133,0.4242396,0.36550283,0.31789
R2862,0.75214833,0.72710085,0.69729877,0.6730361,0.66415685
R2863,0.04788983,0.033591032,0.026072323,0.035429955,0.050499618
R287,1.803076,1.8425108,1.8280913,1.8037355,1.7683775
R2872,1.9922951,2.0354881,2.0236082,1.9653146,1.9006076
R2873,0.3500284,0.34772152,0.3442855,0.3617174,0.37533185
R2874,0.6284399,0.5916531,0.5372567,0.48419356,0.4437399
R2875,0.0,0.0,0.0,0.0,0.004188359
R2876,0.06555867,0.048158884,0.028153062,0.021910429,0.018005788
R2878,1.0135866,1.0241884,1.0189371,1.0097572,1.0012037
R2879,0.0392102,0.027488649,0.011287749,0.0057742596,0.0024257302
R2881,0.08551955,0.10146177,0.123346865,0.16226017,0.19919288
R2882,1.1684697,1.1519617,1.087345,0.99900585,0.91702837
R2883,0.09097636,0.062479615,0.04146999,0.04322803,0.05448407
R2887,0.0,0.0,0.0,0.020702064,0.05538875
R2888,0.11177039,0.10062218,0.08942735,0.085721016,0.08373624
R2889,0.02713877,0.020096958,0.017790914,0.031846642,0.047168493
R289,1.0020437,0.9473303,0.86703664,0.8016604,0.7570916
R2891,0.16924894,0.13618338,0.11271465,0.118643284,0.1364829
R2892,2.288008,2.2103124,2.0353284,1.8153081,1.6154675
R2893,2.8407025,2.8100042,2.695778,2.5288954,2.3820126
R2896,0.0005195141,0.0,0.0,0.0,0.0076063275
R2898,1.0956566,1.0608234,0.9787603,0.8797131,0.7870475
R2899,0.62982976,0.6154491,0.5794138,0.5360819,0.4993685
R290,0.0,0.0,0.0,0.0,0.0
R2902,1.0622519,1.0472202,0.9920631,0.9064331,0.8321996
R2903,1.0206598,1.0082344,0.95964164,0.88044965,0.81243014
R2904,0.1442073,0.10894501,0.08111966,0.07172954,0.076373875
R2907,0.052425206,0.0290097,0.007249415,0.0025017858,0.0018118024
R2908,0.5487845,0.48527944,0.4245932,0.39400473,0.3773306
R291,2.8007617,2.748384,2.6166642,2.4531252,2.303865
R2911,0.04791522,0.032446682,0.022089005,0.025321782,0.0355469
R2912,0.11722326,0.112449944,0.10370153,0.09617901,0.089627385
R2914,0.020881534,0.011308253,0.005303502,0.010477424,0.021290183
R2919,0.34295738,0.30634403,0.26709986,0.2536652,0.25449818
R292,0.17014742,0.1659689,0.16790897,0.17755115,0.1926989
R2921,0.37335226,0.36048436,0.33818722,0.31783664,0.2987886
R2922,0.1942262,0.15729463,0.11891949,0.10090268,0.091493666
R2923,1.2854332,1.2549777,1.2028805,1.1524544,1.1044964
R2924,0.8265172,0.85747427,0.8811619,0.8882343,0.9002642
R2925,0.20783228,0.21611333,0.22459978,0.2353611,0.2531038
R2926,0.0076574683,0.0053700805,0.0069363117,0.019814849,0.03571564
R2927,0.19165397,0.18914795,0.19149172,0.20215303,0.21984619
R2928,0.033037663,0.008480549,0.0,0.0,0.0
R2929,0.29598367,0.26293236,0.21543312,0.17366791,0.13659972
R293,0.016261697,0.011903882,0.014368951,0.028957367,0.04662913
R2930,0.99864435,1.0944476,1.1798275,1.2525113,1.3080862
R2931,0.40765512,0.32923913,0.24106538,0.17109656,0.12283629
R2932,0.11547768,0.075401664,0.03738153,0.016404092,0.009898782
R2933,0.36259383,0.30419672,0.23918056,0.17215931,0.12627798
R2934,0.13647747,0.14752328,0.15904838,0.16894615,0.1816268
R2935,0.0,0.0,0.0,0.0,0.0057689548
R2936,1.2220713,1.4086546,1.581906,1.7236784,1.8321635
R2937,0.8563585,0.9018192,0.9347162,0.96583205,0.9957766
R2938,0.23181033,0.42266458,0.6165752,0.7883521,0.92052656
R2939,0.27891976,0.33429545,0.39188808,0.4418611,0.48479182
R294,0.4222823,0.4160956,0.38738677,0.3411759,0.30534244
R2940,0.24756223,0.23178959,0.20736122,0.19416785,0.18550408
R2941,0.46586534,0.48993444,0.5123791,0.53529227,0.5539606
R2942,0.6393176,0.69572484,0.7266728,0.72189426,0.71004605
R2943,0.08267176,0.07709718,0.07170069,0.07062781,0.07384676
R2944,1.23365,1.3257174,1.4037776,1.4543984,1.4938312
R2945,0.0,0.0,0.0,0.0,0.00039243698
R2946,0.2948869,0.31084502,0.33388692,0.36662677,0.40236256
R2947,0.9249807,0.98934925,1.0384521,1.0764741,1.1021669
R2948,0.0,0.0,0.0,0.0,0.014974296
R2949,0.0038499832,0.0,0.0,0.010201454,0.026966512
R295,0.959502,0.95575637,0.9310101,0.89339143,0.85448694
R2950,0.11110699,0.11496633,0.13226098,0.15532017,0.18845457
R2951,0.3767501,0.36941922,0.35474467,0.3430577,0.3377995
R2952,0.9680989,0.9904048,0.9984368,0.994339,0.9942566
R2953,2.1039512,2.2109299,2.2807817,2.3179655,2.3296611
R2954,0.10734415,0.19314301,0.3016463,0.4156721,0.5242218
R2955,0.83947617,0.9199089,0.9812972,1.0152584,1.0352387
R2956,0.50175834,0.43288118,0.36273432,0.30530238,0.26916414
R2957,0.25836718,0.25537145,0.24684179,0.24025708,0.2411915
R2958,0.10045707,0.054535866,0.00530988,0.0,0.0
R2959,0.5469211,0.63132346,0.7010528,0.7495853,0.7765605
R296,0.32520634,0.2744311,0.21151203,0.15995038,0.116746485
R2961,0.49371868,0.5949405,0.68535995,0.7639518,0.8179684
R2962,0.11125827,0.10687959,0.0982731,0.09969449,0.09801322
R2964,0.0,0.0,0.0,0.0,0.0
R2969,0.0,0.0,0.0,0.0,0.0
R297,0.47697955,0.5328643,0.5809455,0.6288719,0.65838414
R2974,0.35692513,0.31598818,0.25693637,0.20962286,0.16662323
R2977,0.017531037,0.0032864213,0.0,0.0,0.0
R2979,0.09006035,0.09049761,0.08538753,0.08600581,0.08316928
R298,0.048128486,0.06482875,0.09161526,0.12475765,0.15803355
R2981,0.08613813,0.08397806,0.079069376,0.08359593,0.08660102
R2982,0.3866645,0.42988074,0.46189034,0.4933029,0.51389146
R2983,0.0,0.0,0.0,0.0,0.0
R2984,0.0,0.0,0.0,0.014802337,0.027353942
R2985,0.048451662,0.056518316,0.066818595,0.09361553,0.11565369
R2986,0.022364855,0.023099124,0.018761992,0.025863945,0.026949227
R2987,0.0,0.0,0.0,0.0,0.0
R299,0.08500975,0.0877012,0.094264746,0.115537465,0.13371915
R2990,0.08987641,0.107813,0.12777066,0.1613059,0.18967241
R2991,0.0,0.0,0.0,0.0,0.0
R2994,0.326218,0.3083893,0.2740665,0.24274409,0.21154785
R2998,0.010899186,0.057746768,0.120342135,0.19145983,0.2580688
R2999,0.04800141,0.04708612,0.04265684,0.04958546,0.05152756
R3,0.0,0.0,0.04705149,0.08474171,0.12791032
R30,0.006382048,0.0,0.004324734,0.01900816,0.046536863
R300,0.028891206,0.0,0.0,0.0,0.0
R3000,0.35507208,0.39624143,0.42704087,0.46152967,0.48685586
R3003,0.055534482,0.052581668,0.04854691,0.057005286,0.061339438
R3004,0.0,0.0,0.0,0.0,0.0
R3007,0.0,0.006932676,0.03431785,0.07448411,0.108700454
R301,0.06618011,0.07169008,0.078587055,0.09349978,0.109405756
R3011,0.002474904,0.0,0.0,0.014368296,0.025748193
R3014,0.31083822,0.31253803,0.29490697,0.27952635,0.25696003
R3017,0.5374711,0.51080537,0.47845668,0.45542932,0.44466126
R302,0.314636,0.30606103,0.28515553,0.2656001,0.24133211
R3020,0.056744814,0.06406784,0.08603096,0.11956251,0.15860742
R3021,1.59196,1.5789322,1.530833,1.4811981,1.4368212
R303,0.0047602057,0.0,0.0,0.0,0.0
R3031,0.3282255,0.30069983,0.26979208,0.25564033,0.24847132
R304,0.27705407,0.25323617,0.22450083,0.2071737,0.18950987
R305,0.3381703,0.3548501,0.35566804,0.34273434,0.33245265
R306,0.017240405,0.021154106,0.028908193,0.037320435,0.049129188
R3062,1.024491,0.998686,0.95683014,0.91586846,0.89129084
R3063,1.0545387,1.0737724,1.0686836,1.070296,1.0717278
R307,0.18846905,0.16422713,0.14401758,0.13943505,0.14623731
R3070,1.3690733,1.3601468,1.3224332,1.2915356,1.2678151
R3073,0.38162225,0.3675143,0.34899926,0.34956586,0.3518168
R3076,0.016703486,0.027004123,0.047770143,0.08116448,0.116821826
R308,0.12982619,0.1128099,0.095173,0.09177345,0.08828062
R3087,0.5019635,0.527869,0.56262696,0.60827744,0.6548452
R3088,0.28523922,0.23986936,0.196123,0.16329217,0.1517989
R3089,0.43561462,0.39084417,0.3456694,0.3157363,0.30192578
R309,0.0,0.0,0.0,0.015029848,0.049931586
R3090,0.7607685,0.7506858,0.7319436,0.6991517,0.68744105
R3091,1.6635759,1.631134,1.562897,1.4913934,1.4372876
R3092,0.89966905,0.8686687,0.8258103,0.7913585,0.77672744
R3093,0.50702596,0.46779457,0.43641794,0.416326,0.41323036
R3094,1.0586948,1.1043239,1.1375606,1.156767,1.1703324
R3095,0.4420145,0.3645939,0.27322102,0.18006694,0.112131655
R3096,0.03149879,0.031238317,0.03567934,0.045687556,0.062013447
R3097,0.9517479,0.87105906,0.7639133,0.67435,0.61098975
R3098,1.5746272,1.6406146,1.6803186,1.7061279,1.7216951
R3099,1.5774307,1.6641103,1.7307441,1.780436,1.8180562
R31,0.36794758,0.27910846,0.17696738,0.08902526,0.02657336
R310,0.7172837,0.65670687,0.5826957,0.5312871,0.5002091
R3100,0.62933874,0.5824017,0.5253177,0.4693538,0.43605575
R3101,0.28021526,0.23431993,0.18959427,0.16653281,0.15360487
R3102,1.4659586,1.368305,1.2322991,1.1085985,1.0080597
R3103,0.09598106,0.06213379,0.03174281,0.018532157,0.015533507
R3104,0.74321556,0.651327,0.5461626,0.44294772,0.3789099
R3105,0.8085747,0.8072602,0.8024126,0.79874915,0.8056407
R3107,0.8677302,0.82751095,0.7637227,0.7091399,0.6668029
R3108,0.36441445,0.33240497,0.27155858,0.19553018,0.12518579
R311,0.019711852,0.002727151,0.0,0.0,0.0
R312,0.33110887,0.35563862,0.38594514,0.4189958,0.44248152
R313,0.0,0.0,0.0,0.0052170753,0.025543332
R314,0.52284807,0.5798346,0.62149525,0.6579543,0.67801344
R315,0.78855443,0.7138785,0.6207074,0.5392988,0.47470665
R316,0.6493099,0.60013676,0.53693795,0.48018193,0.42761415
R317,0.12465376,0.11602795,0.10768527,0.10530311,0.10626519
R318,0.4853126,0.47902334,0.45344943,0.41911122,0.38692224
R319,0.33980966,0.34126687,0.33758926,0.33149248,0.3257488
R320,0.10926187,0.086302936,0.07165241,0.07189977,0.07962382
R321,0.063400805,0.093235075,0.12633204,0.16495323,0.19370395
R322,0.62955093,0.77380586,0.92519045,1.0694287,1.1871457
R323,0.023534536,0.030625582,0.03794843,0.057219446,0.07721907
R324,0.100872755,0.08529115,0.06309879,0.038163185,0.024351537
R325,0.4571312,0.370473,0.25529146,0.15836781,0.075565755
R326,0.26818395,0.28918195,0.2976653,0.30428648,0.30491215
R327,0.009747803,0.010538816,0.017291307,0.030421138,0.0459975
R328,0.043406308,0.024098098,0.0034217834,0.0,0.0
R329,0.36714756,0.31461376,0.25970066,0.22412288,0.20748323
R33,0.10346234,0.11250305,0.124922216,0.13965166,0.16257584
R330,0.44367334,0.44331074,0.4433821,0.45505685,0.46654972
R331,0.091281295,0.06052327,0.03734958,0.030457616,0.03541124
R332,0.015470743,0.00061517954,0.0,0.0,0.0
R333,0.17626148,0.12492454,0.05143869,0.0,0.0
R334,0.08727801,0.06975067,0.06450927,0.07434213,0.093803585
R335,1.2405686,1.1556273,1.0044668,0.83508396,0.6848483
R336,0.5935747,0.49379078,0.38518575,0.30430353,0.25867695
R337,1.1520512,1.1995351,1.2342184,1.2647293,1.299747
R338,0.2303229,0.16206926,0.07345271,0.0,0.0
R339,0.29963958,0.23475683,0.15969664,0.10095519,0.055186093
R34,1.6876472,1.8410008,1.9602889,2.0275404,2.0692306
R340,0.331618,0.24622595,0.15210325,0.07711363,0.020430624
R341,0.19260824,0.15391028,0.10859597,0.07521236,0.04565996
R342,0.16651303,0.117848456,0.054251075,0.009015143,0.0
R343,0.09203941,0.053779006,0.014854014,0.0,0.0
R344,0.20116264,0.21294302,0.23201174,0.2615465,0.28480476
R345,0.64942753,0.64565843,0.63343275,0.6243245,0.61326563
R346,0.12374818,0.14348638,0.15803766,0.17282999,0.18009394
R347,0.22927684,0.16180182,0.07044923,0.0,0.0
R348,0.2365011,0.18054241,0.1326921,0.10893655,0.1064108
R349,0.14344126,0.13728398,0.12754905,0.11801368,0.10737836
R35,1.8034196,1.7891027,1.6947807,1.5739336,1.463316
R350,0.3083881,0.24354005,0.16632861,0.10539532,0.05678636
R351,0.10205889,0.092968345,0.08595431,0.088917434,0.09290385
R352,0.36409235,0.35209072,0.3276502,0.30156612,0.28131598
R353,0.0,0.0,0.0,0.021132708,0.059718788
R354,0.91653115,0.92342275,0.9081644,0.8778304,0.84227055
R355,0.038309634,0.027981043,0.021224499,0.027251601,0.036105454
R356,0.007837832,0.010220289,0.014997721,0.034205675,0.051614165
R357,0.044355392,0.034043312,0.026643455,0.025738597,0.028037608
R358,0.071917534,0.075050235,0.08986884,0.116396904,0.15310365
R359,0.9096689,0.8535075,0.74814177,0.6146147,0.49935645
R36,0.056509137,0.07179922,0.101821065,0.1440177,0.19365174
R360,0.8515352,0.74245733,0.5946655,0.46001363,0.35552692
R361,1.5873468,1.4562943,1.258643,1.0644417,0.903347
R362,2.4185824,2.3575454,2.2205844,2.0346196,1.8782303
R363,1.7294006,1.5750523,1.3892189,1.2097777,1.0923967
R364,1.2881612,1.1554564,0.98732746,0.84175587,0.73843014
R365,1.5454667,1.444241,1.2935011,1.1632452,1.063342
R366,0.47995833,0.42997947,0.3835627,0.35070145,0.33972502
R367,0.5642351,0.45528358,0.33126462,0.23040116,0.16204864
R368,0.21707296,0.22920203,0.2517115,0.28636533,0.32626027
R369,1.8841783,1.8617853,1.7765646,1.6595917,1.5618203
R37,1.1080637,1.0706452,1.0021194,0.927948,0.86803967
R370,1.6562152,1.5396655,1.3652925,1.1691551,1.0124612
R371,1.9750226,2.019761,2.0231829,2.0183167,2.0069392
R372,0.6041244,0.5847348,0.56911063,0.56437576,0.5739746
R373,0.0,0.0,0.017753959,0.040427923,0.06702095
R374,1.06912,0.9977678,0.90578604,0.8038863,0.7297126
R375,1.1085671,1.1818786,1.2487235,1.2942375,1.3271697
R376,0.21936339,0.16321933,0.10548341,0.05646068,0.025607467
R377,0.8703726,1.0691353,1.2723382,1.4418018,1.5810835
R378,0.13450462,0.1265133,0.11738956,0.1206792,0.13144124
R379,1.6664141,1.549312,1.3701609,1.1815766,1.0245397
R380,1.4730701,1.4175974,1.3122326,1.2098053,1.1325628
R381,0.17617846,0.21044111,0.25855398,0.31179023,0.3714573
R382,0.08841866,0.11043221,0.14415908,0.18848717,0.230851
R383,0.0,0.0,0.0,0.0,0.0
R384,0.5715885,0.44686183,0.31995714,0.21920252,0.16141659
R385,0.8352619,0.7688549,0.6699554,0.57035327,0.49158514
R386,0.037176788,0.026956081,0.022753239,0.024103105,0.0339306
R387,0.0,0.0,0.0,0.0,0.0053842664
R388,0.83947456,0.82756287,0.8286161,0.8301015,0.86319965
R389,0.051750302,0.030063033,0.015968204,0.007658422,0.011043131
R390,0.43669087,0.43011957,0.42139867,0.4180665,0.42195946
R391,1.5508403,1.4809151,1.3699534,1.2687268,1.1962596
R392,0.015732884,0.026551843,0.04660201,0.06583303,0.09061855
R393,0.341712,0.302495,0.2680905,0.23464578,0.224684
R394,1.3885553,1.3772411,1.30227,1.1987264,1.100624
R395,0.5630295,0.5304995,0.4817802,0.42654765,0.38594306
R396,0.076226056,0.04952216,0.02559185,0.010076225,0.005933404
R397,1.6690352,1.6495252,1.5704478,1.4669261,1.38043
R398,0.8599758,0.6914316,0.51602364,0.38156512,0.30109602
R399,0.18063796,0.20329726,0.24449873,0.29343212,0.35121286
R4,1.2549924,1.397774,1.5265436,1.6287813,1.7022159
R400,0.0,0.0,0.0,0.0,0.0050895214
R401,1.9003654,1.8402808,1.7019053,1.5405061,1.4007204
R402,2.7759247,2.7929845,2.7172008,2.59233,2.4684064
R403,1.0566101,1.0971706,1.133769,1.1668487,1.1930729
R404,0.23462343,0.26321352,0.3141631,0.33092034,0.38049546
R405,0.07640332,0.064097464,0.058563054,0.04614681,0.049037755
R406,0.019064248,0.0020484924,0.0,0.0,0.0
R407,0.2722463,0.23787081,0.21607858,0.196702,0.20356804
R408,0.25914204,0.30938095,0.33667606,0.34665227,0.33756
R409,0.0,0.0,0.0,0.0,0.0
R41,1.0319432,0.9095974,0.770873,0.64873874,0.5700911
R410,1.3677696,1.2433844,1.0878512,0.94691235,0.85123503
R411,0.9742802,0.92270607,0.86336416,0.82152486,0.8053101
R412,2.0621438,1.9643991,1.8041108,1.631719,1.4847659
R413,0.07427281,0.02816701,0.0,0.0,0.0
R414,3.0694227,3.0766935,2.9856234,2.8458233,2.708969
R415,1.0952352,0.963134,0.79828095,0.6585816,0.56163454
R416,0.07992768,0.056169927,0.03423667,0.021677792,0.018393338
R417,0.36505342,0.28704965,0.20636284,0.14514828,0.10751128
R418,2.8728714,2.8815117,2.7888365,2.6476731,2.5065453
R419,0.025713563,0.0,0.0,0.0,0.0
R42,0.2337783,0.20035142,0.16248804,0.12759006,0.108413756
R420,1.9403113,1.8908861,1.7518259,1.5708923,1.4102507
R421,1.7331463,1.8612761,1.9170876,1.8978616,1.8547716
R422,0.5041865,0.39562872,0.27761054,0.17623085,0.117438674
R423,1.7977277,1.8341565,1.8538392,1.8666731,1.8859873
R424,1.5217415,1.4885005,1.4251657,1.354038,1.3025966
R425,0.012383521,0.0039274096,0.0026358366,0.01379317,0.028734207
R426,0.010311604,0.0060455203,0.0069414973,0.011695564,0.023950696
R427,0.06103158,0.03646815,0.015699506,0.00425148,0.0022835732
R428,2.1344953,2.0414376,1.871301,1.6566114,1.4768641
R429,0.81177205,0.6518142,0.46398374,0.3027684,0.18589568
R43,0.1729554,0.12250757,0.06844866,0.030937076,0.0072924495
R430,1.6932738,1.7441165,1.741008,1.7127867,1.6763883
R431,0.072586656,0.05226767,0.033533573,0.022487164,0.019975662
R432,1.4830925,1.3426459,1.1632943,1.0057068,0.8932256
R433,2.4753919,2.4571152,2.337762,2.1787968,2.0317268
R434,2.1271577,2.1799114,2.203269,2.1624908,2.135659
R435,2.4355636,2.321364,2.1128378,1.8925933,1.7060862
R436,0.6744029,0.5522535,0.4068126,0.2762068,0.18780696
R437,1.2632558,1.2687523,1.214849,1.1289318,1.0462728
R438,0.99201185,0.8023723,0.59539044,0.4321698,0.32368773
R439,1.5595889,1.4774387,1.3904467,1.3016758,1.2621949
R44,1.2264897,1.2003402,1.1399403,1.0280545,0.9333711
R440,1.762935,1.7746029,1.7385398,1.6819129,1.6224754
R441,1.7499905,1.7155697,1.6387126,1.5668399,1.5182223
R442,2.9259806,2.921752,2.8269515,2.674308,2.5267603
R443,0.99400955,0.91113174,0.78293854,0.6615195,0.5657612
R444,0.082564056,0.059583426,0.039870143,0.03907305,0.046773016
R445,0.7684157,0.70219994,0.63933504,0.5813594,0.5606326
R446,0.6354164,0.52052486,0.39588222,0.28215694,0.21107411
R447,0.08161062,0.03052044,0.0,0.0,0.0
R448,1.4022387,1.3291734,1.1928673,1.0374473,0.90430385
R449,0.306971,0.21502507,0.12629497,0.07665926,0.053160727
R45,0.049250603,0.025357485,0.0056628585,0.0,0.0
R450,0.0,0.0,0.0,0.0,0.0
R451,0.6082623,0.50219584,0.39491367,0.29241908,0.24067944
R452,0.113758266,0.08445001,0.059238434,0.034827888,0.026615202
R453,0.0,0.0,0.0,0.0,0.0
R454,0.24343306,0.15901369,0.097147346,0.05211711,0.054018557
R455,0.067180276,0.0426718,0.020400465,0.005876422,0.0017865896
R456,0.06261438,0.02660036,0.004618764,0.0,0.0011094213
R457,3.0570488,3.0737638,2.9868503,2.8552098,2.7222173
R458,1.5225166,1.4258301,1.274892,1.1330882,1.0178957
R459,0.8535275,0.7113923,0.57423025,0.4575675,0.3973791
R460,0.21829772,0.13379455,0.061282635,0.0204041,0.009663105
R461,0.93255377,0.927359,0.8835752,0.8022946,0.7236542
R462,0.19939578,0.15684187,0.112350225,0.06597489,0.04054886
R463,0.109469295,0.053918004,0.0015725493,0.0,0.0
R464,0.38439578,0.3929066,0.38160795,0.3500114,0.32712024
R465,2.6357868,2.6706848,2.603878,2.4837143,2.3520284
R466,1.4764564,1.3675044,1.220237,1.0885837,0.99481916
R467,1.2540432,1.1265385,0.96337944,0.81475985,0.7090113
R468,1.7089295,1.5379081,1.3136039,1.1055655,0.94783
R469,0.9979428,0.89343286,0.78366566,0.6797892,0.6258368
R470,0.15078306,0.21162403,0.2967885,0.38834482,0.4816965
R471,1.2945673,1.2133492,1.0932472,0.9839698,0.89847904
R472,0.67256635,0.57310015,0.4595098,0.36175102,0.29222006
R473,1.0173627,0.8673863,0.67945254,0.5186703,0.3985271
R474,2.0760617,2.0335145,1.9496778,1.8484268,1.7763042
R475,0.098505735,0.06713462,0.042204738,0.018649697,0.012831271
R476,0.8158143,0.73602086,0.6656828,0.5941967,0.56267774
R477,0.63952714,0.52636653,0.3993619,0.29138696,0.22477931
R478,0.0,0.027198017,0.08906925,0.13839513,0.20700085
R479,0.8212009,0.7867807,0.75408155,0.7119191,0.7061889
R48,1.3064588,1.4131703,1.4806426,1.5135399,1.5222106
R480,1.7349448,1.6694229,1.5650182,1.473453,1.4084262
R481,0.53184664,0.46602273,0.40413544,0.34271622,0.32072544
R482,1.6942633,1.7024989,1.6775322,1.6282214,1.5822613
R483,0.95841587,0.9149824,0.84922963,0.79342014,0.75058675
R484,2.6057172,2.592916,2.4932275,2.3588514,2.2344582
R485,0.1872943,0.1263842,0.06673348,0.023542404,0.006985724
R486,1.0368118,1.0181198,0.9647478,0.8928171,0.8361147
R487,1.7369508,1.8023372,1.8232126,1.8008652,1.7740586
R488,0.3650514,0.32525492,0.28305143,0.25038803,0.23856437
R489,1.9358847,1.9911779,1.9977937,1.9415902,1.8842113
R49,0.30360925,0.33658898,0.36835,0.40706447,0.43767953
R490,0.5153482,0.40057996,0.28745186,0.21415716,0.18130106
R491,0.66919845,0.5114295,0.33281648,0.18187904,0.0773558
R492,1.259524,1.0813259,0.8683071,0.6816754,0.5519837
R493,0.75872254,0.66321385,0.59950763,0.54157585,0.5392875
R494,0.2077272,0.15868807,0.11144388,0.08632654,0.07718152
R495,0.56372434,0.40253174,0.24422061,0.114700615,0.0430336
R496,0.72842443,0.57111883,0.4186339,0.30182576,0.23868835
R497,0.08153367,0.04426062,0.011086643,0.0,0.0
R498,1.3116755,1.199172,1.0288036,0.8597118,0.7206944
R499,1.5051566,1.349282,1.153893,0.96573657,0.83044225
R50,0.1259377,0.1519562,0.17824459,0.21674019,0.2445147
R500,1.1793206,1.0891281,0.94353664,0.79064703,0.66492796
R501,2.1318917,2.1158333,2.092472,2.0434132,2.0352023
R502,0.017149031,0.0065663457,0.0032253265,0.007131994,0.019057572
R503,0.4818587,0.42850965,0.37359732,0.33089662,0.31411386
R505,0.67187184,0.6840925,0.66702175,0.63762534,0.6126313
R506,0.021587491,0.027884126,0.035749614,0.045765102,0.05581075
R507,0.5851593,0.5284779,0.47569218,0.42410216,0.40599638
R508,1.680664,1.5994226,1.5301285,1.4457923,1.4133754
R509,1.5920391,1.5408729,1.4587407,1.3875583,1.3308802
R51,1.4827759,1.4487095,1.3991375,1.3612549,1.3538537
R510,0.7080812,0.7109237,0.688906,0.640941,0.599401
R511,0.7173972,0.62062,0.50639975,0.40974826,0.34334868
R512,0.020459414,0.009581149,0.005780041,0.008242786,0.020348966
R514,1.7508668,1.7346251,1.6425151,1.5255172,1.4151063
R515,1.5111353,1.50986,1.4382617,1.3357416,1.236005
R516,2.7560601,2.668427,2.5405078,2.335206,2.1876087
R517,0.1647867,0.15557694,0.1578334,0.16366595,0.18175292
R518,0.30706352,0.26834917,0.22007686,0.19344717,0.17386061
R519,0.07798171,0.11466956,0.1520561,0.18876165,0.22750682
R520,0.52248204,0.47714338,0.42847878,0.40226954,0.38930959
R521,0.08914125,0.08159602,0.07645571,0.079969525,0.08799851
R522,0.068689406,0.04487908,0.019674897,0.007779956,0.0038538575
R524,0.26991105,0.24582708,0.22055173,0.20164526,0.1951474
R525,0.038492024,0.04759264,0.059293926,0.07493919,0.086238205
R526,0.705197,0.74298024,0.7737165,0.79833597,0.81868905
R528,0.23006678,0.24705398,0.27520072,0.31220806,0.3521062
R529,0.8858522,0.87420475,0.86528456,0.86495674,0.8821379
R53,0.49319208,0.50415385,0.50670654,0.5065445,0.50646245
R530,0.0728327,0.07406169,0.07412368,0.08335948,0.092297375
R531,0.50222063,0.4669527,0.42056885,0.39540797,0.36925027
R532,0.45843297,0.420175,0.37081027,0.34508157,0.3269524
R533,0.6252644,0.5668918,0.49426994,0.4473782,0.41612744
R534,1.4809949,1.4540137,1.390169,1.3328629,1.2851198
R536,1.218312,1.129401,1.0004938,0.88817716,0.79721475
R537,0.35124385,0.31832707,0.27642483,0.25343478,0.23701435
R538,0.04104203,0.032721102,0.025513113,0.02667737,0.03008169
R540,0.40529853,0.4319728,0.45850974,0.502301,0.53851086
R541,0.2694528,0.25455695,0.24516916,0.23486412,0.23864973
R542,0.17675924,0.13822567,0.09481007,0.06682873,0.05110091
R544,1.4920708,1.4914002,1.468133,1.4339075,1.4117076
R545,0.10087228,0.051020026,0.0,0.0,0.0
R546,0.03704095,0.019106627,0.005885124,0.0072681904,0.014475524
R547,0.8782938,0.82414275,0.7567141,0.7101749,0.67306495
R548,0.14419687,0.1166119,0.08796716,0.06824499,0.061519682
R549,0.43275565,0.4311669,0.42588297,0.41699713,0.42245317
R55,1.611532,1.5957438,1.5424633,1.4771068,1.422883
R551,0.66598463,0.641052,0.609555,0.5830072,0.5666948
R552,0.057046413,0.029555917,0.0040709376,0.0,0.0
R553,1.1353065,1.1100073,1.0564703,1.0192001,0.9926696
R554,0.67183226,0.6028904,0.51646227,0.4439418,0.3902293
R555,0.91225904,0.909641,0.88811153,0.8735762,0.8610089
R556,0.78341466,0.7402997,0.68523914,0.65179634,0.63259095
R557,0.88647836,0.9288143,0.95829856,0.9694133,0.97376764
R559,1.0665971,0.9646466,0.837747,0.73877704,0.669033
R56,2.6516528,2.6419926,2.5532157,2.4341922,2.3211706
R560,0.06700528,0.058183312,0.05239463,0.060806513,0.0750193
R561,0.33498478,0.28470308,0.22932196,0.18057394,0.15460414
R562,0.6967225,0.5866771,0.46016988,0.36327296,0.29384398
R564,0.13454711,0.08285856,0.03558612,0.0082941055,0.0
R566,0.46214134,0.41695353,0.36743715,0.34198058,0.32407302
R57,0.73090875,0.7181277,0.6776433,0.62013906,0.5776634
R570,1.1104784,1.0102022,0.8792434,0.77429634,0.6915424
R571,0.47762337,0.44712687,0.41308525,0.38837752,0.3736148
R572,0.4650216,0.49271834,0.5189594,0.5524197,0.58188367
R573,0.076588154,0.05058813,0.025740445,0.023119986,0.024256945
R576,0.21718001,0.19768798,0.18682587,0.19602907,0.21679777
R577,0.3380041,0.34879255,0.35697275,0.3697903,0.3820299
R578,0.29309762,0.22885066,0.16383064,0.121899486,0.0934518
R579,0.5120313,0.5043695,0.48588714,0.4636935,0.44524813
R581,0.8161478,0.78088194,0.73443043,0.6776588,0.63959616
R582,0.08278823,0.049773395,0.016871393,0.006620407,0.0025414228
R583,0.058467627,0.05190611,0.05383277,0.068140626,0.0868606
R584,0.63790166,0.5946948,0.5302415,0.4750734,0.43191993
R586,0.26582062,0.19707263,0.12984419,0.08370787,0.052696764
R587,0.2720825,0.21049058,0.14637959,0.105372906,0.07621676
R588,0.11966485,0.114109755,0.10743904,0.10988933,0.11399943
R59,0.89337623,0.9413965,0.9682315,0.98406696,0.9979357
R590,0.120010674,0.13607109,0.15750504,0.19009304,0.2204833
R593,0.2235316,0.17665166,0.1299783,0.10081148,0.08463889
R595,0.21857601,0.20686018,0.20238107,0.22386938,0.24965256
R597,0.32236826,0.29940468,0.27290142,0.26173592,0.25691622
R598,0.20368147,0.18019915,0.15646446,0.14147633,0.13644022
R599,0.09413755,0.07761377,0.06034243,0.05475056,0.055863917
R6,0.26715523,0.21467924,0.16892529,0.13073015,0.11780554
R601,0.1970123,0.15300518,0.109625876,0.08064383,0.061653078
R606,0.15257806,0.13860762,0.13499564,0.14408028,0.16341144
R607,0.108487785,0.097878456,0.08434558,0.08112788,0.08037704
R608,0.17465973,0.22222388,0.27820432,0.3372035,0.3891958
R609,0.12326074,0.12049073,0.1228565,0.13885266,0.16021371
R61,1.3363782,1.3600287,1.3496455,1.3278615,1.3097826
R612,1.0247376,1.194661,1.3445477,1.4558959,1.5278077
R614,0.18397832,0.1723547,0.16135967,0.1664654,0.17516285
R615,0.5665059,0.6112871,0.64910007,0.6831827,0.7121027
R618,0.020065427,0.07668489,0.13673806,0.18369162,0.22529966
R619,0.8719222,0.80788165,0.72838974,0.64417005,0.58594906
R62,0.56079686,0.5030777,0.43978608,0.36733916,0.3231824
R620,0.029504418,0.0,0.0,0.0,0.0
R621,0.16292113,0.10013497,0.038580835,0.00035327673,0.0
R623,0.2796942,0.33922672,0.39605224,0.44212878,0.48122507
R624,0.37783256,0.3619702,0.3277946,0.29098862,0.25889653
R626,1.2403482,1.1731818,1.0711541,0.9674969,0.8844073
R627,0.12850773,0.124093056,0.12611389,0.14503163,0.16695446
R629,0.0,0.0,0.0,0.0,0.0
R63,0.5484314,0.5307669,0.5241472,0.5321115,0.5526285
R630,0.87039787,0.8755103,0.8669584,0.8578927,0.85554534
R631,0.081023216,0.042563796,0.009624541,0.0,0.0008727312
R633,0.33637798,0.39200306,0.44115192,0.48236305,0.5113537
R635,0.94123167,0.8559802,0.74537754,0.6396229,0.5558306
R638,0.65825236,0.76176023,0.8531966,0.9162604,0.9593444
R64,0.29690206,0.33009052,0.367344,0.41413605,0.45773622
R642,0.27083468,0.25427264,0.23480564,0.22873342,0.22742444
R645,0.54920566,0.474298,0.3823735,0.30428338,0.24931413
R646,0.29916704,0.26951313,0.24686122,0.2423256,0.24691933
R647,0.373343,0.3163349,0.25568467,0.21388495,0.19081718
R648,0.1838255,0.17009848,0.16498202,0.18019372,0.20471352
R649,0.026255608,0.014124632,0.009516597,0.017941236,0.039304316
R65,0.0,0.0,0.0,0.03795296,0.09663278
R651,0.1784572,0.20737588,0.24353957,0.28464198,0.32736856
R653,0.051542103,0.019011974,0.0,0.0,0.0
R655,0.19104683,0.1706065,0.1528889,0.14915013,0.15433568
R659,0.13940114,0.12668741,0.11760032,0.11825591,0.124543846
R660,0.5040368,0.4658192,0.41594693,0.38309258,0.3607513
R663,0.18278301,0.23472893,0.2868232,0.33383542,0.37431067
R664,0.1583091,0.15544027,0.15601271,0.16467887,0.17737073
R665,0.20722044,0.1635201,0.12391806,0.09628916,0.08521503
R666,1.1976796,1.1686475,1.0898135,0.989282,0.8933444
R667,0.19754261,0.16761565,0.13365477,0.121510625,0.11241454
R668,0.15561199,0.15414643,0.15892017,0.17805237,0.20035547
R669,0.06582886,0.067168415,0.07330513,0.089583635,0.10693371
R67,0.103372574,0.10066736,0.10177857,0.114632666,0.13485545
R670,0.77333,0.74355274,0.6785344,0.5912736,0.51634425
R671,0.48900798,0.47937334,0.4589377,0.4403643,0.4268983
R672,0.2824781,0.26292336,0.24499142,0.2437172,0.24870807
R673,0.2753483,0.2290082,0.18615901,0.15903449,0.14483184
R674,0.07135701,0.03284818,0.0022001266,0.0,0.0
R675,0.5351057,0.5159707,0.48552078,0.46541798,0.4492904
R676,0.37283325,0.3278786,0.28692853,0.25998592,0.25025856
R677,0.0,0.0,0.0,0.0,0.0
R678,1.0240871,0.92031455,0.7740077,0.62678164,0.5034631
R679,1.3256981,1.3931217,1.4028918,1.366389,1.3108567
R68,2.0840871,2.0814004,2.0494075,2.0160236,1.9903805
R680,0.55828446,0.56448036,0.55933523,0.5439669,0.5324168
R681,0.01503855,0.021653533,0.031801224,0.051642418,0.06935531
R683,0.81059325,0.789974,0.75541824,0.7217047,0.69569325
R684,0.0,0.0,0.0,0.0,0.0
R685,1.128491,1.1039407,1.0314476,0.9500277,0.8685713
R686,0.13875312,0.10592049,0.066731215,0.04284036,0.025148332
R687,0.78512985,0.827949,0.85343266,0.8510515,0.8485122
R688,0.8621483,0.86419564,0.84534436,0.8297112,0.81234515
R69,2.124209,2.1734476,2.1843467,2.177149,2.161981
R690,0.45052874,0.48809224,0.5242677,0.5608495,0.5917799
R691,0.0597893,0.027732015,0.0066487193,0.0,0.0
R692,0.22273493,0.24530107,0.269804,0.28355682,0.300623
R694,0.37782425,0.3311823,0.29000926,0.2765963,0.2733884
R697,0.2997309,0.3155954,0.329643,0.3460101,0.36266088
R698,0.15798813,0.13493603,0.11161184,0.09565693,0.08743
R699,1.1988117,1.2000144,1.1542683,1.0825977,1.0061786
R7,0.084818006,0.08475143,0.082643986,0.08378559,0.08449149
R70,1.9545382,1.9207376,1.8576192,1.7979308,1.7567656
R700,0.865147,0.8419424,0.80048704,0.7747973,0.7516502
R701,0.0128496885,0.01474452,0.02160865,0.04577726,0.06557208
R702,0.73956335,0.65782654,0.5443544,0.4394253,0.35462347
R703,1.551259,1.5966134,1.588001,1.5468861,1.4937077
R704,0.12436998,0.088032484,0.04989481,0.023871005,0.007275641
R705,0.0,0.0,0.0,0.0,0.00016319752
R706,0.16879374,0.17195857,0.176166,0.1963377,0.21499705
R707,0.8025628,0.8140958,0.80959374,0.81109196,0.80813646
R708,0.4529891,0.49065828,0.5253725,0.5667477,0.5971911
R709,0.26253474,0.23642886,0.20660394,0.19308215,0.19065964
R71,1.9772173,1.9609604,1.9100245,1.8624634,1.8238814
R710,1.1396118,1.1443561,1.1021961,1.0379167,0.96920586
R711,0.0,0.0,0.007020831,0.02822411,0.04807216
R713,0.94341373,0.94996566,0.9327272,0.91534954,0.90074086
R714,0.15296984,0.1357013,0.11524379,0.100266695,0.09033692
R715,0.27111006,0.235964,0.1976443,0.16833621,0.15349072
R716,0.14878476,0.10356033,0.060079455,0.03205943,0.014242232
R717,0.6869705,0.68140423,0.65047765,0.6092191,0.5733894
R718,0.02477771,0.0006066561,0.0,0.0,0.0
R719,0.52067584,0.5826133,0.64173,0.7060679,0.7531525
R72,1.9731219,1.9682108,1.9312733,1.8866643,1.8527973
R720,0.29178864,0.26832634,0.24295592,0.22842646,0.22017652
R721,0.24112475,0.21069145,0.16856831,0.12405366,0.09158379
R722,0.62366974,0.54989016,0.45369548,0.36236066,0.29536504
R723,0.00072711706,0.0,0.0,0.0,0.0
R724,0.027302384,0.006742537,0.0,0.0,0.0
R725,0.94078666,0.9687463,0.9527729,0.9081589,0.8564566
R727,0.4047975,0.39731592,0.38962567,0.40010893,0.4193339
R729,0.3459459,0.32621032,0.29383337,0.26334417,0.24077207
R73,2.4342856,2.4337482,2.4032514,2.3665504,2.3385203
R730,0.06911254,0.03926754,0.01541543,0.0034085512,0.004225135
R731,0.07492286,0.062239587,0.0540331,0.056115627,0.06271988
R732,0.9943559,0.89352554,0.75812215,0.61543095,0.50522125
R733,0.10802144,0.08094329,0.05639732,0.041104257,0.033978224
R734,0.17299742,0.15929198,0.14781946,0.1419118,0.14413679
R735,0.34833384,0.30161697,0.2562778,0.22581667,0.20924526
R736,0.122949064,0.09452057,0.06753445,0.048591375,0.04046446
R738,0.44645134,0.43751413,0.42338878,0.41294366,0.40560374
R739,0.07251978,0.05350423,0.035032332,0.032990694,0.03429097
R74,1.3128669,1.344205,1.3633269,1.3833892,1.393065
R740,0.022840679,0.0,0.0,0.0,0.0
R741,0.6334553,0.5607898,0.47349697,0.40212065,0.3502316
R742,0.10170478,0.10237026,0.103975296,0.113425076,0.12623519
R743,0.29525614,0.2479068,0.20533073,0.18257952,0.17734677
R744,0.0004975796,0.0,0.0,0.0,0.0
R746,0.7810182,0.7426178,0.6821836,0.62226766,0.5729398
R747,0.02466023,0.0,0.0,0.0,0.0
R748,0.2137891,0.16377479,0.12058842,0.08846784,0.077337086
R749,0.03137803,0.033029318,0.03801918,0.058386803,0.076191545
R75,1.9270757,1.9649892,1.9868401,2.0052,2.0194
R751,0.57916045,0.52528447,0.44532037,0.3658523,0.3004911
R752,0.12562305,0.09754449,0.07127106,0.061744094,0.0574587
R753,0.24307978,0.23816639,0.22634614,0.21543193,0.20636171
R754,0.4458289,0.48871073,0.5273799,0.56559813,0.594964
R755,0.27409232,0.23302388,0.19149435,0.1608985,0.14314997
R756,0.23607564,0.21970272,0.20408255,0.20054889,0.20260495
R757,0.72100556,0.7192449,0.6999121,0.6892207,0.678318
R758,0.0,0.0,0.031426787,0.08030081,0.12899095
R759,0.25316495,0.29709768,0.345564,0.38990045,0.4283578
R76,2.2197356,2.2196066,2.191466,2.1668134,2.152283
R760,0.849689,0.9379761,0.9968531,1.0291889,1.0355706
R761,0.2028082,0.13818043,0.08278549,0.04882872,0.039762437
R762,0.053119123,0.051968932,0.048010767,0.030599773,0.021972597
R763,0.016275167,0.011508822,0.016924024,0.033052266,0.054828346
R764,0.0,0.0,0.0,0.0,0.0
R766,1.7849014,1.7435625,1.6534265,1.557249,1.4738686
R767,0.031666934,0.029464483,0.02571696,0.02624482,0.029129267
R768,1.2624217,1.252769,1.2148376,1.1625557,1.1226447
R769,1.0796558,1.0434703,0.99308985,0.9560736,0.93685967
R77,1.7399101,1.7912164,1.8164257,1.8369129,1.8491933
R770,0.3020211,0.28293693,0.25817633,0.24565053,0.23864228
R771,0.09673637,0.08643472,0.0823679,0.089577496,0.1034323
R772,0.056690156,0.046803713,0.04136288,0.03820747,0.044160903
R773,0.8129801,0.74661607,0.66701126,0.6124731,0.5778705
R774,0.0,0.0,0.0,0.0,0.0
R775,0.16584373,0.13852596,0.111956954,0.10647404,0.10705012
R776,0.6319382,0.6247334,0.6083091,0.58728284,0.57965446
R778,0.6957587,0.72090614,0.73340315,0.74081415,0.7433213
R779,0.99939567,0.9738765,0.9143468,0.8537456,0.80358905
R78,0.8923826,0.8386154,0.7756347,0.7373911,0.7107754
R780,1.1711771,1.1241288,1.0309699,0.919393,0.81782705
R782,0.18466485,0.21433556,0.25317967,0.29443502,0.33334118
R784,0.13603914,0.13475025,0.13860452,0.156587,0.17681223
R785,0.4403527,0.3728775,0.31101483,0.26902336,0.25081098
R787,0.75385463,0.72122455,0.67779005,0.6351887,0.6140798
R788,0.15862012,0.1541431,0.16136867,0.18505931,0.2144208
R789,0.0026513338,0.0016595125,0.007537484,0.018475592,0.035518706
R79,2.0844865,2.0777826,2.047265,2.0186949,2.012685
R790,0.0,0.0,0.0,0.0,0.0
R791,0.60307693,0.57831526,0.54371715,0.50660384,0.4812057
R792,0.6024066,0.5790656,0.5537203,0.5332725,0.5251714
R793,0.15436924,0.14300227,0.14069968,0.15144718,0.17620653
R794,0.66696906,0.6489424,0.6159942,0.58646977,0.5659838
R795,0.25589287,0.22003782,0.19230402,0.18095893,0.18711913
R796,0.08608639,0.09202951,0.1031962,0.11555052,0.13417941
R797,0.076437056,0.06061375,0.047756314,0.042577505,0.046440125
R798,0.35702962,0.32445318,0.267222,0.19894475,0.14234787
R799,0.5349735,0.51166666,0.48263,0.47551873,0.47020507
R8,1.1564004,1.1200047,1.0651896,1.0185122,0.9896027
R80,1.9051627,1.9613433,1.9865407,1.994116,1.9919205
R800,0.006957531,0.005606711,0.0074187517,0.016239762,0.028064668
R801,0.312649,0.24897218,0.18698198,0.14375746,0.12276459
R802,0.35031217,0.28337687,0.21741301,0.17745578,0.15789646
R803,0.37104914,0.3827625,0.40815187,0.44586927,0.49358165
R804,0.0,0.0,0.0,0.0,0.0
R805,0.9046292,0.834892,0.76055205,0.70246893,0.6659763
R806,0.32774907,0.38030332,0.4437206,0.5172845,0.5819959
R807,0.16251808,0.15385044,0.15505892,0.1696192,0.196697
R808,0.004125893,0.0,0.0,0.0091769695,0.025567949
R809,0.7191478,0.6228872,0.5100729,0.42299077,0.36005253
R81,2.1283178,2.1214952,2.088932,2.057063,2.0380166
R810,0.17123961,0.16756833,0.15754265,0.14247471,0.13458455
R812,0.043106437,0.04229057,0.044687867,0.050465703,0.062126398
R813,0.32212532,0.3169663,0.3097589,0.31786823,0.32541353
R814,0.23885429,0.21890986,0.19866109,0.19032371,0.1875726
R815,1.0108365,0.9902081,0.94924796,0.9054525,0.8690234
R816,0.38018724,0.30135584,0.22717667,0.16617584,0.13320965
R817,0.39426848,0.33820492,0.2751574,0.21636558,0.17710596
R818,0.6409199,0.605571,0.5599247,0.5337255,0.51699847
R819,0.122362375,0.10949558,0.09446734,0.08413005,0.080486
R82,1.1858077,1.1951935,1.184256,1.1738515,1.1535584
R820,0.45228678,0.46223912,0.4602143,0.45493004,0.44759232
R821,0.109594345,0.078431964,0.060587764,0.032434225,0.034909904
R822,0.30815005,0.2803527,0.24528188,0.22110379,0.20803994
R823,0.44852132,0.433058,0.42245844,0.43144783,0.447209
R824,0.16581535,0.15833837,0.14556384,0.14214516,0.14001071
R825,0.20618182,0.19696796,0.19540596,0.2155118,0.23927802
R826,0.7210156,0.6717516,0.6100546,0.5612062,0.53102833
R827,0.83723664,0.7882683,0.72585404,0.67676085,0.64796966
R828,0.46770155,0.4824274,0.5023583,0.5369094,0.5745629
R829,1.0710837,1.0163862,0.93508327,0.85439795,0.79477316
R830,0.33211184,0.25699902,0.17684698,0.12270266,0.09265244
R831,1.5174004,1.5392677,1.510303,1.4586375,1.4060724
R832,0.18466485,0.12772453,0.07756758,0.03536296,0.018576324
R833,0.23040092,0.15781152,0.08553696,0.029727936,0.0
R834,0.08357453,0.06673801,0.04996836,0.040854692,0.041053116
R835,0.4244362,0.4005922,0.37205425,0.36401904,0.35772133
R836,1.9030578,1.8455039,1.754061,1.6582388,1.5835643
R837,0.20093381,0.19141746,0.18147612,0.18599987,0.1902225
R838,0.7183608,0.6806304,0.62295926,0.5621817,0.5115467
R839,1.2096637,1.3268588,1.4294176,1.4946535,1.536145
R840,0.17714262,0.1668194,0.15670109,0.14245296,0.13741285
R841,0.16061902,0.15104467,0.14228737,0.14235234,0.14911467
R842,0.78134686,0.7545463,0.72829425,0.728064,0.73493534
R843,0.7098961,0.6935737,0.6610334,0.6312444,0.6064476
R845,0.43878454,0.48082906,0.52755964,0.5829967,0.63246495
R846,0.26066422,0.23896849,0.21426862,0.19074762,0.18079048
R847,0.38443908,0.4381331,0.49753076,0.56625116,0.6254846
R848,0.40904433,0.34454829,0.27895522,0.23747087,0.21172035
R849,0.88123286,0.8421899,0.8070123,0.7769418,0.7708305
R850,0.021268606,0.020090222,0.024152935,0.0348925,0.05197841
R851,0.0,0.0,0.0,0.0,0.01157558
R852,0.5543337,0.5173873,0.47676516,0.44602883,0.4295912
R853,0.22349274,0.2029081,0.18502843,0.16121227,0.15434366
R854,0.17138338,0.1493839,0.12886786,0.11101419,0.107198
R855,1.7302098,1.6393986,1.5039797,1.370575,1.2666038
R857,0.71097875,0.6637716,0.6047673,0.55923504,0.5300038
R858,0.25716347,0.20358658,0.15289849,0.124739766,0.11917257
R859,0.2755214,0.28686476,0.32088995,0.37403592,0.43685228
R86,0.3823019,0.3425318,0.29553175,0.259629,0.23993844
R860,0.14707494,0.16779494,0.20121747,0.24624836,0.29146922
R861,0.4103647,0.3572067,0.29686272,0.24635202,0.21454698
R862,0.1459763,0.1481387,0.15905255,0.17697,0.20271075
R863,0.18472296,0.16898674,0.15485013,0.15115249,0.15515918
R865,1.3899181,1.3796653,1.3538225,1.3272085,1.3135087
R866,0.77653277,0.7671978,0.7527941,0.73932934,0.7417975
R867,0.45287332,0.47142893,0.50821203,0.54728985,0.6014732
R868,1.0293958,1.0486004,1.0631354,1.0871946,1.1120193
R869,0.942711,0.95705855,0.97025603,0.9974153,1.0269613
R870,0.25060844,0.26057333,0.28496522,0.3170486,0.3577584
R871,3.2063122,3.2371244,3.2513037,3.2615066,3.279721
R872,0.07761496,0.084678054,0.102461934,0.12383145,0.15194392
R873,0.58664507,0.63214016,0.69028836,0.74477786,0.80916846
R874,0.08053434,0.09663141,0.12393993,0.15619743,0.19013739
R876,0.8712079,0.8419776,0.8088491,0.7989314,0.8015201
R878,0.074769795,0.075767756,0.08496827,0.10228896,0.122360885
R879,0.16011846,0.15772808,0.16459179,0.17806196,0.20092088
R880,0.19734335,0.19235933,0.20891237,0.24633718,0.29586285
R881,0.90905625,0.95065117,0.9927241,1.0362025,1.0812476
R882,0.070576906,0.08040452,0.1077106,0.14351887,0.18499607
R883,1.2444844,1.4256877,1.6080534,1.7839261,1.9300694
R884,1.2310777,1.2017756,1.1413908,1.0881906,1.0485685
R886,1.3769146,1.3775744,1.3586963,1.3314488,1.3152442
R887,1.0670934,1.1746546,1.2972898,1.4260441,1.547894
R888,1.9299878,1.9753035,2.0035892,2.0168338,2.0287151
R889,1.7292287,1.7721112,1.8098142,1.8549407,1.9045255
R890,2.983335,2.9832344,2.9915848,3.0071468,3.0356967
R891,0.8509283,0.79491764,0.73268735,0.6758877,0.6435908
R892,1.2063358,1.1189566,0.9973319,0.877881,0.78100455
R894,0.077145815,0.09521353,0.1308319,0.17942643,0.23252195
R895,2.9712276,3.0049458,3.02843,3.0337167,3.0385087
R896,0.21011847,0.26731968,0.34161568,0.42817587,0.50629497
R899,0.054605603,0.04069823,0.03204322,0.040391326,0.052035034
R9,1.7260321,1.603064,1.4612317,1.3307288,1.2482725
R90,0.34113652,0.28835982,0.22725153,0.15807998,0.12190598
R901,2.1978898,2.369125,2.5285952,2.6663513,2.7752612
R902,0.77890414,0.75818646,0.7328835,0.7161502,0.7146548
R903,2.5539246,2.5767932,2.589127,2.602368,2.6207223
R904,0.6580101,0.61806417,0.57960963,0.5443746,0.5393629
R905,1.2412362,1.4631209,1.6888772,1.9012052,2.074706
R907,0.18654466,0.1682195,0.15382397,0.1651215,0.18040365
R909,0.6471318,0.81066906,0.98327875,1.1454984,1.2787652
R910,1.3719964,1.3399278,1.2688477,1.1982514,1.1439738
R911,0.89867085,0.9966231,1.0813408,1.1310313,1.1738703
R912,0.82164776,0.8159033,0.81076837,0.8243303,0.8478113
R913,0.47640395,0.43505612,0.38244694,0.3341115,0.29889733
R914,1.3976816,1.5716146,1.7312853,1.8663075,1.9733026
R916,0.18345231,0.16635627,0.15802813,0.17627776,0.20088512
R917,0.4595512,0.4584955,0.4575519,0.45726454,0.47067234
R919,3.6391072,3.7256732,3.7764688,3.8021107,3.8248994
R92,0.007267058,0.0,0.0,0.0,0.0
R920,1.1877384,1.0866094,0.9484697,0.8111737,0.7080862
R921,0.85533595,0.7911495,0.71844804,0.6549798,0.6150314
R922,0.029631674,0.028820217,0.036262512,0.052195728,0.07300073
R923,0.5299257,0.5097497,0.49316946,0.49622214,0.51627195
R924,1.4673653,1.4836546,1.492667,1.4960337,1.510262
R925,0.22598141,0.21777594,0.22052908,0.24294877,0.27717543
R927,0.017609715,0.02384448,0.04507518,0.07772732,0.118154824
R928,0.40053242,0.38580447,0.36973944,0.36081955,0.35995927
R930,1.6281154,1.6334298,1.6113274,1.5904751,1.5812926
R931,1.4627042,1.7981124,2.1556983,2.4893775,2.7683635
R932,1.7261606,1.727335,1.7230372,1.7443706,1.7783207
R933,0.8566407,0.8197362,0.77809495,0.7511689,0.73845613
R934,0.3217008,0.3040282,0.28107655,0.26631677,0.25425315
R936,0.8579547,0.8475954,0.82413656,0.79324883,0.77498037
R937,1.7400641,1.8431196,1.9214329,1.9733782,2.0108676
R938,0.45636642,0.42290974,0.38009366,0.34054482,0.31619722
R940,1.3048716,1.269697,1.2362971,1.2282169,1.2493337
R941,0.05032575,0.06416154,0.088361025,0.11860418,0.14986545
R942,1.6628323,1.8570818,2.0413733,2.2084055,2.3411973
R944,0.35664773,0.37544072,0.39882022,0.41068932,0.4320948
R945,1.1360755,1.1184949,1.1039392,1.1018517,1.1205764
R946,0.8060236,0.8281101,0.8400147,0.8418374,0.84521115
R947,2.220576,2.226362,2.2161617,2.2123575,2.214661
R948,3.640676,3.641409,3.6081367,3.5600424,3.529445
R949,3.4337382,3.497302,3.5516243,3.5843072,3.6242232
R950,0.077162385,0.048503578,0.035387933,0.035888314,0.054608524
R951,1.7968532,1.8097827,1.8076587,1.7833799,1.7824996
R952,0.47250912,0.4541644,0.4601245,0.4874431,0.53498715
R953,1.2918905,1.3143529,1.3243811,1.3336062,1.3441192
R954,2.972331,2.968371,2.9525242,2.9335861,2.9357765
R955,0.679457,0.64780223,0.6021482,0.56563914,0.53909445
R956,2.0155303,2.1019063,2.1714058,2.2214198,2.2666092
R957,0.29208827,0.2712993,0.25893748,0.2569002,0.27264136
R958,0.111524224,0.13016683,0.16056812,0.19998693,0.24196285
R96,0.0,0.0,0.0,0.005553961,0.023697436
R962,1.1100657,1.217911,1.2887704,1.3294606,1.3411121
R963,0.9146836,1.024668,1.1150782,1.1767508,1.2160428
R966,0.0,0.0,0.0,0.0,0.0
R970,0.287036,0.355389,0.45364782,0.5667751,0.6763754
R972,0.27754962,0.29817677,0.31197882,0.32623178,0.3348332
R973,0.6630099,0.679438,0.6750027,0.6647149,0.64916205
R974,0.15826005,0.11359429,0.07435799,0.048104525,0.037034452
R977,0.59114176,0.732229,0.8747664,0.9841769,1.0757749
R979,0.7909727,0.8178119,0.8609685,0.9070337,0.9644532
R980,0.6330107,0.55756223,0.470981,0.40315086,0.3537977
R982,0.2821589,0.34014815,0.3985229,0.44826972,0.49195018
R985,0.044160128,0.02342832,0.008303642,0.0053301454,0.007660687
R989,0.4014673,0.35677218,0.30531335,0.26237822,0.23384684
R990,0.31100345,0.32483006,0.34161776,0.35101783,0.37022653
R992,0.10227597,0.09572649,0.09473288,0.10320425,0.11455697
R995,0.08122283,0.06726229,0.05686277,0.062181234,0.06871796
R999,0.34690303,0.36367345,0.3848911,0.40987775,0.43857965
