region_id,pred_week1,pred_week2,pred_week3,pred_week4,pred_week5
R1,0.0,0.0,0.0,0.0,0.0
R1001,0.0,0.7842109,0.6816799,1.2521443,1.5521582
R1002,0.0,0.5725211,0.16292882,0.87070984,1.0910683
R1005,0.0,0.93879163,0.79952264,1.389554,1.729213
R1006,0.0,0.97255313,0.80027634,1.411185,1.7473544
R1007,0.0,0.10380861,0.0,0.28848845,0.3877405
R1009,0.0,0.21959352,0.0,0.49011052,0.7356012
R1011,0.0,0.60296017,0.50801057,1.0164967,1.3517747
R1012,0.0,0.7761235,0.43466592,1.1206113,1.3247638
R1014,0.0,0.33785108,0.23795009,0.770421,1.1043533
R1015,0.0,0.8461343,0.5727396,1.1933349,1.4559637
R1017,0.0,0.0,0.0,0.0,0.05749756
R1019,0.0,0.003096491,0.0,0.124353975,0.16505706
R1020,0.0,0.0,0.0,0.082683176,0.20919293
R1021,0.0,0.16606435,0.0,0.44633797,0.6878027
R1022,0.0,0.0,0.0,0.11401191,0.29552168
R1024,0.0,0.26732734,0.20877177,0.7061994,1.0261503
R1025,0.0,0.0,0.0,0.19050428,0.3571567
R1026,0.0,0.0,0.0,0.12153703,0.1637237
R1028,0.0,0.6360686,0.45578802,1.1019686,1.4341981
R1032,0.0,0.88908994,0.58966035,1.2316442,1.4624066
R1034,0.0,0.37613738,0.025584236,0.65439796,0.85144573
R1035,0.0,0.36718205,0.28161806,0.79102904,1.1313052
R1036,0.0,0.18415773,0.0,0.5551715,0.8291914
R1037,0.0,0.5902613,0.31621963,0.9560818,1.2356584
R1041,0.0,0.86587244,0.5753306,1.2222339,1.4864997
R1042,0.0,0.20980173,0.15331757,0.6513386,0.9774173
R1046,0.0,0.03777972,0.015122235,0.46300942,0.77328473
R1047,0.0,0.11287212,0.0,0.47978386,0.74312216
R1048,0.0,0.30980256,0.0,0.5977697,0.8016988
R1049,0.0,0.56619006,0.27930832,0.9145901,1.2096792
R1051,0.0,0.25758803,0.0,0.53014,0.7525371
R1052,0.0,0.7426262,0.5638966,1.1806933,1.5006198
R1053,0.0,0.45271206,0.37415585,0.8656954,1.1858418
R1054,0.0,0.0,0.0,0.14388922,0.30288428
R1056,0.0,0.2905347,0.0,0.53080547,0.6490517
R1057,0.0,0.0,0.0,0.0,0.041366428
R1058,0.0,0.19332445,0.0,0.5614636,0.8284972
R1061,0.0,0.0,0.0,0.107670605,0.2825765
R1065,0.0,0.59697515,0.30279085,0.9364213,1.182207
R1067,0.0,0.6913045,0.40895012,1.023183,1.2762544
R1069,0.0,0.14524865,0.0,0.42412925,0.6224636
R1071,0.0,0.629863,0.539249,1.0477278,1.364171
R1074,0.0,0.57958895,0.2998428,0.92781794,1.2091465
R1077,0.0,0.0,0.0,0.15745509,0.29682666
R1078,0.0,0.0,0.0,0.0868735,0.23808259
R1079,0.0,0.40134156,0.34332913,0.8338915,1.1692026
R1080,0.0,0.0,0.0,0.0,0.0
R1082,0.1620611,0.3347224,0.13047996,0.30597353,0.34388286
R1083,0.0,0.10729706,0.0,0.4323218,0.62727296
R1084,0.0,0.0,0.0,0.0,0.0
R1085,0.0,0.0,0.0,0.0,0.0
R1086,0.0,0.0,0.0,0.0,0.0
R1087,0.0,0.0,0.0,0.0,0.0
R1088,0.0,0.0,0.0,0.0,0.0
R1089,0.0,0.0,0.0,0.0,0.0
R1090,0.0,0.37119186,0.0,0.76381445,1.0249254
R1091,0.28584933,0.4742558,0.38807893,0.5644182,0.5632243
R1092,0.0,0.10610549,0.0,0.18236774,0.091541395
R1093,0.0,0.0,0.0,0.0,0.0
R1094,0.0,0.034309,0.0,0.105025195,0.11535318
R1095,0.0,0.0,0.0,0.0,0.0
R1096,0.0,0.04273933,0.0,0.0,0.0
R1098,0.0,0.0,0.0,0.0,0.0
R11,0.0,0.3938529,0.19572005,0.9417125,1.2769301
R1100,0.0,0.0,0.0,0.0,0.0
R1101,0.0,0.0,0.0,0.03599748,0.10159613
R1102,0.0,0.0,0.0,0.0,0.0
R1103,0.10017525,0.43198314,0.2625214,0.478175,0.5760288
R1105,0.8258108,0.95584,0.7673456,0.9053651,0.966284
R1107,0.0,0.0,0.0,0.0,0.0
R1108,0.34399605,0.6953927,0.46870875,0.77024806,0.8627845
R1109,0.0,0.0,0.0,0.0,0.0
R111,0.0,0.0,0.0,0.0,0.0
R1114,0.0,0.0,0.0,0.0,0.0
R1115,0.15539265,0.34932685,0.15724993,0.3250357,0.264997
R1116,0.0,0.31932855,0.0,0.63164866,0.7692482
R1117,0.6488731,0.8796878,0.75606465,0.99745667,1.0408986
R1118,0.0,0.043573618,0.0,0.107203335,0.17818259
R1119,0.0,0.0,0.0,0.0,0.0
R1120,0.0,0.0,0.0,0.0,0.0
R1123,0.4898293,0.79862547,0.53548694,0.8341317,0.96600485
R1124,0.8632916,0.9863157,0.7912964,0.9465604,1.0012395
R1125,0.0,0.0,0.0,0.0,0.0
R1126,0.51527655,0.8102217,0.56472254,0.85095584,0.9074284
R1128,0.0,0.0,0.0,0.0,0.0
R1130,0.0,0.0107626915,0.0,0.0,0.0
R1133,0.0,0.0,0.0,0.08794553,0.19369766
R1134,0.0,0.13412118,0.0,0.1428039,0.16645408
R1135,0.0,0.28497773,0.0,0.6596762,0.88673
R1136,0.120295286,0.26810455,0.0,0.24772584,0.30570066
R1139,0.0,0.0,0.0,0.0,0.0
R1140,0.0,0.0,0.0,0.0,0.0
R1142,0.0,0.09368242,0.0,0.0,0.0
R1143,0.0,0.07754722,0.0,0.40953073,0.5538045
R1144,0.0,0.51573706,0.3007277,0.95572364,1.221667
R1145,0.0,0.0,0.0,0.4645236,0.77119476
R1146,0.0,0.16799748,0.0,0.54951435,0.71762985
R1147,0.0,0.40936735,0.3696767,0.9577026,1.3802631
R1148,0.0,0.9835677,1.0129259,1.4511855,1.7889647
R1149,0.0,0.70387673,0.6182883,1.1099107,1.4626726
R1150,0.0,0.8367878,0.6920433,1.3488623,1.6538882
R1151,0.0,0.85994923,1.000463,1.5834082,1.9394202
R1152,0.0,0.6118019,0.44974792,1.12726,1.525076
R1153,0.0,0.0,0.0,0.0,0.0
R1154,0.0,0.0,0.0,0.25032648,0.45258775
R1155,0.0,0.83864975,0.803051,1.442141,1.7999575
R1156,0.0,0.63415277,0.5286696,1.139405,1.5377376
R1157,0.0,0.8228295,0.58220446,1.290498,1.6177965
R1158,0.004497409,1.0507209,1.1125532,1.5590048,1.911981
R1159,0.0,1.1701851,0.9445397,1.5267309,1.8576257
R1161,0.0,0.058061898,0.0,0.38181356,0.5349013
R1163,0.0,0.0,0.0,0.0,0.0
R1164,0.0,0.0,0.0,0.0,0.0
R1166,0.0,0.0,0.0,0.13375995,0.2593367
R1167,0.0,0.0,0.0,0.0,0.0
R1168,0.0,0.0,0.0,0.060237408,0.10065931
R1175,0.0,0.10421947,0.0,0.42443556,0.56529236
R1176,0.0,0.019587904,0.0,0.33264244,0.48078114
R1177,0.0,0.0,0.0,0.0,0.0
R1178,0.0,0.0,0.0,0.21729055,0.39097732
R1179,0.0,0.18054429,0.0,0.49939016,0.6564753
R1180,0.0,0.011114776,0.0,0.3984215,0.6560127
R1181,0.0,0.0,0.0,0.0,0.0
R1182,0.0,0.0,0.0,0.26853144,0.6294501
R1184,0.016247034,1.2620423,1.1402426,1.7544785,2.052006
R1185,0.0,0.0,0.0,0.12615195,0.28045213
R1186,0.0,0.0,0.0,0.028774261,0.112027824
R1187,0.0,0.0,0.0,0.20630765,0.38943434
R1188,0.0,0.88204706,0.63177705,1.3077061,1.463949
R1189,0.0,0.25587374,0.080395505,0.6771785,0.9404439
R119,0.0,0.0,0.0,0.0,0.02125445
R1190,0.0,0.0,0.0,0.0,0.066669494
R1191,0.0,0.16054693,0.0,0.5088793,0.65020096
R1192,0.0,0.07948601,0.0,0.39406013,0.4909562
R1193,0.0,0.23044634,0.0,0.64846015,0.8712642
R1194,0.0,0.0,0.0,0.0,0.0
R1195,0.0,1.1022241,0.85750395,1.5816981,1.8978851
R1196,0.0,0.07281238,0.0,0.31151593,0.33862603
R1197,0.0,0.8224616,0.5965531,1.2310928,1.4489286
R1200,0.0,0.6094229,0.5557269,1.1628611,1.435096
R1203,0.0,0.0,0.0,0.0,0.0
R1204,0.0,0.5977733,0.3565536,0.9824606,1.2661605
R1205,0.0,0.08806673,0.0,0.40535766,0.5653369
R1208,0.0,0.32804155,0.002415061,0.71126276,0.8681059
R1209,0.0,0.5766022,0.2731802,0.88066167,1.0925732
R1210,0.0,0.4408126,0.24005185,0.87044805,1.0629951
R1211,0.0,0.5080274,0.27102292,0.83941907,1.0029386
R1212,0.0,0.0,0.0,0.0,0.11179507
R1213,0.0,0.0,0.0,0.18628196,0.338738
R1215,0.0,0.0,0.0,0.0,0.0
R1219,0.0,0.5925643,0.28021514,0.93282044,1.1603162
R1221,0.0,0.0,0.0,0.3380499,0.5347616
R1223,0.0,0.0,0.0,0.0,0.0
R1227,0.0,0.35994548,0.0,0.5745236,0.6311687
R1228,0.0,0.47255063,0.20645612,0.8660742,1.1420362
R1229,0.0,0.26172292,0.10950196,0.7215297,0.9986669
R123,0.0,0.0,0.0,0.0,0.0
R1231,0.0,0.14282466,0.0,0.5080425,0.71966344
R1232,0.0,0.0,0.0,0.085555315,0.14901543
R1233,0.0,0.49367124,0.20502448,0.861747,1.1284759
R1235,0.0,0.2972166,0.0,0.57738996,0.64922225
R1236,0.0,0.34358743,0.07501872,0.6589228,0.82286096
R1238,0.0,0.0,0.0,0.25498646,0.37239474
R1239,0.0,0.76029575,0.7817043,1.2797883,1.6488934
R1241,0.0,0.111342475,0.0,0.46018472,0.67898256
R1243,0.0,0.23709852,0.0,0.53826094,0.62233806
R1247,0.0,0.27874884,0.14223307,0.6569675,0.8751484
R1249,0.0,0.750227,0.55477667,1.1684084,1.4761803
R1255,0.0,0.33987594,0.1941776,0.82583827,1.0625722
R1257,0.0,0.0,0.0,0.0,0.105107844
R1260,0.0,0.29453856,0.019845337,0.64345783,0.9273231
R1262,0.0,0.0,0.0,0.0,0.0
R1267,0.0,0.3538139,0.19602907,0.78649306,1.0757887
R1272,0.0,0.6558907,0.41829738,0.98248774,1.1475569
R1273,0.0,0.3010403,0.07243961,0.67542756,0.9637525
R1276,0.0,0.0,0.0,0.30834398,0.49481606
R1277,0.0,0.30157334,0.0,0.6616068,0.84305227
R1278,0.0,0.5340787,0.25152358,0.9111166,1.1927913
R1279,0.0,0.5028237,0.2641676,0.8958931,1.1907475
R128,0.0,0.0,0.0,0.021558292,0.12667029
R1281,0.0,0.45905626,0.3835033,0.7930033,1.1815718
R1282,0.0,0.48012573,0.28193402,0.704767,0.7683172
R1285,0.0,0.7101593,0.705904,1.1576258,1.523732
R1286,0.0,0.5001492,0.35432777,0.7580067,0.7827218
R1289,0.0,0.57778484,0.50243354,0.9188582,1.2961988
R129,0.0,0.0,0.0,0.013561927,0.3725499
R1291,0.0,0.35061055,0.29112613,0.7183805,1.0906904
R1296,0.0,0.66973716,0.58349067,1.2717545,1.6385846
R1298,0.0,0.681522,0.6226165,0.99604225,1.401334
R13,0.0,0.32982758,0.16048983,0.54649866,0.74707204
R1301,0.26220906,0.923688,0.92743605,1.2357892,1.6084371
R1303,0.0,0.0,0.0,0.21760252,0.33449167
R1306,0.10874164,0.78738606,0.79123664,1.0994169,1.4676491
R1307,0.0,0.6177664,0.30070457,0.8796787,1.0120838
R1308,0.0,0.3573813,0.17663223,0.81665564,1.1420299
R1309,0.10222438,0.7484291,0.83952945,1.1610079,1.5891768
R1310,0.0,0.35785997,0.07194163,0.6424857,0.8157943
R1311,0.0,0.7975097,0.77306604,1.1555277,1.5833355
R1312,0.0,1.0064241,0.61424506,1.200075,1.2682626
R1314,0.0,0.6181818,0.61995924,1.1725265,1.5327423
R1316,0.0,0.0,0.0,0.4511015,0.8120136
R1317,0.0,0.9001042,0.9049851,1.3593601,1.7482331
R1318,0.0,0.4766009,0.33955935,0.89495945,1.2225057
R1319,0.0,0.22163346,0.0,0.54854524,0.65056807
R132,0.0,0.0,0.0,0.0,0.0
R1321,0.0,1.0870811,0.9389548,1.512953,1.7799513
R1326,0.0,0.9290328,0.54644156,1.1077335,1.1602116
R1327,0.0,0.51560694,0.25927594,0.87692493,1.0667979
R1330,0.0,0.2920549,0.01996538,0.4667341,0.45583406
R1333,0.0,0.94364816,0.56010234,1.1504526,1.2569344
R1335,0.0,0.66327304,0.39596963,1.0082264,1.264358
R1338,0.0,0.23376748,0.06017486,0.50895345,0.5889179
R1339,0.0,0.78007436,0.5901848,0.99059373,1.050418
R1341,0.0,0.61178637,0.57921433,1.1495419,1.5356411
R1342,0.0,0.5925201,0.27105618,0.8532105,0.97953063
R1347,0.0,1.0162286,0.8046744,1.4217882,1.6917843
R1348,0.0,0.6208657,0.62334377,0.87018836,1.1888325
R1349,0.0,0.11820929,0.0,0.4210116,0.5309969
R1351,0.0,0.48361927,0.14806828,0.71291655,0.8153353
R1353,0.0,0.65561724,0.59095705,0.97394544,1.3317857
R1355,0.0,0.787112,0.7440669,1.3385013,1.7223077
R1356,0.0,0.67537016,0.38329506,0.96355724,1.0427667
R1357,0.2791713,0.9158971,0.9641032,1.2582211,1.6755184
R1358,0.0,0.9114959,0.7517829,1.1658821,1.4689138
R1359,0.0,0.6526731,0.57986474,1.1201206,1.4256693
R1360,0.0,0.6736959,0.64038646,1.011917,1.4376286
R1362,0.0,0.6472925,0.34639087,0.9373399,1.0737369
R1364,0.0,0.4807567,0.1576887,0.7366471,0.8084627
R1365,0.0,0.008954287,0.0,0.2303231,0.35191846
R1366,0.0,0.5949824,0.37507293,0.959813,1.1534158
R1367,0.26374632,0.9578254,0.97646004,1.2550684,1.5928222
R1368,0.0,0.0,0.0,0.0,0.0
R1375,0.0,0.0,0.0,0.0,0.0
R1378,0.0,0.0,0.0,0.0,0.0
R1386,0.0,0.0,0.0,0.0,0.0
R1387,0.2242623,0.47874314,0.36231,0.5688536,0.64832693
R1388,0.0,0.3511915,0.080386385,0.39593711,0.5830211
R1390,0.37735486,0.56792414,0.26679373,0.5497657,0.60578525
R1391,0.0,0.0,0.0,0.0,0.0
R1397,0.5946442,0.6815475,0.5216836,0.6737459,0.76794314
R1399,0.0,0.0,0.0,0.0,0.0
R14,0.0,0.8618007,0.35454223,1.2416368,1.5308094
R1421,0.0,0.0,0.0,0.42715025,0.71978843
R1423,0.0,0.22447787,0.0,0.26652658,0.4383625
R1427,0.0,0.0,0.0,0.0,0.0
R1433,0.14276195,0.5050694,0.3121225,0.5445248,0.67948985
R1435,0.0,0.0,0.0,0.0,0.0
R1438,0.0,0.090904266,0.045512274,0.49167466,0.76658076
R1446,0.2148608,0.33222815,0.13996439,0.28258988,0.2532436
R1448,0.0,0.0,0.0,0.2307007,0.5649799
R1451,0.0,1.0011365,0.5715787,1.3640593,1.3888823
R1452,0.0,0.8128483,0.66792893,1.3306988,1.5182906
R1454,0.0,0.7406552,0.4661836,1.1889746,1.4748672
R1455,0.0,0.3252685,0.00032025576,0.48361528,0.50239486
R1460,0.0,0.6788013,0.45180577,0.98531044,1.000684
R1469,0.0,0.69169545,0.6020419,1.1625733,1.4266558
R1471,0.0,0.7275292,0.38355255,1.1123011,1.2534543
R1472,0.0,0.79114157,0.23717195,0.9982704,0.9751005
R1474,0.0,0.57223547,0.3273488,0.8717965,0.8731358
R1478,0.0,0.27108282,0.0,0.42177957,0.3852705
R1481,0.0,0.641701,0.39452955,0.9269814,0.92783505
R1483,0.0,0.65299726,0.3558896,1.0648456,1.2788776
R1487,0.0,0.86137015,0.4255892,1.1948425,1.241476
R1488,0.0,1.1025006,0.8181655,1.536948,1.751715
R149,0.0,0.0,0.0,0.0,0.08464375
R1493,0.0,0.7710194,0.5006068,1.006792,1.0019734
R1498,0.034894288,1.2309854,1.0274415,1.6358212,1.8866441
R15,0.0,1.1083757,0.6294003,1.4491057,1.6223903
R1501,0.0,0.8469376,0.31358382,1.0759816,1.0668678
R1504,0.0,0.76959956,0.7550256,1.2331388,1.6244514
R1505,0.0,0.6937064,0.51202554,1.0789715,1.3219664
R1509,0.0,1.1376293,0.8415309,1.541749,1.908708
R1513,0.0,0.7683069,0.3942686,1.0715739,1.245154
R152,0.0,0.0,0.0,0.11238748,0.20116973
R1522,0.0,0.5759139,0.19850649,0.7491182,0.9421252
R1523,0.0,1.074066,0.6574901,1.398958,1.440724
R1533,0.0,0.37224478,0.0,0.54976296,0.49880272
R1535,0.0,0.70867956,0.6426289,1.1793699,1.450277
R1545,0.0,0.33196402,0.0,0.5525994,0.66174346
R1547,0.0,0.8676702,0.54878396,1.2911227,1.4152821
R1548,0.0,0.5903917,0.3313822,0.91033703,1.0603664
R1553,0.0,0.64089507,0.5753818,1.0429429,1.2896644
R1555,0.0,0.44852042,0.20764755,0.8865368,1.1783689
R1557,0.0,0.6031321,0.5835149,1.1430656,1.5088387
R1561,0.0,0.30008277,0.0,0.5021512,0.6841628
R1562,0.0,0.5253093,0.25601727,0.7866887,0.7713249
R1563,0.0,0.5899315,0.3286039,1.1096859,1.4233112
R1564,0.0,0.30048972,0.0,0.48003882,0.56673926
R1565,0.28480798,1.4846406,1.4101039,1.9460241,2.2351642
R1566,0.0,0.9700613,0.6530352,1.2307419,1.4014816
R1567,0.0,0.5990318,0.31455094,0.84995884,1.0905862
R1568,0.0,1.1225724,0.67450625,1.2973795,1.4043761
R1569,0.32132113,1.1322734,1.0515918,1.3717756,1.6860547
R1570,0.022791743,0.88627267,0.7792976,1.0737336,1.3269176
R1571,0.12341875,0.23883182,0.12287933,0.16800898,0.2430566
R1572,0.0,0.0,0.0,0.0,0.0
R1573,0.0,0.2881633,0.0,0.33188552,0.43954873
R1574,0.0,0.51762736,0.5071588,0.54511964,0.82313275
R1575,0.0,0.3412068,0.0,0.42834604,0.43672192
R1577,0.0,0.80428404,0.50169396,1.0516782,1.1747925
R1578,0.0,0.0,0.0,0.0,0.0
R1579,0.18464813,1.419552,1.1745431,1.7271476,2.0591857
R158,2.5431314,4.0074024,3.4031503,3.9145226,3.870581
R1580,0.0,0.50527096,0.031091034,0.6106068,0.6465354
R1581,0.0,0.0,0.0,0.0,0.0
R1582,0.0,1.2439969,0.8962619,1.4615207,1.6732796
R1583,0.0,0.0,0.0,0.0,0.0007364154
R1585,0.0,0.0,0.0,0.0,0.01747799
R1586,0.0,1.1728029,1.119446,1.5558528,1.8515337
R1587,0.0,0.66145855,0.23747355,0.82087815,0.92951626
R1588,0.01192379,1.254945,0.9774261,1.5357575,1.827711
R1589,0.0,0.47651416,0.06574553,0.64658153,0.7523158
R159,2.9814007,2.985945,2.9358227,2.8801107,3.0426185
R1590,0.0,0.0,0.0,0.0095303655,0.11985248
R1591,0.71086615,0.59767556,0.57542825,0.5930021,0.69210005
R1592,0.0,0.09635854,0.013615608,0.26242363,0.55031204
R1593,0.4309535,1.696431,1.5180751,2.093656,2.3998668
R1594,7.4505806e-05,0.41206586,0.4307858,0.6179936,0.86856914
R1597,0.0,0.02424097,0.0,0.0011168122,0.0
R1598,0.0,0.5849955,0.1081692,0.766947,0.84872794
R1599,0.0,0.08855438,0.0,0.12800062,0.2329266
R16,0.0,1.0130157,0.63344514,1.3397329,1.6413323
R160,2.9951038,3.1215706,3.0569997,3.0438476,3.1780937
R1600,0.0,0.6019982,0.37353337,0.78518915,1.0039557
R1601,0.0,0.3530365,0.0,0.4443803,0.55845666
R1602,0.0,0.9872674,0.81994873,1.260217,1.4997661
R1603,0.0,0.58018017,0.021354869,0.6466661,0.6400416
R1604,0.0,0.07758701,0.0,0.06753743,0.021587372
R1606,0.0,0.58608246,0.439793,0.65163815,0.7957349
R1607,0.0,0.657094,0.5109656,0.73802114,0.86600494
R1608,0.0,0.1473068,0.0,0.12897652,0.09168202
R1609,0.36419243,1.6140438,1.3280714,1.8940514,2.1596823
R161,2.8302364,2.5980766,2.6944528,2.5565639,2.747373
R1610,0.0,0.56173,0.33313417,0.75804603,0.990682
R1611,0.0,0.6906848,0.26509583,0.83424693,0.97800076
R1612,0.0,0.5283406,0.03233394,0.6523554,0.6991269
R1613,0.0,1.1582994,1.0128386,1.4776919,1.8181188
R1614,0.11299868,0.15777618,0.09008473,0.08961913,0.12926777
R1615,0.0,0.14345968,0.0,0.18457103,0.3023333
R1616,0.0,0.20498395,0.0,0.21867436,0.16594881
R1617,0.0,0.0,0.0,0.0,0.0
R1618,0.0,0.8656665,0.46615025,1.0552945,1.1759883
R1619,0.0,0.592409,0.1740169,0.6917396,0.78419226
R162,3.3482518,4.626316,4.2597227,4.6971855,4.8813767
R1620,0.0,0.20108616,0.0,0.22229218,0.19585186
R1621,0.14822057,1.2673757,0.9232894,1.5053469,1.7088267
R1622,0.0,0.9593339,0.4679104,1.1446302,1.2048571
R1623,0.12159839,1.2972093,0.725367,1.2346028,1.1891544
R1624,0.18918037,1.5372194,1.1644406,1.622111,1.8194689
R1625,0.0,0.97444004,0.4934644,1.1035689,1.1873008
R1626,0.0,0.9388752,0.4153931,1.125807,1.1718875
R1627,0.0,1.1691364,0.6162858,1.159378,1.1582017
R1628,0.0,0.6394491,0.20224732,0.8370295,0.8874567
R1629,0.0,0.87947357,0.45520046,0.9605651,0.93495685
R163,3.055021,3.4280562,3.5113034,3.5324745,3.7939968
R1630,0.29552042,1.4375976,0.8927082,1.5279697,1.5891217
R1631,0.0,1.2031522,0.87299955,1.5053773,1.7290456
R1632,0.0,0.9518374,0.73283035,1.3283113,1.5850505
R1633,0.0,0.9069706,0.40126616,1.1004007,1.1189799
R1634,0.0,1.0341268,0.97554445,1.4737023,1.8601738
R1635,0.6268105,1.9001973,1.3433572,1.8777379,1.8731711
R1636,0.0,0.9563008,0.6416684,1.1768541,1.2955365
R1637,0.2673028,1.5377126,1.0125859,1.5270259,1.5313733
R1638,0.0,0.7642416,0.53131527,1.0007629,1.2460567
R1639,0.0,1.0965607,0.96045536,1.550941,1.8925047
R164,2.4253314,3.7335541,3.2155645,3.6555939,3.674395
R1640,0.0,0.7730174,0.33709878,0.8662052,0.88535595
R1641,0.18965615,1.3210012,0.7928989,1.410097,1.4689312
R1642,0.0,1.2494875,0.9899945,1.5783182,1.8433082
R1643,0.21091825,1.5280437,1.3123621,1.7042408,1.945127
R1644,0.17663763,1.2222115,0.7028984,1.2307203,1.2157559
R1645,0.32255507,1.465673,1.0499098,1.5012612,1.6311976
R1646,0.0,1.3050628,1.0873209,1.6943762,2.0087626
R1647,0.0,0.8357816,0.60435545,1.2866433,1.607616
R1648,0.0,1.1539638,0.89067036,1.5368898,1.8402404
R1649,1.0827876,1.6577857,1.5444508,1.6210439,1.8548205
R165,2.0587916,3.007193,2.9163022,3.2532206,3.5291693
R1650,0.0,0.9526839,0.56991744,1.1252644,1.238841
R1651,0.0,0.5898925,0.33945096,0.888772,1.2595422
R1652,0.53496027,1.6740986,1.1175137,1.7126843,1.7260102
R1653,0.28367418,0.8307689,0.28561386,0.66537225,0.5927973
R1654,0.0,0.6399888,0.24976721,0.7953335,0.81885314
R1655,0.48391593,1.825886,1.4764729,1.9525778,2.1575043
R1656,0.03998263,1.1860046,0.90270865,1.5478528,1.752631
R1657,0.29571396,1.7096639,1.3513918,2.0298417,2.2895398
R1658,0.05461487,1.3358277,0.7849982,1.3320055,1.3439384
R1659,0.0,1.0373485,0.5217838,1.2212129,1.3001323
R166,2.8147078,4.0871925,3.693575,4.215153,4.3711596
R1660,0.0,1.0856785,0.91646874,1.5388559,1.887712
R1661,0.0,0.740513,0.39452702,1.0747628,1.4510436
R1662,0.1424204,1.2588716,0.9215034,1.4704363,1.6702572
R1663,0.56959236,1.721385,1.165031,1.7075782,1.6721526
R1664,0.67719674,1.8338795,1.2645588,1.7943318,1.7519855
R1665,0.0,0.77919626,0.34731305,0.89190924,0.87334144
R1666,0.07145053,1.4596953,1.3031151,1.7601007,2.0312676
R1667,0.0,1.1441407,0.9083665,1.5110488,1.7878661
R1668,0.0,0.9118489,0.59242356,1.1484845,1.2753887
R1669,0.0,0.95184416,0.477371,1.198667,1.2538124
R167,2.8602166,4.19281,3.6889148,4.161001,4.1713996
R1670,0.49713618,1.5337528,1.2339325,1.7112921,1.9849478
R1671,0.4479425,1.4883087,0.97134364,1.382155,1.3128445
R1672,0.0,0.65664476,0.25683862,0.7444538,0.71509546
R1673,0.0629105,1.4180984,1.0359576,1.5188365,1.7199233
R1674,0.0,0.83629453,0.64139855,1.2418972,1.4612056
R1675,0.0,0.73582655,0.35622853,0.9104804,1.0451673
R1676,0.17502077,1.4959531,1.1977675,1.7766142,2.0031364
R1677,0.0141209215,1.1379344,0.6514609,1.262757,1.2858009
R1678,0.047571346,1.1418808,0.9384302,1.4797468,1.6909356
R1679,0.039199606,1.1475743,0.804147,1.2742149,1.4397857
R168,2.1828647,3.0854678,2.5943651,3.0159235,2.9325
R1680,0.0,1.1317097,0.685709,1.3602953,1.4984492
R1681,0.0,1.2338877,0.9241105,1.6276441,1.9050947
R1682,0.07941848,1.3752522,0.8098838,1.3408779,1.3395593
R1683,0.0,1.1920637,0.7168965,1.4236983,1.5550518
R1684,0.08455865,1.1549004,0.85333085,1.5213513,1.7287562
R1685,0.0,1.069198,0.58411,1.2842315,1.3598382
R1686,0.0,0.7837595,0.52813023,1.086589,1.3091824
R1687,0.0,0.82907546,0.4762523,1.0719792,1.2123656
R1688,0.39665622,1.7777678,1.3541873,1.946819,2.099031
R1689,0.0,1.2313442,0.86783063,1.617812,1.9101564
R169,1.9179158,2.196979,2.1700764,2.28542,2.509821
R1690,0.0,0.9088081,0.8616564,1.4125438,1.774066
R1691,0.0,1.1746707,0.90008324,1.566392,1.8591517
R1692,0.0,0.7485557,0.41549045,1.0005171,1.2070751
R1693,0.78063846,1.3367102,1.2411082,1.4031197,1.6883758
R1694,0.050495267,1.1590779,0.7226157,1.4467033,1.491327
R1695,0.0,0.8728585,0.44668904,0.9758563,0.9743121
R1697,0.0,0.9095134,0.34562904,1.0478537,1.0525954
R1698,0.0,0.70314294,0.6036532,1.1941266,1.5785627
R1699,0.0,1.273546,0.89070714,1.3555754,1.4740596
R170,1.0024402,1.9308197,1.5638373,2.0078182,2.0173793
R1700,0.0,0.8270218,0.6156378,1.2452221,1.4720483
R1701,0.0050218105,1.4710273,1.1307108,1.6609871,1.8106579
R1702,0.26392072,1.5186915,1.0130967,1.7186834,1.8364562
R1703,0.38019747,1.567231,1.3410087,1.7507195,2.0437422
R1704,0.0,1.1531615,1.0190692,1.6021588,1.9436051
R1705,0.062108994,0.6373632,0.60898197,0.80636525,1.0825717
R1706,0.0,0.94743586,0.45776325,0.9437628,0.89388293
R1707,0.0,1.0979185,0.7105995,1.3251176,1.471943
R1708,0.25901544,1.5357649,1.2560161,1.8725373,2.0976467
R1709,0.0,0.89814967,0.55879295,1.1020051,1.2887303
R171,3.0343814,4.0901265,3.859334,4.186877,4.409134
R1710,0.0,0.84048057,0.7792381,1.2610561,1.6278393
R1711,0.14244948,1.232915,1.0141194,1.5474138,1.7756457
R1712,0.0,0.95656145,0.4376473,1.1236216,1.1828367
R1713,0.0,0.8795304,0.7268839,1.3178718,1.6066856
R1714,3.5319695,4.171054,4.057192,4.1955104,4.4154243
R1715,1.1223158,2.4848258,2.077336,2.5598006,2.698918
R1716,3.4919355,4.614942,4.3474193,4.744628,5.0
R1717,1.5748961,2.7799063,2.567551,3.0661244,3.3572974
R1718,2.3026857,3.5689757,3.1556983,3.6303856,3.8328145
R1719,2.6583595,3.8242922,3.540793,3.962885,4.269889
R172,3.3856711,3.1857953,3.1149971,2.9472554,3.0500646
R1720,2.7370174,3.3147516,3.2498932,3.379342,3.628856
R1721,3.5190399,3.762065,3.624392,3.641229,3.667451
R1722,1.1223713,2.3234415,1.7466445,2.2023797,2.1428282
R1723,3.0306702,4.217498,4.0035124,4.3393984,4.5643473
R1724,1.8942645,2.7533126,2.2095327,2.6096096,2.5195456
R1725,1.2730873,2.040646,1.5626135,1.9770544,1.9822485
R1726,2.744188,3.864503,3.3297157,3.7583456,3.6674693
R1727,3.1738615,4.5363574,4.015529,4.5417614,4.5880117
R1728,3.0585334,4.173456,3.9309065,4.277138,4.5225053
R1729,1.6219635,2.927924,2.5324864,3.0347304,3.2573943
R173,2.8914363,4.1883745,3.6343784,4.110698,4.0090866
R1730,3.2968059,3.846418,3.8328714,3.9359667,4.2363105
R1731,0.0,0.028953433,0.0,0.25834715,0.3574782
R1732,0.0,0.60649276,0.51048124,1.0805221,1.3906078
R1733,0.0,0.4637014,0.3849414,0.8563236,1.1732134
R1734,0.0,0.64876604,0.5570699,1.194669,1.5525465
R1735,0.0,0.26290613,0.048711926,0.70522654,0.97227633
R1736,0.0,0.7084735,0.69092387,1.2398255,1.4801368
R1737,0.0,0.0,0.0,0.22952777,0.3845466
R1738,0.0,1.20469,1.0584629,1.5772572,1.8298388
R1739,0.0,0.92459404,0.9096191,1.264973,1.6301062
R174,2.9303694,3.192534,3.0844984,3.0601058,3.1628013
R1740,0.0,0.01347959,0.0,0.3451158,0.48688275
R1745,0.0,0.078914285,0.0,0.37276685,0.4911281
R1748,0.0,0.0,0.0,0.0,0.0
R175,3.3205628,3.5568097,3.472579,3.5373602,3.6572447
R1750,0.0,0.0,0.0,0.0,0.13822618
R1751,0.0,0.0,0.0,0.13242686,0.18635967
R1752,0.0,0.0,0.0,0.0,0.0
R1757,0.0,0.0,0.0,0.16118386,0.29556707
R176,3.2361903,3.207049,3.063047,3.0290334,3.0403166
R1762,1.7497317,2.5400565,2.3045626,2.4929492,2.7252088
R1763,1.0449791,2.297223,1.9369946,2.4248502,2.5974321
R1764,0.6466696,1.5919962,1.1808599,1.5814049,1.573587
R1765,2.326792,2.836197,2.6338847,2.7140603,2.8829966
R1766,1.5458741,2.1347423,1.6516142,1.9783232,1.9291769
R1767,1.3745706,2.5923052,2.3696792,2.8328648,3.115779
R1768,0.6924113,1.9168881,1.5003688,2.002139,2.085398
R1769,0.5781142,1.74382,1.3180295,1.809053,1.9031081
R177,2.745667,3.6498895,3.1639643,3.5527935,3.4746346
R1770,0.089674294,1.3836151,1.0838413,1.5824735,1.766079
R1771,0.57038426,1.7710202,1.4443367,1.9637195,2.1796608
R1772,0.9211947,2.2930694,1.9221565,2.4391716,2.705088
R1773,2.1583993,2.2859974,2.1814845,2.228298,2.2801292
R1774,0.8819825,1.9147233,1.4594511,1.921668,1.971005
R1775,0.42956346,1.558654,1.3260627,1.6605244,1.8779383
R1776,0.453335,1.7427819,1.3871533,1.9125314,2.1031723
R1777,1.1839529,1.3580863,1.2013174,1.2368727,1.3752643
R1778,0.7578743,1.6970749,1.2776569,1.7724861,1.8106364
R1779,1.576503,2.7632685,2.4717984,2.912628,3.1619358
R178,2.6206484,2.8254128,2.7255747,2.7070165,2.8240385
R1780,2.4632106,3.3775115,3.13117,3.403992,3.6042974
R1781,0.6812452,2.0315776,1.6517948,2.1545906,2.389345
R1782,1.0282505,2.3569899,1.9902818,2.4494004,2.6707215
R1783,0.79831487,1.9108841,1.5049973,1.9749979,2.1429403
R1784,0.78593177,2.10178,1.8159167,2.2692204,2.3986142
R1785,1.5250322,2.6218693,2.2639143,2.562988,2.8037717
R1786,0.8181602,1.6294693,1.0733411,1.4123687,1.3283254
R1787,1.8648391,1.9709792,1.7800121,1.7500119,1.7572048
R1788,1.9157777,1.9356217,1.8417647,1.7308433,1.8776233
R1789,0.33303452,1.4440511,1.1335319,1.6257124,1.7767015
R179,3.5905256,3.4682426,3.3046703,3.248136,3.2886152
R1790,0.50712174,1.5718036,1.386415,1.789241,1.9985907
R1791,0.52467453,1.6301174,1.0672672,1.5803196,1.5469884
R1792,0.56201506,1.8918319,1.5327132,2.1582096,2.4009783
R1793,2.3882098,2.4681988,2.2669268,2.308697,2.2327025
R1794,0.5378268,1.7625313,1.2417703,1.7743849,1.8203651
R1795,0.0,0.0,0.0,0.2508022,0.5545538
R1796,0.0,0.0,0.0,0.14736265,0.28750902
R1799,0.0,0.0,0.0,0.062022403,0.21707505
R18,0.0,0.64479184,0.0,0.6527896,0.59824324
R180,2.1803637,1.9629989,2.0406556,1.9039106,2.0530915
R1800,0.0,0.3677526,0.080201745,0.85405576,1.1351291
R1801,0.0,0.013375759,0.0,0.4363306,0.6422224
R1802,0.0,0.030337483,0.0,0.39826193,0.6528927
R1804,0.0,0.0,0.0,0.17183468,0.29079682
R1805,0.0,0.0058425665,0.0,0.3059986,0.59926105
R1806,0.0,0.068071574,0.0,0.46157357,0.745087
R1809,0.0,0.0,0.0,0.0,0.0
R181,3.2468452,3.5577407,3.4264815,3.36619,3.3921528
R1810,0.0,0.0,0.0,0.27437383,0.6012531
R1811,0.0,0.0,0.0,0.19001897,0.3024168
R1812,0.0,0.41211766,0.27823743,0.7811607,1.0972221
R1813,0.0,0.0,0.0,0.168311,0.22965664
R1815,0.0,0.52358085,0.37570113,1.02934,1.4025413
R1816,0.0,0.15735751,0.0,0.6319878,0.9709112
R1817,0.0,0.0,0.0,0.23875034,0.4009726
R1819,0.0,0.2914244,0.14936113,0.77555627,1.1205102
R182,2.8287768,3.8648472,3.6580558,4.008024,4.3000035
R1820,0.0,0.0,0.0,0.031856127,0.0709832
R1821,0.0,0.0,0.0,0.0,0.0
R1822,0.0,0.0,0.0,0.0,0.0
R1823,0.0,0.0,0.0,0.012291029,0.3389113
R1824,0.0,0.12075877,0.0,0.4965154,0.88255656
R1826,0.0,0.60966927,0.48058546,1.0517513,1.3312079
R1827,0.0,0.0,0.0,0.0,0.013661861
R1828,0.0,0.0,0.0,0.07711527,0.18742889
R1829,0.0,0.0,0.0,0.0,0.0
R183,3.0377247,4.302497,3.940711,4.4430733,4.6723065
R1831,0.0,0.10075617,0.0,0.3219198,0.46640873
R1832,0.0,0.2971662,0.046170592,0.7372184,1.0659316
R1836,0.0,0.13066623,0.0,0.365614,0.62925166
R1839,0.0,0.5777124,0.539765,0.9180183,1.2768689
R1840,0.0,0.0,0.0,0.18653533,0.5116345
R1841,0.0,0.27182347,0.16656853,0.616149,0.9092912
R1843,0.0,0.0,0.0,0.28796193,0.48753548
R1844,0.0,0.31954154,0.044221573,0.7351635,0.9698565
R1845,0.0,0.0,0.0,0.0,0.024546027
R1846,0.0,0.5508895,0.3503182,1.0807067,1.5125678
R1848,0.0,0.0,0.0,0.0,0.0
R1849,0.0,0.011821106,0.0,0.42839158,0.61855376
R185,2.8480167,3.98806,3.7610216,4.0994263,4.2819324
R1851,0.0,0.3390303,0.19487229,0.68896437,0.9853865
R1852,0.0,0.0,0.0,0.35796666,0.6942484
R1853,0.0,0.0,0.0,0.0,0.14056188
R1854,0.0,0.0,0.0,0.13392586,0.3610389
R1855,0.0,0.0,0.0,0.02019158,0.07726519
R1856,0.0,0.31844252,0.07303799,0.70117986,1.0032525
R1858,0.0,0.0,0.0,0.0,0.003375426
R186,3.5247784,4.4447927,4.2692575,4.5733137,4.9179077
R1860,0.0,0.0,0.0,0.1306316,0.23922092
R1862,0.0,0.0,0.0,0.0,0.18785381
R1863,0.0,0.5296832,0.42334017,0.8598022,1.1480384
R1864,0.0,0.0,0.0,0.0,0.0
R1865,0.0,0.18146652,0.0,0.5943155,0.9113737
R1866,0.0,0.0,0.0,0.16822076,0.51720464
R1869,0.0,0.0,0.0,0.0,0.0
R187,3.061321,4.203791,3.950964,4.398735,4.6474466
R1871,0.0,0.050732374,0.0,0.0,0.0
R1872,0.0,1.054373,0.9752714,1.4471271,1.8009145
R1874,0.0,0.0,0.0,0.0,0.0
R1875,0.0,0.0,0.0,0.0,0.0
R1877,0.0,0.0,0.0,0.0,0.0
R1878,0.0,0.0,0.0,0.16150445,0.2368133
R1879,0.0,0.0,0.0,0.3248589,0.5010042
R188,2.3973408,3.2687902,2.7287855,3.129011,3.0658786
R1880,0.0,0.02840367,0.0,0.45803455,0.83971834
R1881,0.0,0.70461154,0.7090401,0.9606072,1.2434547
R1882,0.0,0.28755197,0.16198665,0.719437,0.9555582
R1887,0.0,0.49720487,0.346379,0.8046784,1.0738086
R1888,0.0,0.0073741376,0.0,0.06989661,0.08091898
R189,3.139132,3.4135535,3.7704806,3.6227376,3.9132454
R1891,0.0,0.0,0.0,0.21841845,0.2569402
R1892,0.0,0.0,0.0,0.0,0.0
R1895,0.0,0.0,0.0,0.2392678,0.4062401
R1898,0.0,0.0,0.0,0.18200547,0.21275082
R19,0.0,1.0220809,0.38839963,1.260939,1.3364472
R190,1.1833137,2.4062476,1.9503652,2.4852684,2.5129983
R1903,0.0,0.0,0.0,0.10132468,0.23860538
R1904,0.0,0.7769679,0.72756505,1.2220592,1.5833757
R1905,0.0,0.0,0.0,0.0,0.11352192
R1908,0.0,0.48074186,0.36299393,0.7896497,1.0810502
R1909,0.0,0.0,0.0,0.2203351,0.3548023
R191,3.0553086,3.6068916,3.622968,3.7197118,4.031045
R1910,0.0,0.6426993,0.6366897,0.89091754,1.1783013
R1911,0.0,0.0,0.0,0.15173727,0.3237576
R1913,0.0,0.0,0.0,0.16545373,0.27190864
R1915,0.0,0.0,0.0,0.0,0.0
R1916,0.0,0.0,0.0,0.0,0.109219864
R1917,0.0,0.0,0.0,0.15233326,0.34405288
R1918,0.0,0.0,0.0,0.2024343,0.30432892
R1919,0.0,0.05710572,0.0,0.3016211,0.41985506
R192,3.590445,3.7840858,3.6849685,3.5882347,3.6353986
R1920,0.0,0.013977885,0.0,0.13071251,0.19659543
R1921,0.0,0.5851724,0.47764516,0.8628495,1.1566207
R1923,0.20607099,0.9513316,0.92564434,1.2685525,1.5506332
R1924,0.0,0.0,0.0,0.16921678,0.2995664
R1925,0.0,0.7439266,0.6703683,1.1465435,1.4814825
R1926,0.0,0.0,0.0,0.0,0.0
R1927,0.0,0.6835876,0.66260505,0.94304353,1.2295225
R1928,0.0,0.0,0.0,0.0,0.0
R1929,0.0,0.0,0.0,0.20738998,0.3741647
R193,1.1119608,2.3770142,1.8476477,2.3491569,2.2785196
R1930,0.0,0.0,0.0,0.0,0.0
R1931,0.0,0.0,0.0,0.034379363,0.13366011
R1932,0.0,0.0,0.0,0.0,0.05236739
R1933,0.0,0.0,0.0,0.0,0.1456396
R1934,0.0,0.0,0.0,0.25603497,0.5531826
R1936,0.0,0.0,0.0,0.0,0.0
R1937,0.0,0.0,0.0,0.19513771,0.36244944
R1938,0.0,0.49719247,0.36645603,0.7408926,1.0194486
R1939,0.0,0.13910137,0.0,0.49495235,0.80215704
R194,1.5918062,1.5662541,1.7446208,1.6082355,1.8093352
R1940,0.0,0.0,0.0,0.3380709,0.68868273
R1941,0.0,0.0,0.0,0.07999957,0.2960621
R1942,0.0,0.0,0.0,0.0,0.14981444
R1945,0.0,0.23847783,0.07962561,0.6914785,0.99701893
R1946,0.0,0.4143364,0.17586553,0.80816364,0.9701606
R1947,0.0,0.0,0.0,0.15172938,0.17113924
R1948,0.0,0.11123118,0.0,0.40598005,0.53372085
R1949,0.0,0.0,0.0,0.1399177,0.17374349
R195,2.6003735,3.1573982,3.1559978,3.228174,3.5041506
R1950,0.0,0.15020996,0.0,0.55129486,0.8126092
R1951,0.0,0.0,0.0,0.0,0.19062516
R1953,0.0,0.0,0.0,0.0,0.094148934
R1955,0.0,0.0,0.0,0.011776485,0.24603063
R1956,0.0,0.0,0.0,0.0,0.100780115
R1957,0.0,1.048059,0.70277226,1.2505528,1.3979965
R1959,0.0,0.6483372,0.47854,0.961065,1.19471
R196,3.179444,3.4968908,3.3441484,3.2826264,3.3003576
R1960,0.34455037,0.87233585,0.8835512,0.9524325,1.2788637
R1961,0.013455033,0.72609186,0.58630437,0.79664886,1.0859854
R1962,0.0,1.1144385,0.7131828,1.2561159,1.3763092
R1963,0.6360474,1.2355474,1.1400754,1.2973112,1.477051
R1964,0.0,0.4782288,0.08392364,0.6500418,0.78401905
R1966,0.0,0.52882963,0.08888149,0.6321718,0.6158281
R1968,0.0,0.80781925,0.6107786,0.99377304,1.2885602
R1969,0.0,0.66340244,0.50321007,0.8350036,1.1001276
R197,3.514661,3.4333844,3.281609,3.1683874,3.1542165
R1970,0.0,0.5854074,0.14720917,0.71363235,0.6550445
R1971,0.0,0.6752832,0.24175775,0.8362628,0.9649646
R1972,0.0,0.61540323,0.14759177,0.7209443,0.7625443
R1973,0.0,0.699321,0.66168123,0.93680954,1.2850562
R1974,0.0,0.618877,0.22992694,0.8265097,0.84086055
R1975,0.0,0.7842082,0.60031587,1.0615324,1.2379714
R1976,0.0,0.7480812,0.32212505,0.89590824,0.8637637
R1977,0.0,0.9272847,0.64579797,1.154988,1.4060171
R1978,0.0,0.98747325,0.7506133,1.167552,1.368103
R1979,0.0,0.5485696,0.22953305,0.6930048,0.6598453
R198,2.0059671,3.183176,2.864556,3.3438392,3.4337604
R1980,0.0,0.9439951,0.7279067,1.2792871,1.5273728
R1981,0.0,0.43075156,0.26014858,0.7245887,0.98411
R1982,0.0,0.3973586,0.0,0.559857,0.6342125
R1983,0.0,0.08684838,0.0,0.20766455,0.23720664
R1984,0.0,0.6397906,0.335424,0.8723474,1.1729281
R1985,0.0,0.56643784,0.363406,0.72502667,0.9577908
R1986,0.0,0.56316686,0.48720616,0.7609808,1.0988741
R1987,0.0,0.82087183,0.6396868,1.0495151,1.3302308
R1988,0.0,0.58456045,0.14372188,0.7305455,0.69808316
R1989,0.24952716,1.0548189,0.94950485,1.2058506,1.3796554
R199,3.8962364,3.8419142,3.711652,3.6097589,3.5832815
R1990,0.0,0.68829703,0.5514943,0.97307026,1.2520938
R1991,0.0,0.16483587,0.0,0.5085821,0.7136722
R1992,0.0,0.37848264,0.28544468,0.65516144,0.96686137
R1994,0.0,0.1510002,0.0,0.34003973,0.43684
R1995,0.0,0.5544135,0.19018734,0.797485,0.8599879
R1996,0.0,0.17367715,0.0,0.2158761,0.21104401
R1998,0.0,0.4460413,0.2831844,0.6333335,0.8896893
R1999,0.0,0.8189081,0.37565655,0.9584955,1.0575793
R2,0.5583611,1.042204,0.8550417,1.2224762,1.4072372
R20,0.0,0.9963701,0.39305335,1.2027687,1.2924292
R200,2.8598175,2.8462682,2.755559,2.6405754,2.7258728
R2000,0.0,1.1222291,0.8536968,1.3580958,1.5423281
R2001,0.34126663,0.99990416,0.8988922,1.097735,1.371309
R2002,0.0,0.6485116,0.3415506,0.78408206,0.75693613
R2003,0.0,0.8863749,0.72358817,1.2171326,1.5050402
R2004,0.0,0.61717975,0.47280473,0.7030461,0.99417245
R2006,0.0,0.5917897,0.22463548,0.6409117,0.5903071
R2007,0.0,0.2890451,0.0,0.4375304,0.4221111
R2008,0.0,0.60146374,0.4405229,0.87890965,1.1783454
R2009,0.0,0.47993612,0.31857687,0.6688656,0.9585449
R201,2.0591276,3.124344,2.7233028,3.1972187,3.2275248
R2011,0.0,0.31184638,0.053088337,0.6891442,0.91790664
R2012,0.0,0.0,0.0,0.41724828,0.73777527
R2013,0.0,0.0,0.0,0.07823488,0.24411914
R2015,0.0,0.5421748,0.32873508,0.94604194,1.2866807
R2016,0.0,0.0,0.0,0.085101604,0.25032407
R2019,0.0,0.348745,0.18692416,0.76532936,1.0801766
R202,2.857288,2.9130445,2.8778162,2.859304,3.0215478
R2020,0.0,0.31619745,0.033855528,0.6746564,0.85240084
R2021,0.0,0.082473755,0.0,0.2842866,0.44073957
R2023,0.0,0.40422052,0.2378459,0.8423327,1.1343471
R2024,0.0,0.17925262,0.0,0.5636648,0.8520767
R2026,0.0,0.32026586,0.209407,0.7126934,1.1202888
R2028,0.0,0.11496332,0.0,0.34065995,0.5207637
R2029,0.0,0.05870673,0.0,0.28529996,0.4657792
R203,3.6330698,4.500983,4.370694,4.6506877,4.899707
R2030,0.0,0.3332622,0.2347871,0.7650871,1.0526624
R2031,0.0,0.5062221,0.32931095,0.94216794,1.2606556
R2032,0.0,0.06279689,0.0,0.43636316,0.67422724
R2033,0.0,0.25680554,0.0,0.6199846,0.8621332
R2034,0.0,0.0,0.0,0.1938464,0.32972068
R2035,0.0,0.42469555,0.21053693,0.8281497,1.0954053
R2038,0.0,0.0019544363,0.0,0.21285659,0.33512157
R204,2.257481,2.6846843,2.5206282,2.629002,2.8075113
R2041,0.0,0.35442346,0.055089027,0.69098806,0.88589966
R2042,0.0,0.52378047,0.31129035,0.940435,1.2741514
R2043,0.0,0.0,0.0,0.23690099,0.41390336
R2044,0.0,0.50943625,0.26391923,0.89430845,1.1650238
R2047,0.0,0.0,0.0,0.2702054,0.47235173
R2048,0.0,0.54120773,0.37977704,0.99011123,1.3228929
R205,2.3640711,3.6792922,3.1225884,3.5908947,3.5529957
R2050,0.0,0.0,0.0,0.0,0.0
R2052,0.0,0.05643964,0.0,0.5013683,0.73754865
R2055,0.0,0.35269767,0.12398702,0.7361326,1.0895135
R2057,0.0,0.28524444,0.08053523,0.696325,0.90628994
R2058,0.0,0.21878844,0.0,0.5863843,0.8295872
R2059,0.0,0.28360397,0.100934565,0.6959599,0.9971802
R206,2.8718472,2.962556,2.8982296,2.8325586,2.9305112
R2063,0.0,0.33128855,0.5274826,0.83485794,1.1368718
R2064,0.0,0.50947315,0.36964718,0.93688697,1.2206675
R2065,0.0,0.0,0.0,0.0,0.0
R2066,0.0,0.56415194,0.4454025,0.9678347,1.2476287
R2067,0.0,0.0,0.0,0.12022567,0.45210665
R2068,0.0,0.2720041,0.14558735,0.7322742,1.0570743
R207,2.624004,4.0234303,3.427234,3.9045672,3.8724358
R2070,0.0,0.0,0.0,0.025046945,0.359469
R2071,0.0,0.4439839,0.51568735,0.87806344,1.1878767
R2072,0.0,0.36206874,0.11776352,0.719483,0.9098761
R2073,0.0,0.0,0.0,0.15782183,0.47934008
R2074,0.0,0.27576923,0.008721441,0.65656304,0.89385504
R2077,0.0,0.6140484,0.43674973,1.0345123,1.3257587
R2078,0.0,0.4398095,0.23060602,0.747741,1.1133847
R2079,0.0,0.4816001,0.30301023,0.9137312,1.2632929
R208,2.9057438,2.8440518,2.7567449,2.6706936,2.6968
R2081,0.0,0.099764794,0.0,0.46089122,0.5850381
R2083,0.0,0.26693898,0.031656474,0.64011586,0.8554581
R2084,0.0,0.0,0.0,0.226919,0.36660552
R2085,0.0,0.01271835,0.0,0.35596088,0.55405986
R2088,0.0,0.0,0.0,0.31041294,0.6181558
R2089,0.0,0.19159955,0.08301008,0.6603452,0.9837248
R209,3.0319595,3.1071682,3.0831563,3.043103,3.196916
R2090,0.0,0.6005355,0.37507975,0.99873555,1.3592091
R2094,0.0,0.0,0.0,0.23334736,0.41603476
R2095,0.0,0.54745924,0.3326274,0.96430683,1.2270705
R2096,0.0,0.4556685,0.2786217,0.8819619,1.17255
R2097,0.0,0.3862338,0.24851999,0.7357742,1.1334507
R2099,0.32334834,1.368356,1.0434203,1.7096381,2.0266845
R21,0.0,0.59676,0.07811189,0.89971995,1.1120766
R210,2.6424541,3.4960663,3.6212597,3.775464,4.138987
R2101,1.5060475,2.6514306,2.4285579,2.8685946,3.187312
R2102,1.6739893,2.2449527,1.8722469,2.3464184,2.3251119
R2103,0.03311324,1.3896425,1.0169008,1.7631874,1.968842
R2105,0.2655577,1.450875,1.264502,1.8292065,2.092535
R2106,0.0,1.0070627,0.5998745,1.3975672,1.6147768
R2109,0.0,0.73545825,0.18827426,1.0285542,1.180123
R211,3.3028162,4.178998,3.764119,4.145203,4.217067
R2110,2.0600924,2.652862,2.239061,2.5817807,2.5194066
R2111,0.11956918,1.3871882,1.0401559,1.7629557,2.1093874
R2113,0.65563786,1.9052837,1.5875412,2.2249756,2.473073
R2114,1.4988877,1.8250774,1.5373582,1.7445678,1.5639062
R2117,1.361627,2.0427885,1.418043,1.9416788,1.7528678
R2119,1.4271027,2.3836215,2.0959728,2.5789945,2.777608
R212,3.793352,4.9222403,4.704801,5.0,5.0
R2120,1.387856,2.1579106,1.7565193,2.2733927,2.306798
R2121,0.5127033,1.3937806,0.9965564,1.5939666,1.629983
R2122,0.0,0.99703145,0.6051344,1.3547405,1.5687876
R2123,0.0,0.71570826,0.3393372,1.0588542,1.3401399
R2125,1.3568877,2.6476512,2.1909237,2.8923974,3.0139198
R2126,2.284528,2.607064,2.148029,2.393621,2.153295
R2127,2.0218754,2.9320312,2.6759248,3.0970507,3.2807457
R213,2.9473424,2.8247874,2.6940544,2.6152756,2.6414146
R2130,1.6133163,2.9120343,2.427638,3.1682703,3.2689934
R2131,0.047129333,1.2841321,0.88029444,1.6661006,1.8699188
R2133,0.15686452,1.1836858,0.87190586,1.5421007,1.8698925
R2134,1.1224345,2.1061983,1.8471019,2.3278,2.5283837
R2135,1.1127112,1.7865222,1.5341096,1.989603,2.0660415
R2138,0.0,0.941472,0.6080022,1.2353511,1.5354298
R2139,0.7681274,1.7452382,1.5255181,1.9895531,2.2041655
R214,3.3380022,4.3594613,4.122811,4.4091725,4.6103835
R2141,0.0,0.99278647,0.7570363,1.3635912,1.6699431
R2144,1.4689939,2.2206438,2.0054471,2.3800824,2.5886052
R2149,0.67137927,1.6384413,1.4940126,1.9091213,2.1950326
R215,3.113635,3.2063136,3.157565,3.1351204,3.3243551
R2154,0.0,1.0775661,1.0040592,1.5820508,1.9683537
R2155,0.0455752,1.2324035,0.93843967,1.6668729,1.9036248
R2156,0.16210747,1.2952011,1.1052656,1.7147484,2.017829
R2157,0.34546423,1.411792,1.0831434,1.7270831,2.037404
R216,0.0,1.0476512,0.49798006,0.9592312,0.9471049
R2162,1.2377172,2.5491357,2.2758725,2.8413389,2.9986992
R2166,0.0,0.88043314,0.57520837,1.1530635,1.2121701
R2167,2.1544528,3.2266207,2.657957,3.2735367,3.2825143
R2168,1.6086154,2.529558,2.1429436,2.7767217,2.835733
R217,0.34706658,1.4627684,0.8906111,1.4230757,1.466902
R2172,1.4532796,1.768537,1.2710729,1.5906935,1.4188464
R2173,0.5217962,1.5865011,1.2220545,1.8826852,2.1705225
R2174,1.8193963,2.5800838,2.3540754,2.679985,2.8586986
R2175,1.3873435,2.800034,2.2820463,2.9190438,3.007783
R2176,0.0,0.0,0.0,0.0,0.0
R2177,0.3349601,1.6660829,0.9738442,1.7242717,1.7162267
R2178,0.0,0.6221006,0.4195969,0.8760853,0.86403227
R2179,0.5756358,1.637085,1.3673519,1.9329958,2.1060576
R218,0.0,1.1515023,0.81687075,1.2676327,1.417237
R2180,0.7057482,1.6558954,1.1619735,1.6615809,1.6957426
R2181,1.2750549,1.3676147,1.2518655,1.3202693,1.2934451
R2182,2.0888615,3.30682,3.0101972,3.517529,3.8242693
R2183,0.68087995,0.60899186,0.77089524,0.6557871,0.795716
R2184,0.0,0.13611722,0.0,0.0,0.0
R2185,0.0,0.2547611,0.0,0.0,0.0
R2186,1.1016624,2.3919573,2.0047681,2.5545912,2.7240357
R2187,2.2704375,2.2812173,2.2193823,2.2276683,2.320889
R2188,0.15639925,1.4419703,0.78301036,1.5420487,1.5925207
R2189,1.5359657,2.914304,2.2964783,2.870984,2.8029215
R219,0.94700176,0.98668796,0.830598,0.8108654,0.79945314
R2190,0.0,0.65097994,0.033478677,0.5967113,0.56009805
R2191,1.7890217,2.238075,2.2466884,2.3687315,2.5903563
R2192,2.4303234,3.7058945,3.294252,3.8660522,4.033647
R2193,2.29734,3.725346,3.2387724,3.7934313,3.9163284
R2194,0.3131348,0.29776442,0.3337741,0.42629588,0.49801385
R2195,0.0,0.0,0.0,0.0,0.0
R2196,0.0,0.0,0.0,0.0,0.0
R2197,2.3620272,2.3680959,2.3053074,2.298161,2.3835795
R2198,0.64000773,1.9685032,1.4395343,2.1331787,2.2724473
R2199,0.8584918,0.8818095,0.81460327,0.84395677,0.79196066
R220,1.835972,2.714193,2.4782715,2.79016,3.0220861
R2200,0.0,0.0,0.0,0.0,0.0
R2201,1.5044845,2.83008,2.3901024,3.0383592,3.168149
R2202,1.1621187,1.9764974,1.6941744,1.9488647,1.9870429
R2203,0.23799062,0.44423628,0.24626946,0.5406531,0.63580847
R2204,0.12902755,1.471425,0.90340686,1.4988546,1.486243
R2205,0.0,0.11331689,0.0,0.0,0.0
R2206,0.0,0.20923042,0.0,0.0,0.0
R2207,1.2602684,1.6298125,1.4174411,1.5071088,1.5707791
R2208,0.24854684,1.5233442,1.0155636,1.7659512,1.866672
R2209,0.95330226,2.0699215,1.7779998,2.1893282,2.2795458
R221,1.7736377,3.0955763,2.7616718,3.1781068,3.3808947
R2210,0.7191343,1.1086113,0.9333636,1.1225457,1.1703742
R2211,0.0,0.0,0.0,0.0,0.0
R2212,0.0,0.0,0.0,0.29590952,0.61585695
R2213,0.0,0.07138556,0.0,0.4570972,0.7021053
R2214,0.0,0.0,0.0,0.22654605,0.48709595
R2215,0.0,0.0,0.0,0.0,0.0
R2217,0.0,0.0,0.0,0.0,0.0
R2218,0.0,0.0,0.0,0.0,0.0
R222,0.17235084,1.4877521,1.1360704,1.6327689,1.8466182
R2220,0.0,0.0,0.0,0.28796154,0.5926593
R2221,0.0,0.045315802,0.0,0.37881267,0.7426874
R2222,0.0,0.0,0.0,0.0,0.15480576
R2224,0.0,0.0123669505,0.0,0.41399744,0.65011317
R2225,0.0,0.0,0.0,0.11242711,0.21940641
R2226,0.0,0.041841745,0.0,0.4609945,0.7423498
R2227,0.0,0.19928768,0.0,0.60088027,0.87285477
R2228,0.0,0.08953774,0.0,0.40675685,0.5493108
R2229,0.0,0.0,0.0,0.0,0.0
R223,0.23267801,1.5521216,1.1965699,1.707503,1.9421142
R2230,0.0,0.10918003,0.0,0.53866273,0.8224576
R2231,0.0,0.0,0.0,0.0,0.0
R2232,0.0,0.0,0.0,0.0,0.0
R2233,0.0,0.0,0.0,0.16327742,0.22561428
R2234,0.0,0.15557644,0.0,0.48596847,0.67152643
R2235,0.0,0.1651932,0.0,0.55286276,0.73869365
R2236,0.0,0.0,0.0,0.38128272,0.71408725
R2237,0.0,0.0,0.0,0.0,0.0
R2238,0.0,0.0,0.0,0.0,0.0
R2239,0.0,0.0,0.0,0.0,0.0
R224,0.9213164,1.3945109,1.5069982,1.6617185,2.1135216
R2240,0.0,0.0,0.0,0.0,0.0
R2241,0.0,0.0,0.0,0.0,0.0
R2242,0.0,0.0,0.0,0.30697492,0.41831654
R2243,0.0,0.19203672,0.0,0.54594433,0.7070424
R2244,0.0,0.0,0.0,0.22515783,0.36092317
R2247,0.0,0.20366943,0.013332248,0.5906189,0.88676244
R225,0.7817249,2.02918,1.6687132,2.089415,2.317302
R2250,0.0,0.0,0.0,0.0,0.0
R2251,0.0,0.008482605,0.0,0.3583568,0.5523449
R2252,0.0,0.0,0.0,0.329262,0.52242094
R2253,0.0,0.32433367,0.11736184,0.71803904,0.9875948
R2254,0.0,0.0,0.0,0.23016089,0.3509071
R2257,0.0,0.0,0.0,0.0,0.0
R2259,0.0,0.0,0.0,0.0,0.0
R226,0.6260322,1.8303761,1.6507635,2.0807126,2.3260345
R2260,0.0,0.0,0.0,0.37630382,0.71524566
R2263,0.0,0.0,0.0,0.0,0.0
R2265,0.0,0.0,0.0,0.39869255,0.73862123
R2266,0.0,0.13876766,0.17311615,0.6060146,0.9654733
R2267,0.0,0.0,0.0,0.0,0.0
R2269,0.0,0.061607927,0.0,0.46882182,0.79858667
R227,0.2638791,1.0642312,0.5072299,0.891276,0.8256726
R2270,0.0,0.0,0.0,0.0,0.0
R2271,0.0,0.05158329,0.0,0.37555036,0.48219436
R2272,0.0,0.0,0.0,0.0,0.10908358
R2273,0.0,0.0,0.0,0.0,0.0
R2275,0.0,0.0,0.0,0.3075203,0.58466864
R2278,0.0,0.7577276,0.47898942,1.2318981,1.5268455
R2279,0.0,0.7163793,0.4089891,1.1786249,1.4719566
R228,0.3491929,1.8056148,1.4006541,1.9821676,2.062659
R2280,0.0,0.38638216,0.065369666,0.7760969,0.9343126
R2281,0.0,0.7103001,0.4958682,1.1632576,1.4324176
R2282,0.0,0.0,0.0,0.058819175,0.20382702
R2283,0.0,0.7413783,0.2343322,0.9403404,0.99616206
R2284,0.0,0.15759058,0.0,0.45164976,0.52007496
R2285,0.0,0.40548742,0.2798845,0.65741676,0.94414467
R2286,0.0,1.0240712,0.6998566,1.4511827,1.6858232
R2287,0.7803178,1.2690971,1.139942,1.3623533,1.4769428
R2288,0.0,0.0,0.0,0.05584939,0.2632311
R2289,0.0,0.1818763,0.09035444,0.6526465,0.939292
R229,2.1911936,2.8721824,2.375407,2.7027001,2.559861
R2290,0.37493968,0.70431477,0.635865,0.81415355,0.9282754
R2291,0.0,0.724163,0.4245742,1.0847338,1.3510706
R2292,0.6248455,0.67985487,0.532053,0.6367773,0.6443585
R2293,0.0,0.0,0.0,0.0,0.0
R2294,0.0,0.0,0.0,0.04904017,0.042057946
R2295,0.0,0.058233857,0.0,0.34311473,0.44346416
R2296,0.0,0.3004469,0.0,0.6445074,0.792892
R2297,0.6977545,1.1570446,1.0479158,1.2427983,1.3552437
R2298,0.0,0.088753164,0.0,0.4563727,0.8546587
R2299,0.0,0.0,0.0,0.09626656,0.27821392
R23,0.0,0.8469268,0.27840602,0.8496813,0.8852782
R230,0.82616353,0.84127784,0.71187633,0.65502185,0.68730474
R2300,0.0,0.13116592,0.0,0.44216308,0.5817777
R2301,0.0,0.53311783,0.3874064,0.95670664,1.2497544
R2302,0.0,0.0,0.0,0.3761661,0.6835202
R2303,0.0,0.0,0.0,0.22284919,0.43646282
R2304,0.69338477,0.947075,0.80023736,0.98305845,1.0635113
R2305,0.0,0.7107019,0.38075158,1.0955321,1.3744822
R2306,0.0,1.0164628,0.6997195,1.3894458,1.6283219
R2307,0.0,0.9077721,0.5812008,1.2548374,1.4711322
R2308,0.0,0.3699702,0.27544045,0.5685795,0.79874754
R2309,0.0,0.0,0.0,0.33356187,0.434376
R231,0.0,1.094073,0.5186745,1.1093488,1.0963323
R2310,0.0,0.0,0.0,0.018899322,0.026760966
R2311,0.0,0.35099563,0.0,0.7220532,0.93706733
R2312,0.0,0.20530826,0.0,0.24028376,0.23881425
R2313,0.0,0.13505128,0.0,0.4417453,0.5672834
R2314,0.0,0.09747779,0.0,0.31005558,0.317191
R2315,0.53275245,0.85643685,0.79681325,0.93823826,1.0523146
R2316,0.0,0.0,0.0,0.0,0.0
R2317,0.0,0.0,0.0,0.32380468,0.5608274
R2318,0.0,0.13630077,0.0,0.2966665,0.29933196
R2319,0.0,0.0,0.0,0.069512635,0.14217213
R232,0.0,1.1539896,0.63044107,1.0951217,1.1004288
R2320,0.0,0.33475447,0.10599083,0.6725639,0.79508597
R2321,0.0,0.5661246,0.19312507,0.97341764,1.2237977
R2322,0.0,0.25691545,0.0,0.5424546,0.6261923
R2323,0.0,0.3101842,0.060468107,0.5797912,0.64927363
R2324,0.0,0.8167375,0.50907856,1.1997168,1.4746674
R2325,0.0,0.33398777,0.23029692,0.720844,1.1082233
R2326,0.0,0.3880478,0.16859405,0.843259,1.1405821
R2327,0.14951415,0.6149694,0.5154282,0.7295772,0.87922835
R2328,0.0,0.05590883,0.12454699,0.66389346,1.0505574
R2329,0.0,0.5610179,0.20176607,0.82053626,0.8750746
R233,0.005775124,1.4929934,1.0226419,1.599043,1.6598604
R2330,0.0,0.23698962,0.0,0.49790335,0.62269384
R2331,0.0,1.0661845,0.7324672,1.2291914,1.3601279
R2332,0.0,0.9552701,0.6492808,1.213514,1.3711352
R2333,0.0,0.722694,0.750001,1.2522162,1.6546397
R2334,0.0,0.6137469,0.45005977,1.0756918,1.3967438
R2335,0.0,0.49181038,0.18363124,0.6453627,0.65858305
R2336,0.0,0.38527268,0.110613346,0.5582252,0.55761707
R2337,0.04435569,1.4672439,1.1353714,1.6645484,1.8079295
R2338,0.0,0.6734037,0.4332037,1.0035009,1.1323485
R2339,0.0,0.74973845,0.40325826,0.8909346,0.903196
R234,0.12243497,1.4420927,1.1075003,1.6010072,1.8571434
R2340,0.0,0.41311175,0.1321997,0.7343096,0.92524064
R2341,0.0,1.1905054,1.0256782,1.615413,1.9491701
R2342,0.0,0.40329802,0.25299278,0.6612289,0.7156072
R2343,0.0,0.98286194,0.77076364,1.1916201,1.4031842
R2344,0.0,0.85496366,0.42536825,0.92695606,1.038815
R2345,0.0,0.54761404,0.20510381,0.8075251,0.89170265
R2346,0.0,0.38884646,0.01803708,0.6580359,0.7757675
R2347,0.0,0.7517,0.64027977,1.2498404,1.5530264
R2348,0.0,0.8819811,0.7279866,1.1768231,1.4476873
R2349,0.0,0.5355656,0.17273629,0.7679257,0.9080113
R235,0.0,1.2313073,0.8619191,1.4395294,1.6234593
R2350,0.0,0.56068414,0.25109148,0.7130171,0.6740735
R2351,0.26883382,1.6016428,1.3723636,1.7751043,1.9798787
R2352,0.0,0.5633142,0.107421875,0.74845827,0.6929498
R2353,0.010993034,0.99702954,0.8391855,1.2718189,1.5504454
R2354,0.0,0.6080726,0.23866063,0.7274256,0.7183263
R2355,0.0,0.53857803,0.1883797,0.66472816,0.7533422
R2356,0.0,0.36001378,0.15247875,0.72619784,0.97479886
R2357,0.0,0.36278045,0.07693893,0.5267158,0.5033186
R2358,0.0,0.45156902,0.11021447,0.71219707,0.85791475
R2359,0.0,0.8037022,0.34378684,0.8781221,0.816184
R236,0.17760867,1.3315268,1.041046,1.4261475,1.7180326
R2360,0.0,0.40043247,0.14828855,0.6793214,0.85359716
R2361,0.0,0.5154337,0.1538679,0.755282,0.89813006
R2362,0.0,0.40768814,0.0,0.5940103,0.6731776
R2363,0.0,0.85913676,0.34160417,0.91700935,0.9000276
R2364,0.0,0.49307418,0.2696578,0.7013453,0.70670086
R2365,0.0,0.5488293,0.21300012,0.64845294,0.6115923
R2366,0.0,0.4997766,0.31081948,0.8642224,1.1205187
R2367,0.0,0.44543484,0.27249953,0.68390083,0.74829894
R2368,0.0,0.69612426,0.17577982,0.73378575,0.72187483
R2369,0.0,1.0322986,1.0376012,1.55871,1.926918
R237,0.054706275,1.4418609,1.0722759,1.6555676,1.8240464
R2370,0.0,0.57485574,0.24257904,0.6970956,0.6775648
R2371,0.0,0.5087204,0.28539622,0.7329236,0.81922835
R2372,0.0,0.6831491,0.48760295,1.0786604,1.2617378
R2373,0.0,0.3457983,0.19981164,0.8607569,1.1708193
R2374,0.0,1.0661128,0.51096416,1.0583838,1.0518886
R2375,0.0,0.54703677,0.1425888,0.7089016,0.70726687
R2376,0.0,0.6287276,0.48123747,1.0723804,1.2930741
R2377,0.0,0.72375214,0.79432666,1.2324331,1.7188896
R2378,0.0,0.83005744,0.86024046,1.4024873,1.8224123
R2379,0.0,0.9802169,0.4293692,0.98297596,0.95309603
R238,0.07401693,1.1801624,0.94952524,1.4084424,1.654274
R2380,0.0,0.89388263,0.43385273,0.8702779,0.8081335
R2381,0.0,1.06446,0.7778037,1.2857329,1.3837523
R2382,0.0,0.39982027,0.0,0.5253828,0.56537455
R2383,0.0,0.48394048,0.27590984,0.71936375,0.7266695
R2384,0.0,0.43220347,0.075342834,0.68499863,0.7303858
R2385,0.0,0.5110972,0.1905917,0.79508245,0.9612841
R2386,0.0,0.5769514,0.36722404,0.9423186,1.0553117
R2387,0.0,0.583986,0.12364191,0.7261988,0.6729959
R2388,0.0,0.5413427,0.18219703,0.6227754,0.5979695
R2389,0.0,0.62251747,0.24199063,0.72535986,0.7166624
R239,0.4623263,1.7538308,1.4994433,1.9951034,2.2762723
R2390,0.0,0.7976236,0.60510325,1.204376,1.4144475
R2391,0.0,0.96875525,0.9586004,1.3944721,1.774052
R2392,0.0,0.21521795,0.0,0.45952487,0.5721991
R2393,0.0,1.024322,0.893301,1.4976814,1.8410317
R2394,0.0,1.1492388,0.8387559,1.3039668,1.5036802
R2396,0.0,0.0,0.0,0.46419755,0.8586551
R2398,0.0,0.09783703,0.0,0.32644728,0.42266324
R24,0.0,0.0,0.0,0.0201329,0.016521797
R240,0.0,1.1219544,0.594636,1.1579655,1.1827077
R2400,0.0,0.0,0.0,0.0,0.011104763
R2404,0.0,0.0,0.0,0.069492325,0.25980332
R2409,0.0,0.0,0.0,0.07038239,0.16314864
R241,0.21810907,1.5556877,1.1242584,1.6897272,1.8517284
R2411,0.0,0.1432164,0.0,0.5982972,1.0121201
R2412,0.0,0.04749012,0.0,0.2422936,0.34742352
R2415,0.0,0.0,0.0,0.22624792,0.34431556
R242,0.0,1.1301476,0.6004032,1.1552618,1.2800725
R2424,0.0,0.0,0.0,0.23484841,0.39494812
R2425,0.0,0.0,0.0,0.20043191,0.296744
R2427,0.0,0.7064559,0.15863915,0.97295356,1.0637877
R243,0.28418118,1.2774837,0.90969956,1.3997002,1.6022395
R2432,0.0,0.20703515,0.10792887,0.67945135,1.126925
R244,0.39053053,1.7012439,1.3917527,1.8031102,2.059266
R2440,0.0,0.0,0.0,0.0,0.13388124
R2443,0.0,0.0,0.0,0.13418877,0.5114521
R2448,0.0,0.0,0.0,0.05451095,0.15192935
R245,0.0,0.45067102,0.03833075,0.4989891,0.5258435
R2452,0.0,0.0,0.0,0.47456184,0.8707706
R2455,0.0,0.0,0.0,0.1695601,0.28042376
R2458,0.0,0.09160519,0.0,0.29632294,0.36880723
R2459,0.0,0.15237898,0.0,0.390946,0.5218216
R246,0.043136016,1.4298358,1.0137511,1.5995319,1.7819376
R2466,0.0,0.0,0.0,0.14664146,0.25280464
R2469,0.0,0.0,0.0,0.0,0.0
R247,3.1302612,3.23563,3.2375424,3.2301266,3.3740895
R2471,0.0,0.0,0.0,0.0,0.091897875
R2478,0.0,0.4966335,0.22320424,0.9055675,1.3123302
R248,0.6983557,1.4521613,1.2577193,1.4082057,1.5995154
R2480,0.0,0.0,0.0,0.23693085,0.42442647
R2482,0.0,0.0756965,0.0,0.27979657,0.3808994
R2483,0.0,0.0,0.0,0.23949847,0.35784194
R2484,0.0,0.0,0.0,0.12246026,0.29500872
R2487,0.0,0.0,0.0,0.17940652,0.2817056
R249,0.0,0.89393616,0.5162982,1.0703765,1.283039
R2490,0.0,0.522309,0.0,0.4686128,0.3466141
R2491,0.050611734,1.3133938,1.0489247,1.4587281,1.7019289
R2492,0.0,0.0,0.0,0.1819945,0.41224766
R2493,0.0,1.0039582,0.7964088,1.330423,1.4307938
R2494,0.72598183,1.9666696,1.5851487,2.2881873,2.4923465
R2495,0.78718776,2.1638343,1.8623375,2.3753293,2.5568428
R2496,0.6158343,0.96053654,0.7778542,0.8499391,0.8177233
R2497,0.0,0.44701758,0.021814011,0.54472387,0.46866417
R2498,0.53437454,1.8550994,1.5280409,2.0479596,2.3162844
R2499,0.88583446,2.0595322,1.5937103,2.1976535,2.2273102
R25,0.0,0.46006957,0.07902197,0.85924315,1.1653008
R250,0.5963614,1.8847356,1.50796,1.9914886,2.2787628
R2500,0.39613974,0.6355109,0.23943841,0.42742696,0.29291415
R2501,1.3739383,2.5019438,2.262576,2.8777075,3.1559994
R2502,0.55774313,0.9094937,0.601843,0.68014044,0.47624797
R2503,0.0,0.932655,0.3621898,1.0289724,0.957835
R2504,0.0,1.2254465,0.9589299,1.5487932,1.7935236
R2505,0.3645268,1.738446,1.3263094,2.0625362,2.2795563
R2506,0.0,1.1079344,0.90203637,1.4860528,1.7278178
R2507,0.51663774,1.0505004,0.55020845,0.90004194,0.7724537
R2508,0.0,0.0,0.0,0.0,0.0
R2509,1.1803889,1.4720553,1.3025296,1.4626845,1.5135349
R251,0.039524958,1.4011774,1.0124321,1.5242784,1.6457059
R2510,0.0,0.5831232,0.45952797,1.1011126,1.3517975
R2511,0.0,0.70691955,0.49322367,0.85525596,1.2186687
R2512,1.9712783,2.667225,2.484475,2.7216523,2.9534464
R2513,1.3937424,1.594374,1.366725,1.2558597,1.0825022
R2514,0.4508838,0.93783617,0.5013432,0.7606323,0.55495703
R2515,0.0,0.70382476,0.11919159,0.663875,0.5450524
R2516,0.0,1.1723039,0.5920316,1.262465,1.3405461
R2517,0.0,1.2816683,0.7496746,1.4553914,1.53552
R2518,0.0,0.99416006,0.72411525,1.2445437,1.3534123
R2519,0.11930311,1.0937146,0.62267494,1.1879624,1.172514
R252,2.8991146,3.2380745,3.1060162,3.1298757,3.2755961
R2520,1.7020758,1.8020768,1.6712418,1.5668288,1.4791948
R2521,0.0,0.0,0.0,0.0,0.0
R2522,1.4841471,2.9731703,2.559291,3.21205,3.2907295
R2523,0.0,0.0,0.0,0.08140886,0.09964582
R2524,1.2593925,2.3192527,2.0501032,2.4503691,2.6609647
R2525,0.17595732,0.37255812,0.22809994,0.29524517,0.32693052
R2526,0.0,0.0,0.0,0.0,0.0
R2527,0.89920044,2.2282915,1.9076911,2.5235085,2.6955981
R2528,0.20631874,1.0821022,0.7838604,1.3884507,1.5052396
R2529,0.85086256,2.1322896,1.8810618,2.2762353,2.5126789
R253,1.461405,1.567395,1.4100347,1.4102908,1.2979617
R2530,0.3696913,0.83614457,0.39723012,0.59742534,0.4316486
R2531,0.0,1.1179439,0.7931224,1.4460648,1.6644285
R2532,0.37576708,1.7052091,1.3336763,2.0457256,2.3883057
R2533,0.88666236,2.0398638,1.80696,2.2423682,2.4884315
R2534,0.0,0.28902352,0.0,0.49526381,0.5815114
R2535,0.8281814,1.1880319,0.94492054,1.1329616,1.1320547
R2536,0.16433097,1.0349195,0.56829596,1.0676945,1.1069803
R2537,0.04622373,0.56537586,0.122024596,0.38766125,0.17098683
R2539,0.44570547,1.7354732,1.3720587,2.0037735,2.359795
R254,0.1520899,1.2636168,1.0397661,1.290839,1.5888753
R2540,0.9542525,2.1220279,1.8139883,2.4080741,2.5411618
R2541,0.0,0.5849247,0.24188423,0.8130764,1.0914093
R2542,0.0,0.32212627,0.0,0.39027518,0.4426461
R2543,0.8556731,2.052805,1.9673942,2.309395,2.642603
R2544,0.0,1.0244123,0.72314453,1.1871282,1.4434085
R2545,2.4790058,3.205967,2.9152908,3.2011828,3.4069238
R2546,0.18948555,1.4719839,0.98153555,1.6987829,1.8596015
R2547,0.036055863,1.2170612,0.84165806,1.4155823,1.562717
R2548,1.4124718,2.2466722,2.0637386,2.3277876,2.6070025
R2549,0.32080126,1.6529007,1.2225026,2.0389419,2.3870437
R255,0.0,0.032555014,0.0,0.0,0.0
R2551,0.78715855,1.456383,0.9871229,1.3240608,1.1857276
R2552,0.8705778,2.1786063,1.9566817,2.5298307,2.7582397
R2553,0.0,0.58628166,0.32035017,0.803872,1.0274315
R2554,1.30893,2.2389126,2.0554557,2.3782551,2.5965576
R2555,0.0,0.0,0.0,0.074273765,0.16201872
R2556,0.74155474,1.5609463,1.4972969,1.8148137,2.1489766
R2557,0.0,0.91828036,0.49633718,1.0497007,1.1511053
R2558,0.8869157,1.8724722,1.47511,2.0738792,2.1324406
R2559,0.35290426,1.650418,1.2654922,2.01449,2.2985806
R256,0.01265806,0.8541697,0.4359494,0.8494444,0.9513197
R2560,0.0,0.7656256,0.3299389,0.8783426,0.9789585
R2561,0.46752107,1.0187234,0.54644644,0.8913539,0.75548947
R2562,0.0,1.1154282,0.52377105,1.3213702,1.438294
R2563,0.0,1.1860559,0.7605797,1.5596621,1.7913485
R2564,0.0,0.5530615,0.016549945,0.6711378,0.73606825
R2565,0.07598388,1.1324624,1.1132219,1.5134528,1.8990467
R2566,1.4388974,2.6675267,2.5016215,2.973388,3.278082
R2567,2.7777839,2.8590167,2.7473063,2.8336072,2.8611317
R2568,0.0,0.25008494,0.0,0.04417634,0.0
R2569,0.0,0.0,0.0,0.0,0.0
R257,0.24270478,0.4415341,0.18589975,0.35148838,0.24323466
R2570,0.018081576,0.84722555,0.23502564,0.87874246,0.75702876
R2571,1.100647,1.282916,0.9787179,0.99829,0.8823191
R2572,0.0,1.1761081,0.9089602,1.5318642,1.7654543
R2573,0.4812219,0.8492577,0.82999384,0.97363365,1.1392549
R2574,0.4868607,1.8207139,1.5589352,2.1345026,2.3480954
R2575,0.27886546,1.439544,1.0767474,1.7248831,2.0469732
R2576,0.0,0.5916915,0.23693061,0.7713443,1.0122586
R2577,0.0,1.0521134,0.6880653,1.2405176,1.2993271
R2578,0.797874,1.0267065,0.70469856,0.770923,0.61876315
R2579,0.7598988,2.0989017,1.7426383,2.3159626,2.504213
R258,0.13726081,0.5368844,0.026391685,0.22770232,0.06490743
R2581,0.0,0.16559651,0.0,0.43816712,0.59897095
R2582,0.0,0.044849515,0.0,0.20912658,0.2918743
R2583,0.0,1.0002607,0.49695805,1.1102214,1.1947565
R2584,1.1497202,2.4152374,2.1983438,2.583682,2.8556275
R2585,0.26442516,1.7458031,1.418762,2.057123,2.1354692
R2586,0.0,0.8264854,0.27498335,0.92399144,0.8991548
R2587,2.122775,2.910336,2.6290882,2.8685756,3.0133383
R2588,1.2168169,1.9675773,1.6717783,2.1493576,2.2326252
R2589,0.0777283,0.5440738,0.27502096,0.53634346,0.62721634
R259,1.0725803,1.9901918,1.8250979,2.153346,2.4084222
R2590,0.31103134,0.70627034,0.5953089,0.706703,0.82020354
R2591,0.0,0.0,0.0,0.0,0.0
R2592,1.2526487,2.3683805,1.8290939,2.4342704,2.392343
R2593,0.8940852,2.116187,1.7476937,2.3607488,2.6188433
R2594,0.48428214,0.7635138,0.3219846,0.51810104,0.4024432
R2595,0.9443616,2.0258746,1.5291378,2.116284,2.1256275
R2596,0.0,0.055918515,0.0,0.0,0.0
R2597,1.5912051,1.7724562,1.5459347,1.5230422,1.5202333
R2598,0.08915645,0.9890758,0.4661225,1.0178062,1.0378551
R2599,0.97235125,2.3319907,2.0439224,2.5849595,2.851776
R26,0.0,0.46839625,0.0,0.4904404,0.40690166
R260,0.0,0.93361473,0.58234024,1.0619451,1.1970693
R2600,0.23586807,1.1193757,0.6159985,1.1486019,1.1788361
R2601,0.00024062395,0.36771584,0.0,0.16397524,0.0
R2602,0.0,0.12076247,0.0,0.1578601,0.012474939
R2603,0.0,0.51541626,0.11188197,0.64862555,0.76573724
R2604,0.0,0.7765175,0.4022746,0.8631437,1.0018091
R2605,0.13327557,1.3775526,0.9983821,1.7564628,2.0619626
R2606,0.95638114,2.0304222,1.4974163,2.0766478,2.0996609
R2607,0.12982213,0.39165205,0.05203414,0.20687675,0.07678598
R2608,0.08238655,0.9748559,0.6904347,1.259105,1.3811684
R2609,1.0489001,1.2686279,1.2356403,1.2119342,1.3134854
R261,1.540294,2.6399498,2.1943645,2.6583674,2.7621489
R2611,0.0,0.8624333,0.60507256,1.1001178,1.4329777
R2612,0.09045124,0.5073879,0.29531014,0.5653877,0.71452343
R2613,0.36719024,0.99358976,0.53714764,0.77273905,0.6336946
R2614,0.0,0.2998497,0.07506293,0.44480914,0.49757016
R2615,0.38023984,1.2917396,0.7488462,1.3156815,1.331694
R2616,0.736466,1.9376416,1.6079001,2.2420468,2.4552875
R2617,1.0269701,1.2564974,0.9154675,1.0217098,0.85355794
R2618,0.1402598,0.5671293,0.0,0.30408618,0.08943957
R2619,0.44721007,1.8113558,1.3873472,2.0215292,2.1418169
R262,1.0554898,1.5789812,1.5787547,1.7167758,2.0207992
R2620,0.8793306,1.336911,1.1277096,1.1260746,1.2389147
R2621,0.8614576,1.9535781,1.7501824,2.3394127,2.5284104
R2622,0.9122133,1.8760089,1.3673131,1.9498405,1.957132
R2623,0.0,1.1735618,0.73844427,1.4055839,1.5448747
R2624,1.3202462,2.4624112,2.4298882,2.753384,3.0880315
R2625,1.2662973,1.6437981,1.5298326,1.5397478,1.6115348
R2626,1.5492557,1.7320427,1.5344465,1.4270921,1.2798965
R2627,1.3629638,2.5237882,2.1373947,2.7949495,2.925685
R2628,0.0,1.0183729,0.4665077,1.291846,1.4563106
R2629,0.5049288,1.7153517,1.3391699,1.8354211,1.9336734
R263,0.0,1.0824834,0.67744315,1.1588006,1.3339324
R2630,0.0,1.0013585,0.44356996,1.0742633,1.0441594
R2631,0.4354499,0.7461982,0.41421014,0.5174684,0.31927186
R2632,0.19513917,0.57237685,0.3372565,0.5089295,0.54724383
R2633,0.0,1.2079878,0.62165093,1.4225827,1.5293872
R2634,0.0,0.54111,0.0,0.7735431,0.9174294
R2635,0.096410796,0.30117556,0.10593647,0.18101603,0.1288642
R2636,0.11203186,0.7445961,0.28309715,0.6854465,0.56722504
R2637,1.7336233,2.76806,2.503497,2.9173534,3.1245303
R2638,0.0,0.349841,0.0,0.48660502,0.5537081
R2639,0.52933383,1.8801873,1.4902768,2.1840835,2.3990378
R264,0.006184578,1.3316135,1.0004058,1.4597509,1.6015227
R2640,0.0,0.9281702,0.7499733,1.1350628,1.438898
R2641,0.9735258,2.321596,2.0475304,2.5977502,2.8538811
R2642,0.012944087,1.2026575,0.98157644,1.4801453,1.7226875
R2643,0.0,1.3183059,0.99622107,1.6669254,1.8895721
R2644,0.0,0.8338844,0.2572062,0.9220003,0.85627836
R2645,0.0,0.25638926,0.0,0.36720276,0.44203085
R2646,0.0,0.123260945,0.0,0.0,0.0
R2647,0.0,0.0,0.0,0.0,0.0
R2648,0.0,0.87482536,0.54183894,1.1370898,1.2928247
R2649,0.12069714,1.3280895,0.88512146,1.5271313,1.5673966
R265,0.0,0.31928217,0.0,0.26798075,0.27707362
R2650,1.0984666,1.303897,1.1819261,1.227401,1.1696607
R2651,0.0,0.49842966,0.15367013,0.68325007,0.7299128
R2652,0.59909964,1.7556927,1.7423329,2.0312707,2.379152
R2653,0.49929172,0.7822678,0.4173531,0.5963454,0.44288364
R2654,0.0,1.1299115,0.7787011,1.2586162,1.3901248
R2655,0.29878232,0.7082411,0.17680913,0.4925384,0.3213197
R2656,0.028491348,1.0502745,0.53540605,1.1289635,1.0919054
R2657,0.22939251,1.4642645,1.1573005,1.629285,1.9266474
R2658,0.22968146,0.96198165,0.40891376,0.8914316,0.7167076
R2659,0.0,0.35719496,0.0,0.18872148,0.032171622
R266,1.5388465,2.6432862,2.1607847,2.6802785,2.6879082
R2660,1.8955534,3.0860095,2.6248274,3.1882768,3.3088331
R2661,0.0,0.0,0.0,0.0,0.0
R2662,0.36276984,1.5726268,1.2079082,1.733825,1.9732289
R2663,0.0,0.0,0.0,0.0,0.0
R2664,0.0,0.81755054,0.19439368,1.0126202,1.0593328
R2666,0.0,0.6786959,0.35694245,1.0109007,1.3205876
R2667,1.5226821,1.7353971,1.5821931,1.5593686,1.5465589
R2668,0.7928295,2.2125082,1.8215451,2.4503129,2.6674075
R2669,1.0636446,2.1505544,1.8913118,2.275172,2.4852216
R267,1.7856679,1.917146,1.7671489,1.7475913,1.8449678
R2670,0.0,0.0,0.0,0.0,0.0
R2671,0.0,1.1029487,0.60073656,1.2087725,1.303968
R2672,0.0,0.0,0.0,0.0,0.0
R2673,0.1858496,1.4204111,1.1460547,1.7652234,2.0552766
R2674,1.1992533,2.281963,2.0486214,2.4219687,2.6555388
R2675,0.0,0.15554833,0.0,0.28818476,0.45002818
R2676,0.0,0.37929386,0.06248872,0.55794454,0.75841886
R2677,1.9807851,3.0209858,2.7329817,3.1183965,3.3234246
R2678,0.0,0.7652477,0.5423537,1.0743976,1.3882353
R2679,0.0,0.49500328,0.0,0.33358312,0.1492103
R268,0.44524097,0.40394843,0.31999782,0.3010664,0.3492226
R2680,0.57512933,1.8505095,1.6253284,2.2385254,2.4664786
R2681,0.0,0.48716712,0.22002757,0.82415366,1.074278
R2682,1.7218883,1.9533994,1.7322956,1.8510686,1.8370178
R2684,0.0,0.22810745,0.0,0.51475215,0.76853406
R2685,0.09663564,0.8480472,0.5633552,0.9878768,1.0367537
R2686,0.92762995,2.1416001,1.8055031,2.2881699,2.515184
R2687,0.068914354,0.38112733,0.0,0.19261388,0.030971438
R2688,0.0,1.1868306,0.9312273,1.6103306,1.9423897
R2689,0.0,0.6943761,0.24270347,0.8007989,0.80566514
R269,1.7293199,2.350818,2.2729044,2.4359448,2.8111134
R2690,0.0,0.0,0.0,0.0,0.0
R2693,0.0,0.0,0.0,0.0,0.0
R2694,0.43235016,0.9842547,0.55059916,0.7598206,0.6081693
R2695,0.0,0.81509256,0.6005808,1.1373651,1.4944494
R2696,0.0,0.7707567,0.37451553,0.8040062,0.8680735
R2697,0.0,1.3846632,1.0916861,1.7658848,1.9193228
R2698,0.9202153,2.0853474,1.8555666,2.4554949,2.7436154
R2699,0.0,0.0,0.0,0.0,0.0
R27,0.0,0.47082454,0.0,0.46965176,0.3888196
R270,0.39563793,1.7128273,1.299693,1.8707579,2.015721
R2700,2.0313818,3.059167,2.7383485,3.12452,3.3467355
R2701,0.0,0.2607249,0.0,0.44229576,0.4906755
R2702,0.35772413,1.7035733,1.461659,2.102419,2.4059126
R2703,0.0,0.7017465,0.44043186,0.75853467,0.86160326
R2704,0.622782,1.5045539,1.1383231,1.6585157,1.705572
R2705,0.0,0.6505196,0.22817975,0.764194,0.8788194
R2706,0.6388222,2.0846667,1.7697351,2.4758217,2.630325
R2707,0.651065,1.8868077,1.7032882,2.1826015,2.3884873
R2708,0.826655,1.8918021,1.4789406,1.9970453,2.03944
R2709,0.3033974,1.6081052,1.149408,1.825588,1.9766493
R271,0.7946419,2.121883,1.7753375,2.2608178,2.5146787
R2710,0.33545476,1.6050124,1.1975989,1.85981,1.9939152
R2711,0.64118826,0.88752306,0.8517003,0.918753,1.0820755
R2712,0.93259794,1.9058867,1.5467236,1.9912696,2.0065944
R2713,0.56456083,1.4590139,1.1209645,1.6875296,1.7596364
R2714,0.0,0.0,0.0,0.0,0.012942821
R2715,0.0,1.0699136,0.7555028,1.360201,1.5953641
R2716,0.02821377,1.3533221,0.9213736,1.6033547,1.7753326
R2717,0.0,0.0,0.0,0.0,0.0
R2718,0.0,0.0,0.0,0.0,0.0
R2719,0.0,0.0,0.0,0.103153825,0.11625825
R272,0.49130157,0.53825164,0.46583703,0.43167546,0.4414843
R2720,0.0,0.68230987,0.31628406,0.79105115,0.93622553
R2721,0.0,1.0572357,0.6221498,1.2534009,1.3974024
R2722,1.1434898,1.8105084,1.4588901,1.867664,1.9258528
R2723,0.0,0.69637924,0.5675187,1.1601006,1.5648965
R2724,0.0,0.0,0.0,0.35044283,0.6819329
R2725,0.0,0.0,0.0,0.0,0.0
R2726,0.0,0.14011127,0.0,0.3551713,0.47387636
R2727,0.0,0.645664,0.35079956,0.8827777,1.0932982
R2728,0.33699632,0.6935723,0.45085344,0.6618091,0.6839003
R2729,0.0,0.0,0.0,0.048344254,0.13199484
R273,0.0,0.3396165,0.0,0.2263608,0.14471385
R2730,0.5661918,0.8218638,0.53308177,0.6363354,0.5278048
R2731,0.6159793,1.7056029,1.1887075,1.8311031,1.8557878
R2732,1.9403579,2.3653593,1.8306935,2.1470385,1.9620333
R2733,2.0517118,3.3086588,3.1028507,3.6996484,3.9173846
R2734,1.3473563,1.4925313,1.2172847,1.1648296,1.0839902
R2735,0.14628613,1.4399879,1.0170456,1.7227906,1.9180276
R2736,0.0,0.42120317,0.0052180886,0.6520195,0.77295136
R2737,0.0,0.8848499,0.6356039,1.0598035,1.1740328
R2739,0.0,0.0,0.0,0.0,0.0
R274,0.2741077,1.4237325,0.8470606,1.3401953,1.2995847
R2740,0.7763796,2.0695102,1.8274868,2.3017762,2.435223
R2741,0.4654203,1.7674181,1.4490494,2.1275196,2.3241436
R2742,0.10536158,0.85037744,0.78540915,0.8436054,1.1437638
R2743,1.0500739,1.4823592,1.2829574,1.332336,1.4091783
R2744,0.6800811,2.0294821,1.534785,2.0712192,2.1678672
R2745,0.82045317,2.0392723,1.5846777,2.2005033,2.273423
R2746,0.542637,1.894914,1.4560171,2.078818,2.212467
R2747,0.6699381,0.93286467,0.58917046,0.800179,0.69265455
R2748,0.33632407,1.509263,1.1444119,1.6678253,1.8098286
R2749,1.3159112,2.1908371,2.1525693,2.467797,2.7619023
R275,0.6037657,1.8111368,1.5700556,2.001912,2.3368347
R2750,1.3292738,2.5581193,2.279124,2.7168906,3.023103
R2751,0.53319186,1.2064236,0.6185092,0.96558523,0.7710177
R2752,0.19474162,1.4582412,0.93718004,1.5077187,1.5638891
R2753,0.9400727,1.1978452,1.1317196,1.1750805,1.266658
R2754,1.2190886,2.5545497,2.1498916,2.6586037,2.8776155
R2755,2.0080771,2.0458813,1.8930044,1.9080956,1.9750991
R2756,0.7479642,0.8633855,0.7382268,0.7791744,0.7103178
R2757,1.1652354,1.2409041,1.1581454,1.1966875,1.120337
R2758,0.20439732,1.4965366,0.95031554,1.5517032,1.5916903
R2759,0.72755605,2.0162442,1.6152318,2.1600804,2.376345
R276,0.3657717,1.4790969,1.2468276,1.68695,1.9211335
R2760,0.053649127,1.1949809,0.77696145,1.3481107,1.5313221
R2761,1.5977077,2.3329144,2.2232761,2.533002,2.8248816
R2762,1.0011518,2.1585364,1.8219353,2.1746404,2.418209
R2763,1.6289916,2.949752,2.508247,3.0408542,3.3142333
R2764,1.3312335,2.7316425,2.264789,2.7911017,2.98537
R2765,0.44967413,1.4790734,1.0244927,1.5471493,1.6212673
R2766,1.5563488,3.0112112,2.5179546,3.1725368,3.1591768
R2767,0.756712,2.1307452,1.7620866,2.3027794,2.4408667
R2768,1.7604773,1.7339319,1.5860199,1.5753255,1.5974098
R2769,0.798445,1.9133195,1.5075823,2.0509253,2.203517
R277,0.81084806,1.3807126,1.2292507,1.2807105,1.4893664
R2770,0.4954785,1.3995246,0.8874951,1.2914271,1.2956066
R2771,0.12428643,1.232575,0.8264713,1.3633826,1.5315294
R2772,0.8249961,2.2049646,1.7466099,2.3287368,2.4228284
R2773,0.0,0.0,0.0,0.42504287,0.71368647
R2774,0.0,0.044293657,0.0,0.46964556,0.7986182
R2775,0.0,0.0,0.0,0.11423543,0.32902336
R2776,0.0,0.0,0.0,0.20680174,0.38144624
R2777,0.0,0.3450625,0.49722487,1.0505196,1.4695829
R2778,0.0,0.06067437,0.016313225,0.60716945,1.0099452
R2779,0.0,0.27527064,0.14367272,0.8596492,1.2037603
R278,0.0,1.0408274,0.6856671,1.1790409,1.3656814
R2780,0.0,0.0,0.0,0.0,0.14470226
R2781,0.0,0.46234545,0.3080721,0.96489227,1.3652545
R2782,0.0,0.11180353,0.060686707,0.67082226,1.077455
R2783,0.0,0.27744675,0.06478753,0.7117062,0.9605535
R2784,0.0,0.63465726,0.58205146,1.0622486,1.4385673
R2785,0.0,0.0,0.0,0.03728351,0.24340089
R2786,0.0,0.0,0.0,0.25732058,0.4765906
R2789,0.0,0.0,0.0,0.0,0.0
R279,0.0,1.284363,0.9039367,1.4641657,1.6311215
R2790,0.0,0.30320823,0.0,0.54884136,0.6189056
R2792,0.0,0.0,0.0,0.0,0.0
R2793,0.0,0.4533835,0.02491878,0.7379283,0.812823
R2796,0.0,0.0,0.0,0.0,0.022633344
R2798,0.0,0.0,0.0,0.0,0.034520417
R2799,0.0,0.0,0.0,0.0,0.0
R2800,0.0,0.0,0.0,0.14622909,0.2282958
R2801,0.0,0.6111365,0.35599315,0.9584694,1.1710255
R2802,0.0,0.0,0.0,0.0,0.0
R2803,0.0,0.0,0.0,0.21661764,0.2960592
R2804,0.0,0.0,0.0,0.0,0.0
R2805,0.0,0.039519697,0.0,0.25654075,0.34588933
R2806,0.0,0.0,0.0,0.08529192,0.15866393
R2807,0.0,0.09537539,0.0,0.29324633,0.35688502
R2809,0.0,0.0,0.0,0.033285618,0.11432779
R281,0.0,0.7580772,0.4981177,1.185755,1.5024099
R2810,0.0,0.23609304,0.0,0.5001061,0.5477376
R2811,0.0,0.6134188,0.3016318,0.9557535,1.1418031
R2812,0.0,0.0,0.0,0.028927743,0.07710269
R2813,0.0,0.12563595,0.0,0.3264055,0.41021204
R2814,0.0,0.051214695,0.0,0.2795595,0.32075423
R2815,0.0,0.28304824,0.21818519,0.7247994,0.98182094
R2816,0.0,0.42997313,0.122175366,0.79979944,0.98129994
R2817,0.0,0.0,0.0,0.0,0.0
R2819,0.0,0.31941184,0.0,0.66435933,0.91044885
R282,0.0,0.0,0.0,0.09852716,0.17114866
R2821,0.0,0.0,0.0,0.036384463,0.121024966
R2822,0.0,0.0,0.0,0.3233833,0.4676617
R2823,0.0,0.31726062,0.0,0.5870643,0.6470145
R2825,0.0,0.456379,0.2112391,0.83450943,1.0333086
R2826,0.0,0.07948151,0.0,0.28153202,0.37700534
R2827,0.0,0.0,0.0,0.0,0.0
R2828,0.0,0.0,0.0,0.0,0.0
R2829,0.0,0.031723112,0.0,0.34041935,0.42075038
R283,0.0,0.21357954,0.0,0.5665964,0.7390843
R2830,0.0,0.0,0.0,0.0,0.14923425
R2833,0.0,0.0,0.0,0.3376192,0.47100484
R2834,0.0,0.048336,0.0,0.35188815,0.47687125
R2835,0.0,0.0,0.0,0.0,0.0
R2836,0.0,0.0,0.0,0.0,0.0
R2837,0.0,0.16520834,0.0,0.50196135,0.67523444
R2838,0.0,0.131652,0.0,0.31605628,0.41466308
R284,0.0,0.68558395,0.4733616,1.1316764,1.4431566
R2840,0.0,0.6514015,0.44722915,1.05457,1.2767147
R2841,0.0,0.0,0.0,0.18438902,0.26868892
R2842,0.0,0.27189475,0.0,0.51279366,0.5759879
R2843,0.0,0.002399087,0.0,0.2902906,0.49217147
R2844,0.0,0.09476882,0.0,0.30292115,0.39157283
R2845,0.0,0.17829818,0.0,0.4242368,0.5497555
R2846,0.0,0.0,0.0,0.0,0.0
R2848,0.0,0.0,0.0,0.22612906,0.2588037
R285,0.0,0.0,0.0,0.0,0.0
R2850,0.0,0.14831519,0.0,0.39355487,0.48158395
R2851,0.0,0.0,0.0,0.0,0.0
R2852,0.0,0.0,0.0,0.1737985,0.30327415
R2853,0.0,0.2068041,0.0,0.55622965,0.7350628
R2854,0.0,0.0,0.0,0.0,0.047818676
R2855,0.0,0.0,0.0,0.0,0.0011992157
R2856,0.0,0.43030798,0.2826593,0.859524,1.0986619
R2857,0.0,0.0,0.0,0.20661992,0.3459562
R2858,0.0,0.0,0.0,0.032394975,0.042017043
R2859,0.0,0.48093987,0.17974302,0.8361244,1.0367646
R286,0.0,0.88810724,0.71092045,1.2463342,1.5214133
R2860,0.0,0.0,0.0,0.16246498,0.257186
R2861,0.0,0.065377355,0.0,0.47550356,0.7254624
R2862,0.0,0.06924148,0.0,0.37832606,0.5024554
R2863,0.0,0.0,0.0,0.107088566,0.19216663
R287,0.0,0.85403955,0.59301955,1.2854445,1.5347103
R2872,0.0,0.36038235,0.0,0.636498,0.7060178
R2873,0.0,0.030798584,0.0,0.36264366,0.49535435
R2874,0.0,0.48524752,0.39049873,0.8937695,1.1086836
R2875,0.0,0.0,0.0,0.0,0.094128415
R2876,0.0,0.0,0.0,0.0,0.0
R2878,0.0,0.2020354,0.0,0.4246183,0.54962224
R2879,0.0,0.0,0.0,0.1206978,0.18425836
R2881,0.0,0.0,0.0,0.36211002,0.5405256
R2882,0.0,0.2980268,0.23135552,0.73485255,0.9837847
R2883,0.0,0.0,0.0,0.0,0.03835109
R2887,0.0,0.0,0.0,0.0,0.0
R2888,0.0,0.0,0.0,0.0,0.0
R2889,0.0,0.0,0.0,0.0,0.0
R289,0.0,0.0,0.0,0.092962384,0.2138057
R2891,0.0,0.0,0.0,0.23435211,0.36338902
R2892,0.0,0.5195566,0.21786377,0.8789119,1.0650157
R2893,0.0,0.42955905,0.0,0.6979312,0.7631027
R2896,0.0,0.0,0.0,0.0,0.0
R2898,0.0,0.49679425,0.15463635,0.7981453,0.98983175
R2899,0.0,0.32506776,0.24258453,0.7674798,1.0032012
R290,0.0,0.0,0.0,0.0,0.0
R2902,0.0,0.2681888,0.20940822,0.70725536,0.96380574
R2903,0.0,0.28530094,0.23062038,0.73177856,0.9852351
R2904,0.0,0.0,0.0,0.0,0.08807725
R2907,0.0,0.101451725,0.0,0.27884844,0.3750624
R2908,0.0,0.117593974,0.0,0.32950744,0.42251843
R291,0.0,0.47908354,0.042612746,0.75833225,0.83344394
R2911,0.0,0.0,0.0,0.18656805,0.2770636
R2912,0.0,0.0,0.0,0.0,0.0
R2914,0.0,0.0,0.0,0.0,0.0
R2919,0.0,0.04068862,0.0,0.29628322,0.42699262
R292,1.0625626,1.2135229,1.0412883,1.1174017,1.1158947
R2921,0.6521873,0.6872415,0.5972751,0.5664965,0.61081386
R2922,0.0,1.2758139,0.62722313,1.2432652,1.1716052
R2923,0.0,0.0,0.0,0.0,0.0
R2924,0.82883763,2.1100454,1.8433791,2.4921656,2.6957948
R2925,0.6672785,1.8776248,1.6391555,2.2847023,2.5277898
R2926,0.0,0.60164034,0.13665748,0.7502942,0.6438321
R2927,0.0,0.0,0.0,0.0,0.0
R2928,0.8814775,2.2207277,2.023319,2.6715624,2.806359
R2929,0.0,0.89930665,0.32911643,0.8885858,0.8978831
R293,0.6268444,1.0821158,0.87964094,1.0053751,1.1443062
R2930,0.50072485,1.1506786,1.0694308,1.284029,1.464282
R2931,0.34630698,1.7499495,1.3105642,1.8657086,1.9202658
R2932,0.0,0.97204435,0.33204037,0.88036424,0.7257807
R2933,0.6564849,1.9089899,1.5977069,2.0161338,2.210309
R2934,0.98889303,2.3319702,1.8513746,2.6607249,2.943318
R2935,0.0,1.1231393,0.75157356,1.3913555,1.5912839
R2936,1.4816214,2.155275,2.022542,2.50385,2.7574985
R2937,1.14277,2.0353394,1.8145957,2.3524644,2.6585844
R2938,1.1196432,1.4127413,1.3671982,1.5260409,1.7272888
R2939,0.33057135,0.40529728,0.41171482,0.50437886,0.56967884
R294,0.68915606,1.1003801,1.1769412,1.2315558,1.4795692
R2940,0.092282414,0.1359554,0.03695661,0.10530546,0.04444629
R2941,1.1780403,2.410299,2.0953858,2.7813377,3.012866
R2942,0.20244528,1.5591829,1.1744847,1.7054613,1.8582282
R2943,0.86008036,2.2522888,1.8050628,2.5724163,2.690774
R2944,1.0897547,1.3833132,1.3222072,1.4344367,1.5165458
R2945,0.16098166,1.40266,1.0085933,1.7637143,1.984412
R2946,0.30907163,0.2801972,0.26944408,0.33884168,0.46768424
R2947,1.0297135,2.0992863,1.8143306,2.4303493,2.67883
R2948,0.052947402,1.3788942,1.0700125,1.765132,1.9761226
R2949,0.41068578,1.6332328,1.2510886,1.9892554,2.2685742
R295,1.373502,1.4457363,1.2236953,1.2672827,1.3008709
R2950,1.3445215,1.7269807,1.6319566,1.8351574,1.9698509
R2951,1.0560639,2.3484335,2.0319395,2.817562,3.0744815
R2952,0.27722538,1.6333919,1.2296023,1.7991714,1.9613442
R2953,0.08816229,1.1017587,0.91375583,1.3913852,1.6586404
R2954,1.3028132,1.8660066,1.6706342,2.047578,2.1262753
R2955,1.1141179,2.2125728,1.8984854,2.5335755,2.7581453
R2956,0.9915918,2.3890138,1.9468421,2.5476663,2.6510887
R2957,0.81557596,1.5698215,1.5926788,1.9793432,2.3525352
R2958,0.0,1.0508556,0.49218488,1.1364163,1.0554447
R2959,0.9995837,1.024551,1.1597378,1.0528914,1.1485978
R296,1.5039742,1.7630211,1.6651639,1.6808337,1.7654252
R2961,0.0,0.0,0.0,0.32551414,0.6258461
R2962,0.0,0.0,0.0,0.2227928,0.42968452
R2964,0.0,0.0,0.0,0.0,0.0
R2969,0.0,0.0,0.0,0.0,0.0
R297,0.48344302,0.70471025,0.43515444,0.5712079,0.49307477
R2974,0.0,0.09660125,0.0,0.49321008,0.79539657
R2977,0.0,0.0,0.0,0.0,0.0
R2979,0.0,0.01623696,0.0,0.30468535,0.49898344
R298,0.0,0.5875696,0.082746804,0.6361965,0.7235497
R2981,0.0,0.0,0.0,0.18961185,0.38471282
R2982,0.0,0.1709218,0.116172254,0.5722976,0.8513164
R2983,0.0,0.0,0.0,0.0,0.07324666
R2984,0.0,0.0,0.0,0.0,0.0
R2985,0.0,0.0,0.0,0.21514666,0.5113157
R2986,0.0,0.0,0.0,0.094674766,0.2717567
R2987,0.0,0.0,0.0,0.0,0.0
R299,0.12743312,0.8224095,0.53191197,0.8997837,0.9768358
R2990,0.0,0.0,0.0,0.09047967,0.47179294
R2991,0.0,0.0,0.0,0.0,0.0
R2994,0.0,0.04175198,0.0,0.4279086,0.750448
R2998,0.0,0.0,0.0,0.23668176,0.48114198
R2999,0.0,0.0,0.0,0.12516922,0.3026771
R3,0.0,0.88186264,0.5105369,1.2137359,1.432912
R30,0.0,0.0,0.0,0.17258742,0.4832561
R300,1.2136686,1.3621925,1.2272985,1.1534964,1.2566875
R3000,0.0,0.11888522,0.05516833,0.53173494,0.8176893
R3003,0.0,0.0,0.0,0.20971572,0.42772812
R3004,0.0,0.0,0.0,0.0,0.0
R3007,0.0,0.0,0.0,0.0,0.1840226
R301,0.0,0.0,0.011067182,0.3012871,0.4555125
R3011,0.0,0.0,0.0,0.0,0.0
R3014,0.0,0.19637942,0.0,0.50213087,0.7210117
R3017,0.0,0.3437655,0.0,0.6330422,0.7543084
R302,1.9700267,2.1531708,2.1866834,2.0438519,2.0035405
R3020,0.0,0.5539608,0.5645829,1.0174725,1.2638227
R3021,0.0,0.43903288,0.14343822,0.75291157,0.90959066
R303,0.0,0.4747905,0.2423439,0.47500336,0.7028684
R3031,0.0,0.40717605,0.068296105,0.6764958,0.772614
R304,0.24144228,0.83400595,0.535768,0.8445008,0.8963257
R305,0.76415807,0.7858255,0.561059,0.63200474,0.62956625
R306,0.7522397,1.1782357,1.0179412,1.1154222,1.2601337
R3062,0.0,0.64197904,0.29245496,0.89840806,1.0070311
R3063,0.0,0.50849485,0.31525117,0.7844812,0.8223282
R307,0.36081648,0.87933564,0.7767329,0.966203,1.1083616
R3070,0.0,0.4823362,0.15747169,0.7764569,0.913175
R3073,0.0,0.0,0.0,0.2496888,0.46607965
R3076,0.0,0.29480153,0.3382561,0.76222885,0.9932636
R308,1.1045597,1.2390968,1.1167047,1.1232034,1.150277
R3087,0.4386691,1.7606808,1.5965804,2.0478647,2.3206584
R3088,0.36569375,0.63068783,0.60406446,0.6518881,0.86362284
R3089,0.09916854,1.4671386,1.1122847,1.6062069,1.8054194
R309,0.0,0.0,0.0,0.000975132,0.0
R3090,0.0,0.92787254,0.5498663,1.0660075,1.232936
R3091,0.6468998,1.9939961,1.7350323,2.1507244,2.3572996
R3092,0.0,1.4812349,1.0747193,1.6544003,1.771957
R3093,0.17768657,1.4547201,1.1703582,1.6363778,1.8573978
R3094,0.179497,1.5486991,1.1848096,1.6603813,1.8669572
R3095,0.0,0.5862503,0.044606864,0.65461844,0.6474839
R3096,0.48473036,1.3138223,1.2075319,1.4680939,1.7414272
R3097,0.0,0.6633641,0.21006846,0.64075303,0.6286975
R3098,0.6024676,1.8665655,1.4938852,2.1085677,2.3403082
R3099,0.0,1.3273727,0.86229277,1.464581,1.5492017
R31,0.0,0.72171694,0.031993985,0.71238303,0.6568779
R310,0.5669517,0.9334287,0.8963703,0.9791081,1.1093156
R3100,0.0,0.83984673,0.32404625,0.8532169,0.8671999
R3101,0.0,0.81392837,0.27745652,0.8833351,0.9199675
R3102,0.4318058,1.6877089,1.4288356,1.8631003,2.079486
R3103,0.0,0.32118005,0.0,0.44055977,0.5779285
R3104,0.0,0.701473,0.27552348,0.7207001,0.79681027
R3105,0.8919349,2.0606754,1.8324851,2.2356353,2.5364609
R3107,0.0,0.6028847,0.1387425,0.52819794,0.5019952
R3108,0.0,0.53669983,0.11662835,0.6267519,0.7798063
R311,0.66816366,1.0916342,0.9256198,1.0235006,1.1626668
R312,0.39526767,1.1199203,0.82294375,1.1803542,1.2315261
R313,0.0,0.25479615,0.0,0.1043067,0.0
R314,0.06674546,0.425452,0.0,0.2859698,0.12583181
R315,1.9896853,1.9661875,1.8037798,1.7154368,1.8086901
R316,1.963349,2.1694965,2.0770159,1.9471664,1.9940815
R317,1.4170613,1.5676908,1.4351616,1.4479127,1.4555411
R318,0.59044766,1.1268278,0.9570681,1.2613784,1.3352315
R319,1.4292489,1.4478092,1.3868229,1.2032899,1.2210832
R320,0.0,0.27203113,0.0,0.5240904,0.6430058
R321,0.81582534,1.062085,0.93290806,0.96047544,0.962405
R322,0.0,0.61650985,0.4427201,0.9979863,1.2702469
R323,0.0,0.0,0.0,0.23037732,0.6247253
R324,0.4516648,0.5358204,0.42878222,0.35987547,0.32447684
R325,1.0760599,1.3323863,1.1439242,1.1532097,1.2543213
R326,0.35301754,0.90727913,0.73528254,1.0412192,1.1173801
R327,0.0,0.3806243,0.06988007,0.54308295,0.6104185
R328,1.157333,1.288444,1.1854542,1.2188418,1.2531412
R329,0.6537034,0.86269903,0.703587,0.85734475,0.92846084
R33,0.0,0.0,0.0,0.16667229,0.43846136
R330,0.30170035,0.5150591,0.09202467,0.32956526,0.20248975
R331,0.0,0.24816656,0.01626432,0.19537598,0.09017444
R332,0.7164355,1.144868,0.95513016,1.1296775,1.2835789
R333,1.5273459,1.7469952,1.6229094,1.6041389,1.6876062
R334,0.24988556,0.6757375,0.6138098,0.6352999,0.5008526
R335,2.1564891,2.3757954,2.246801,2.1837041,2.2385583
R336,0.43110555,1.1054245,0.9007152,1.1442477,1.2388041
R337,0.8020383,1.2109956,0.9911536,1.2160821,1.3248329
R338,1.5868597,1.8224211,1.6777639,1.6635045,1.7365062
R339,1.1871568,1.5012261,1.3525196,1.3719456,1.455618
R34,0.0,1.1852052,0.79508424,1.5008045,1.7273396
R340,1.4526615,1.6757805,1.5148708,1.503785,1.6098751
R341,1.6280789,1.8369578,1.7957987,1.6720679,1.7084303
R342,1.1179123,1.437775,1.2722976,1.3043549,1.4089456
R343,1.7074827,1.8184527,1.7977346,1.7187995,1.7480402
R344,1.5770814,1.7598034,1.6258907,1.6205274,1.5951966
R345,1.2924298,1.354219,1.2018394,1.2016687,1.2668778
R346,0.0,0.26070023,0.0,0.37483144,0.4358816
R347,1.5546924,1.7710772,1.6507715,1.6342596,1.7034075
R348,0.0,0.3692181,0.060446918,0.4281162,0.6215471
R349,0.9403211,1.0460247,0.8308931,0.89932567,0.77000654
R35,0.8200001,1.2559729,1.2159232,1.3366327,1.5509658
R350,1.1520395,1.4748368,1.3470578,1.3479832,1.4396044
R351,1.3408563,1.4959598,1.3640397,1.374397,1.4002616
R352,0.36341345,0.44883978,0.29204172,0.23716399,0.18444933
R353,0.0,0.19445771,0.0,0.19889042,0.15767163
R354,1.0552096,1.1560892,0.9183568,0.9999422,1.0095212
R355,0.88807875,1.3068694,1.2135589,1.2163541,1.390954
R356,0.0,0.057534695,0.0,0.3626582,0.5033754
R357,0.0,0.414361,0.0,0.40423468,0.36316782
R358,0.51041734,0.89483035,0.78400314,0.9280085,1.0657351
R359,0.8294497,1.1248336,0.9849515,1.1085961,1.2488897
R36,0.0,0.0445683,0.0,0.5885904,0.994524
R360,0.35043582,1.129163,0.89666307,1.1646798,1.4048061
R361,0.83230454,1.3259184,1.1854097,1.3474623,1.4748619
R362,0.93709034,1.3355017,1.3122073,1.4069484,1.6506917
R363,0.0,0.66919184,0.16439936,0.835559,0.8733069
R364,0.0,0.18716258,0.0,0.4945336,0.62718654
R365,0.0,0.38217625,0.0,0.6614813,0.7642417
R366,0.0,0.49624342,0.14470765,0.9913586,1.3227009
R367,0.0,0.79704213,0.57062805,0.8713624,1.1105136
R368,0.0,0.33541462,0.16754934,0.77895296,1.0862138
R369,0.0,1.0627279,0.7981278,1.4150313,1.5613414
R37,0.0,0.5941123,0.14686689,1.020588,1.3368647
R370,0.8844584,1.2153227,1.084089,1.233577,1.3633093
R371,1.07206,1.6579871,1.47078,1.6599317,1.8347623
R372,0.0,0.47302753,0.0,0.41645733,0.2997265
R373,0.0,0.0,0.0,0.1249487,0.22970618
R374,0.7834804,1.1032226,0.998016,1.147707,1.2641168
R375,0.57529384,0.89071,0.6752419,0.85029596,0.8908611
R376,0.0,0.4122848,0.0,0.43545383,0.4156047
R377,0.0,0.8011862,0.63293576,1.1939715,1.3880101
R378,0.0,0.0874033,0.0,0.39297235,0.51981604
R379,0.7728392,1.2740504,1.1188087,1.2899034,1.4073004
R380,0.0,0.7608162,0.10799044,1.0071515,1.0736603
R381,0.0,0.0,0.0,0.36725938,0.69689715
R382,0.0,0.3160171,0.0,0.32501534,0.27791214
R383,0.0,0.0,0.0,0.18343002,0.39852026
R384,0.0,0.31454226,0.0,0.5240634,0.5773301
R385,0.0,0.47800273,0.0,0.73501503,0.7908236
R386,0.0,0.0,0.0,0.0,0.0
R387,0.0,0.0,0.0,0.0,0.0
R388,0.27609584,1.0043699,0.95887417,1.288127,1.5752223
R389,0.0,0.1975388,0.0,0.23690361,0.16141957
R390,0.0,0.29323518,0.0,0.67165357,0.92001873
R391,0.0,0.6359199,0.022524536,0.910965,0.9947615
R392,0.0,0.32135615,0.0,0.3297177,0.33190385
R393,0.0,0.6589451,0.31167293,0.80691075,0.88174284
R394,0.26637256,0.69348586,0.63144743,0.82812274,0.9851521
R395,0.0,0.6633985,0.34487563,1.032723,1.2850564
R396,0.0,0.16398388,0.0,0.20309937,0.13597801
R397,0.0,0.9916748,0.7150018,1.3442765,1.4959164
R398,0.595414,1.175045,0.9811462,1.2803947,1.5306845
R399,0.0,0.0,0.0,0.43894812,0.775252
R4,0.0,0.71727514,0.21521233,1.0935315,1.3027567
R400,0.0,0.0,0.0,0.0,0.0
R401,1.0390272,1.4285446,1.42341,1.5099998,1.7288306
R402,0.0,1.1388433,0.63227654,1.4729978,1.6720228
R403,0.9135684,1.1966603,1.0149707,1.1568761,1.2037793
R404,0.0,0.7512697,0.47639605,1.1299497,1.3792453
R405,0.0,0.38616616,0.031807005,0.5521897,0.6308232
R406,0.0,0.0,0.0,0.0,0.0
R407,0.0,0.5316211,0.3069682,0.80495596,1.0873489
R408,0.0,0.18964237,0.0,0.05154223,0.0
R409,0.0,0.0,0.0,0.0,0.025534458
R41,0.0,0.21441711,0.0,0.46991277,0.5806929
R410,0.0,0.46796182,0.14460641,0.77944815,0.8900065
R411,0.0,0.71472335,0.5339227,0.8322941,1.0708374
R412,0.9137486,1.3181127,1.2916868,1.3785777,1.5362283
R413,0.0,0.0,0.0,0.12156451,0.18403253
R414,0.0,1.2358965,0.7098571,1.545983,1.7198128
R415,0.0,0.06658915,0.0,0.31229973,0.41391736
R416,0.0,0.0,0.0,0.17731291,0.20230621
R417,0.0,0.15433383,0.0,0.36884585,0.4113636
R418,0.0,1.1087992,0.5949301,1.448586,1.663205
R419,0.0,0.0,0.0,0.0,0.0032947063
R42,0.0,0.1761221,0.027131766,0.6491028,1.0609857
R420,0.7008592,1.1237795,1.1381396,1.2457134,1.4346396
R421,1.0347717,1.397686,1.3131826,1.4495543,1.5944324
R422,0.0,0.100821316,0.0,0.34278387,0.45474818
R423,0.0,0.6575078,0.23683894,0.9134834,1.0707529
R424,0.0,0.93313944,0.4167602,1.1844919,1.2442374
R425,0.0,0.0,0.0,0.0,0.0
R426,0.0,0.0,0.0,0.0,0.0
R427,0.0,0.0,0.0,0.0,0.0
R428,0.0,1.0230291,0.7141384,1.3486098,1.4662918
R429,0.0,0.24568242,0.0,0.45210692,0.5010514
R43,0.0,0.22645983,0.0,0.46660683,0.5044645
R430,0.0,0.8865105,0.5886489,1.2703813,1.4347577
R431,0.0,0.035522968,0.0,0.23541462,0.23994067
R432,0.0,0.33117342,0.0,0.57675195,0.675621
R433,0.0,1.1036371,0.75591195,1.4842724,1.6550524
R434,0.004809916,1.2885685,0.9103683,1.5988609,1.8443549
R435,1.0315051,1.6854827,1.5130599,1.7423432,1.9514136
R436,0.0,0.34625345,0.0,0.5387434,0.5919829
R437,0.59442496,1.0295097,1.0061312,1.1928753,1.3969595
R438,0.43234497,1.0126314,0.83873785,1.0867193,1.3189027
R439,0.0,0.1762998,0.0,0.4688271,0.6049688
R44,0.0,0.9155532,0.47649434,1.2714863,1.4924123
R440,0.92399883,1.2041458,1.0418589,1.1995771,1.3384433
R441,0.0,1.0692066,0.7705767,1.3903593,1.5434785
R442,0.0,1.3391578,0.8669096,1.6110752,1.7792746
R443,0.085199594,0.4165359,0.23104617,0.5149288,0.6664424
R444,0.17542002,0.29134566,0.023034394,0.13883193,0.1314593
R445,0.0,0.8813217,0.6018933,1.1897005,1.3587587
R446,0.6199234,0.9520134,0.7557423,0.97071576,1.1116636
R447,0.059808433,0.48955518,0.34576413,0.57301563,0.73240614
R448,0.51757735,0.8442223,0.7951927,0.9478531,1.0648873
R449,0.0,0.57631445,0.3663092,0.6446429,0.76566213
R45,0.0,0.0,0.0,0.17666468,0.28869432
R450,0.0,0.25518063,0.09908685,0.58208656,0.9631802
R451,0.0,0.17453027,0.0,0.4658104,0.6155245
R452,0.0,0.07852414,0.0,0.14144744,0.1949602
R453,0.0,0.20972192,0.052734613,0.44358742,0.71745634
R454,0.010700583,0.74350107,0.53009874,0.9398812,1.1402388
R455,0.0,0.0,0.0,0.19718699,0.20793481
R456,0.0,0.42900014,0.21502343,0.572378,0.8090663
R457,0.0,1.2448325,0.688619,1.5541954,1.7355318
R458,0.6982408,1.1133857,0.92627454,1.1492957,1.3477106
R459,0.6780901,1.2565985,1.054925,1.3598218,1.6127707
R460,0.09528157,0.68152124,0.46790224,0.80631614,0.9841479
R461,0.72070616,1.0183997,0.8708162,1.0077959,1.1772414
R462,0.0,0.29627633,0.0,0.38416687,0.31449562
R463,0.0,0.0,0.0,0.0,0.0
R464,0.14667518,0.79568386,0.5821683,0.96737933,1.1728536
R465,0.0,1.3185462,0.85719514,1.648584,1.8356514
R466,0.0,0.45111704,0.07660064,0.7019889,0.78746295
R467,0.0,0.51076585,0.14991361,0.7782275,0.8587261
R468,0.0,0.24116674,0.0,0.50487286,0.61217743
R469,0.21938567,0.9285947,0.74115425,1.1055055,1.299576
R470,0.0,0.0,0.0,0.4573673,0.75140595
R471,0.10909815,0.8999539,0.7745973,1.085079,1.3229823
R472,0.0,0.4181018,0.0,0.5915154,0.61243105
R473,0.0,0.27885127,0.0,0.47264814,0.51462066
R474,0.3353431,1.0780015,1.0537951,1.342153,1.6190315
R475,0.0,0.33759534,0.0,0.47396946,0.4454767
R476,0.0,0.5203652,0.04378958,0.7392788,0.8428694
R477,0.0,0.074490905,0.0,0.3664358,0.51066786
R478,0.0,0.51779455,0.22531557,0.91269517,1.1671622
R479,0.0,0.6003649,0.15657642,0.8636615,0.963769
R48,0.0,0.71943235,0.24376854,1.0506208,1.2448523
R480,0.0,0.8215699,0.23910141,1.0950024,1.1941297
R481,0.0,0.40119478,0.0,0.65393543,0.77647793
R482,0.90064234,1.183567,1.0300692,1.1856105,1.319696
R483,0.0,0.6671829,0.05326286,0.612407,0.52461547
R484,0.0,1.2386537,0.81690544,1.5688641,1.7439017
R485,0.0,0.16040707,0.0,0.34390205,0.40331748
R486,0.4562816,1.1016245,0.9201945,1.2396194,1.428291
R487,0.0,0.959098,0.538168,1.2929214,1.5392672
R488,0.0,0.51297355,0.0,0.7733115,0.8714775
R489,0.6483592,1.2706409,1.1306183,1.4073913,1.6231543
R49,0.48611486,0.70984304,0.70691264,0.78559744,0.8780739
R490,0.0,0.58798987,0.3815129,0.6879363,0.8497771
R491,0.0,0.21985365,0.0,0.4219296,0.47435048
R492,0.35347444,1.0840945,0.8649971,1.1551718,1.304061
R493,0.0,0.16334239,0.0,0.49188894,0.67691207
R494,0.018832743,0.11090881,0.0,0.0,0.0
R495,0.5350171,1.0940168,0.8940844,1.1839385,1.4365077
R496,0.26781917,0.8003123,0.6076401,0.86029124,1.0878028
R497,0.0,0.05297941,0.0,0.25772417,0.3310978
R498,0.7583215,1.1051874,0.98044825,1.1319226,1.2577696
R499,0.0,0.33052146,0.0,0.5777592,0.6923874
R50,0.0,0.0,0.0,0.0,0.0
R500,0.58936083,1.0735458,0.89066285,1.1024609,1.2864577
R501,0.29184282,1.1094681,0.8904903,1.2243992,1.4511479
R502,0.0,0.0,0.0,0.0,0.0
R503,0.0,0.57170415,0.030976146,0.8249925,0.9146703
R505,0.21594904,0.67485976,0.60430515,0.85159177,1.062917
R506,0.0,0.21335518,0.0,0.21803951,0.16169438
R507,0.0,0.42404473,0.10602108,0.6586068,0.67775154
R508,0.2614258,1.0615573,0.8785386,1.1870714,1.4235017
R509,0.90470594,1.5138946,1.3383995,1.5500572,1.7291709
R51,0.0,0.7956934,0.21504402,1.0367266,1.1218684
R510,0.0,0.7224585,0.39770672,1.0673327,1.2631465
R511,0.0,0.75024784,0.5411598,0.84304774,1.0927758
R512,0.0,0.0,0.0,0.0,0.0
R514,0.8917873,1.2044537,1.0501621,1.2084348,1.3839204
R515,0.70611036,1.131702,1.1434515,1.2751497,1.445045
R516,0.0,1.191797,0.7991407,1.5137719,1.7120682
R517,0.0,0.5595679,0.0,0.5876157,0.5929043
R518,0.0,0.81298363,0.27634645,0.70839196,0.6509332
R519,1.3483884,1.4633198,1.5229826,1.5939754,1.7856157
R520,0.0,0.7346986,0.24698447,0.67635524,0.71831363
R521,0.4542718,0.42983836,0.3135571,0.3512838,0.3925689
R522,0.0,0.5756446,0.0,0.6068451,0.60505545
R524,1.2745473,1.1861047,1.2188216,1.136309,1.2416143
R525,0.5416367,1.5374514,1.6189654,1.9558043,2.276516
R526,0.6140169,1.1912336,1.327671,1.5367081,1.8488154
R528,0.571272,0.6486,0.64148283,0.7399443,0.8846791
R529,1.8223221,1.9098792,1.9914186,1.9994059,2.2028275
R53,0.0,0.37059182,0.0,0.6316649,0.7279659
R530,1.3565668,1.7012691,1.6183724,1.7034317,1.9468272
R531,0.017302372,0.9744925,0.41997725,0.858809,0.7478516
R532,0.0,0.65252364,0.1705869,0.6154295,0.664956
R533,0.14103566,1.0568539,0.5128402,0.9231135,0.9227582
R534,0.49411327,1.3131558,0.9223348,1.3811378,1.439126
R536,0.65322936,2.0152707,1.5518409,2.149201,2.2720027
R537,0.22149634,0.4295584,0.08435747,0.24893418,0.17188346
R538,0.2464166,0.32008794,0.23707187,0.28888845,0.36173186
R540,1.3502238,1.4605944,1.5270506,1.589447,1.7937983
R541,1.7613411,1.9932432,1.9243611,1.9609504,2.0944073
R542,0.0,0.0,0.0,0.0,0.0
R544,0.9078129,2.3369362,1.8449447,2.411129,2.4934895
R545,0.32211602,1.6171238,1.2832829,1.878133,2.0153368
R546,0.0,0.3927918,0.0,0.35911804,0.25492978
R547,0.0,0.9596853,0.4724114,1.083111,1.1515146
R548,0.0,0.0,0.0,0.0,0.0
R549,1.5078735,1.997836,1.8745422,2.0561051,2.2272592
R55,0.796081,1.4713843,1.2520823,1.5480226,1.692381
R551,1.007159,2.187549,1.9880033,2.332066,2.631989
R552,0.0,0.3719062,0.0,0.3475988,0.26730034
R553,0.22676426,1.1467093,0.6294177,1.0647166,1.0686972
R554,0.6556246,1.588795,1.0796205,1.5040913,1.4604309
R555,1.5505273,1.6431175,1.6402154,1.6462586,1.7411357
R556,0.035726562,0.94331443,0.44201744,0.8412876,0.871664
R557,0.6657964,1.8967781,1.6029932,2.1942182,2.4773848
R559,0.65164447,1.8006356,1.2260135,1.7407377,1.6350925
R56,0.0,1.3918016,0.9039759,1.716908,1.8672751
R560,0.49985337,0.8857299,0.98951983,1.1742665,1.5769913
R561,0.006295562,0.16375583,0.0,0.054144055,0.0
R562,0.0,0.64588845,0.18538363,0.8769907,0.95293045
R564,0.0,0.1139344,0.0,0.26640797,0.3494755
R566,0.0,0.759969,0.33892483,0.990385,1.1219339
R57,0.38973945,0.827653,0.778424,0.95765704,1.1593255
R570,0.0,0.748635,0.27291,0.9336374,0.9803207
R571,0.0,0.70229745,0.24439073,0.9458494,1.0646125
R572,0.0,0.9280032,0.789257,1.4457489,1.7450206
R573,0.0,0.24853118,0.0,0.36552417,0.41861534
R576,0.0,0.29010007,0.14252302,0.56867605,0.7783427
R577,0.0,0.2591604,0.0,0.594074,0.8169891
R578,0.0,0.30737448,0.0,0.49311298,0.60787493
R579,0.0,0.5321297,0.2233814,0.882526,1.035724
R581,0.0,0.8716271,0.40745115,1.1050866,1.2198333
R582,0.0,0.06507629,0.0,0.15757382,0.18941446
R583,0.0,0.19397324,0.0,0.52135813,0.742818
R584,0.0,0.57838774,0.24933931,0.93282175,1.0784651
R586,0.0,0.34729314,0.0,0.5016979,0.58712316
R587,0.0,0.2831792,0.0,0.43974376,0.5192339
R588,0.0,0.31267276,0.1231657,0.7790154,1.0345886
R59,0.0,0.3813022,0.021723509,0.7563062,1.096956
R590,0.0,0.6267848,0.57663095,1.05058,1.3785365
R593,0.0,0.3357167,0.0,0.5445077,0.5880676
R595,0.0,0.3225516,0.010614142,0.73490036,0.9725634
R597,0.0,0.39070553,0.07790655,0.75208414,0.9625325
R598,0.0,0.7424339,0.58367467,1.142293,1.3722988
R599,0.0,0.19562078,0.0,0.3464694,0.37317646
R6,0.0,0.4509709,0.0,0.6525681,0.68917316
R601,0.0,0.30429327,0.0,0.47562924,0.5623063
R606,0.0,0.41065133,0.13242945,0.74448043,0.9599713
R607,0.0,0.092725724,0.0,0.39918116,0.603872
R608,0.0,0.32307458,0.10857043,0.662449,0.9053525
R609,0.0,0.67589283,0.60246813,1.06587,1.3647904
R61,0.0,0.966153,0.5564523,1.39799,1.7051474
R612,0.0,0.62565464,0.6617805,1.1256708,1.4318826
R614,0.0,0.36030266,0.16761395,0.8220422,1.0774597
R615,0.0,1.0699737,0.7122629,1.4276204,1.7381781
R618,0.0,0.5291991,0.19065168,0.9273894,1.2798356
R619,0.0,0.83077294,0.3551512,1.0302795,1.1444252
R62,0.0,0.88007617,0.2539057,1.0775058,1.0913095
R620,0.0,0.0,0.0,0.0909518,0.12662117
R621,0.0,0.11179447,0.0,0.273053,0.3678819
R623,0.0,0.88777864,0.56058437,1.241847,1.5733151
R624,0.0,1.1047823,0.7787992,1.4965775,1.7488683
R626,0.0,0.85806024,0.36224106,1.0175195,1.0161141
R627,0.0,0.5255401,0.39251205,0.8736943,1.1586227
R629,0.0,0.0,0.0,0.0,0.018764958
R63,0.0,0.121612564,0.0,0.5603298,0.90322506
R630,0.0,0.6119783,0.33628744,0.8592246,1.025596
R631,0.0,0.14457002,0.0,0.2310248,0.26743418
R633,0.0,0.95882076,0.63441133,1.3022712,1.6209468
R635,0.0,0.661981,0.22442862,0.8486521,0.8888443
R638,0.0,0.85450757,0.7974372,1.2872024,1.5867516
R64,0.0,0.2734513,0.0,0.7664316,1.1242338
R642,0.0,0.6647776,0.48498043,1.0547644,1.2719631
R645,0.0,0.46045125,0.01150246,0.547845,0.54618526
R646,0.0,0.6741911,0.19466677,0.8800885,0.9914205
R647,0.0,0.43042874,0.0,0.5324598,0.53520554
R648,0.0,0.33857447,0.2908892,0.61679566,0.7993487
R649,0.0,0.7122472,0.38119018,1.0742825,1.2865778
R65,0.0,0.37998718,0.11482902,0.44591227,0.6149111
R651,0.0,0.8852742,0.7085982,1.3151972,1.5999899
R653,0.0,0.02396077,0.0,0.15885147,0.19262773
R655,0.0,0.56613517,0.43433657,0.99404806,1.2501111
R659,0.0,0.5254258,0.363017,0.91388303,1.1278003
R660,0.0,0.49282154,0.12699783,0.85044134,0.97899127
R663,0.0,0.8139994,0.48375306,1.1829617,1.5006231
R664,0.0,0.3763159,0.08114305,0.7487074,0.9547967
R665,0.0,0.4535631,0.11961612,0.76675403,0.8485763
R666,0.0,0.9556241,0.74941677,1.3218973,1.58652
R667,0.0,0.49223477,0.0,0.641405,0.65520555
R668,0.0,0.51196134,0.28689227,0.92690086,1.2143114
R669,0.0,0.46991718,0.28264362,0.79720604,1.1998743
R67,0.0,0.0,0.0,0.1813912,0.47896463
R670,0.0,0.84430254,0.66327137,1.2399578,1.5039616
R671,0.0,0.71596205,0.4531898,1.078437,1.3190885
R672,0.0,0.8100261,0.53599596,1.2087791,1.4596869
R673,0.0,0.26039332,0.0,0.5185048,0.7327732
R674,0.0,0.5056312,0.13170338,0.7494227,0.87878364
R675,0.0,0.5785017,0.38888022,1.0013478,1.2883564
R676,0.0,0.6437851,0.32468462,0.97722757,1.1790214
R677,0.0,0.0,0.0,0.3464462,0.7602627
R678,0.0,0.6538305,0.3354265,0.9616463,1.1221052
R679,0.0,0.6281958,0.44575438,1.0465463,1.3631961
R68,2.3599386,2.5548933,2.3101096,2.3045282,2.347542
R680,0.0,0.8152997,0.58396405,1.101091,1.466738
R681,0.0,0.30957878,0.4785367,0.79157186,1.138175
R683,0.0,0.8882098,0.64364946,1.2786119,1.5712153
R684,0.0,0.17186305,0.0,0.41200697,0.5388982
R685,0.0,0.9178972,0.687719,1.3608335,1.6969476
R686,0.0,0.09666881,0.0,0.22343376,0.28317106
R687,0.0,0.731127,0.63814116,1.1519926,1.4541379
R688,0.0,0.729967,0.41223398,1.108683,1.2657298
R69,0.9473118,1.9790726,1.5889316,2.0257874,2.0846474
R690,0.0,0.6656166,0.4471905,1.0280879,1.2622827
R691,0.0,0.3809116,0.01735793,0.62412083,0.7571593
R692,0.0,0.66141313,0.48323244,1.1144354,1.4053514
R694,0.0,0.70841193,0.38792366,1.0438608,1.2275022
R697,0.0,0.5979789,0.4633993,1.0801501,1.4310817
R698,0.0,0.48233846,0.32984796,0.8981371,1.2160023
R699,0.0,0.7672912,0.6085371,1.208651,1.5234824
R7,0.0,0.0,0.0,0.0,0.0
R70,0.0,0.6340898,0.0,0.30820104,0.11113037
R700,0.0,0.5770234,0.20912851,0.92957485,1.0582716
R701,0.0,0.30956966,0.47571844,0.7959713,1.1478235
R702,0.0,0.74401575,0.47053197,1.0928043,1.3434677
R703,0.0,0.8691581,0.685149,1.3010346,1.6120142
R704,0.0,0.06442112,0.0,0.3105744,0.45741427
R705,0.0,0.0,0.0,0.18211749,0.55525464
R706,0.0,0.6626702,0.80837953,1.1252326,1.4032742
R707,0.0,0.8657954,0.60072064,1.1394817,1.4658936
R708,0.0,0.47657433,0.313816,0.8593368,1.1006733
R709,0.0,0.24683058,0.0,0.42835906,0.46260804
R71,0.53040594,1.7977923,1.414804,1.9822631,2.1223485
R710,0.0,0.81212753,0.6448132,1.2442703,1.5730644
R711,0.0,0.25340015,0.09825635,0.68611526,1.0131135
R713,0.0,0.658526,0.33982813,1.0334907,1.1901624
R714,0.0,0.1507993,0.0,0.43922433,0.6116119
R715,0.0,0.7674068,0.5863402,1.1876686,1.5104877
R716,0.0,0.20482308,0.0,0.44496644,0.5581533
R717,0.0,0.6816182,0.39961374,1.0915315,1.3059158
R718,0.0,0.20771343,0.0,0.37742454,0.46942592
R719,0.0,0.59474057,0.44696283,0.99651283,1.252895
R72,0.9000398,2.0033147,1.5063401,1.9692838,2.0486078
R720,0.0,0.5031544,0.025689974,0.71184134,0.77098775
R721,0.0,0.45451343,0.15262604,0.7926738,1.0137119
R722,0.0,0.80416864,0.66478634,1.230154,1.5354596
R723,0.0,0.26609343,0.0,0.40881327,0.46915984
R724,0.0,0.29722026,0.0,0.42763782,0.4664216
R725,0.0,0.7404938,0.6079003,1.2073448,1.5200894
R727,0.0,0.028732538,0.0,0.39147097,0.59970784
R729,0.0,0.6909933,0.5092678,1.1388005,1.4354936
R73,1.180509,2.5742564,2.1512802,2.6979918,2.8883362
R730,0.0,0.46130243,0.08065499,0.6936734,0.81799144
R731,0.0,0.19746813,0.0,0.43281406,0.5942724
R732,0.0,0.7025836,0.37862432,1.0002255,1.1944097
R733,0.0,0.0698683,0.0,0.28067058,0.4173231
R734,0.0,0.31224933,0.0,0.57005215,0.6511002
R735,0.0,0.36340368,0.0,0.609464,0.80760336
R736,0.0,0.13331118,0.0,0.35429627,0.47201464
R738,0.0,0.54917574,0.26446408,0.89221925,1.1311044
R739,0.0,0.0752666,0.0,0.20477462,0.1739797
R74,0.19642103,1.4270159,1.0147693,1.5573634,1.5382816
R740,0.0,0.3147012,0.0,0.44855642,0.51715225
R741,0.0,0.6263408,0.29197162,0.9217483,1.0933416
R742,0.0,0.44403553,0.2311242,0.7669145,1.1757898
R743,0.0,0.31181055,0.08592899,0.56977516,0.7822708
R744,0.0,0.041778147,0.0,0.20607084,0.29051167
R746,0.0,0.5358398,0.2626146,0.9099654,1.0788091
R747,0.0,0.2815163,0.0,0.42507315,0.4840764
R748,0.0,0.720688,0.59001726,1.2186863,1.5084163
R749,0.0,0.3678021,0.16647705,0.71270823,1.1229055
R75,0.8786053,2.1831036,1.862332,2.4103491,2.5567446
R751,0.0,0.70652556,0.5147009,1.1878055,1.5319502
R752,0.0,0.05046314,0.0,0.26281822,0.38305306
R753,0.0,0.6338229,0.4756225,1.0813646,1.3938518
R754,0.0,0.5850667,0.40165657,0.97460985,1.2102487
R755,0.0,0.33949757,0.0,0.52516466,0.5674711
R756,0.0,0.5406803,0.18462726,0.70604646,0.69795936
R757,0.0,1.0038191,1.0754458,1.4414625,1.8414855
R758,0.0,0.06414938,0.08314339,0.49404868,0.71580815
R759,0.0,0.757901,0.56890357,1.1526732,1.4059839
R76,0.5747594,1.4434513,0.9785772,1.3411895,1.3665311
R760,0.12384698,1.3838692,1.272694,1.8646162,2.1871564
R761,0.0,0.43859833,0.15490334,0.8140476,1.1031857
R762,0.0,0.101462394,0.0,0.48063818,0.7023824
R763,0.0,0.80415654,0.6021615,0.9688009,1.1959512
R764,0.0,0.20353915,0.0,0.40185755,0.45785928
R766,0.05895938,1.2227747,0.9696281,1.6201626,1.9344678
R767,0.0,0.041741535,0.0,0.17371249,0.15592222
R768,0.28677717,1.5457006,1.1516349,1.816675,1.9366558
R769,0.0,1.13077,0.5964007,1.2433916,1.2527001
R77,1.9480511,2.3508618,2.1958542,2.228608,2.3206189
R770,0.0,0.7152804,0.42564568,0.9791497,1.1789213
R771,0.0,0.37317583,0.17609626,0.7095761,0.9911804
R772,0.0,0.39797246,0.032440305,0.52761006,0.5169878
R773,0.0,1.0051097,0.526364,1.1572192,1.2175971
R774,0.0,0.10265851,0.0,0.31396425,0.40352026
R775,0.0,0.527641,0.21934108,0.81266224,1.0179379
R776,0.0,0.9379687,0.6161227,1.185941,1.4258752
R778,0.0,0.8849238,0.8019556,1.3287717,1.6067194
R779,0.09490591,1.3354722,0.95355856,1.6208287,1.7689023
R78,0.26983935,1.2654245,0.95171547,1.4694401,1.6969795
R780,0.0,1.2414957,1.1223733,1.6945626,1.9984319
R782,0.0,0.6756363,0.5841589,1.1457686,1.4485211
R784,0.0,0.5858047,0.5093165,0.9757975,1.2723538
R785,0.0,0.98917925,0.57077396,1.1547321,1.2349081
R787,0.0,0.9350399,0.47903472,1.078165,1.1013969
R788,0.0,0.0,0.0,0.35234353,0.5955764
R789,0.0,0.14780447,0.0,0.33836883,0.43284753
R79,1.1520046,2.5646784,2.1663122,2.7164605,2.8398879
R790,0.0,0.47756425,0.09285003,0.75685894,0.8969291
R791,0.0,0.7476293,0.54145753,1.0829593,1.3334042
R792,0.0,0.7502283,0.33077985,0.838451,0.82745683
R793,0.0,0.46388513,0.030620396,0.7523987,0.88786554
R794,0.0,1.2168391,0.8639422,1.513058,1.6312733
R795,0.0,0.8493863,0.33003384,0.9862484,0.98303235
R796,0.0,0.77633786,0.5491945,1.0028741,1.2851444
R797,0.0,0.37151715,0.00052697957,0.6216956,0.81307125
R798,0.0,0.97017694,0.8203695,1.3261223,1.7424225
R799,0.0,0.29487082,0.0,0.6731555,0.9061204
R8,0.0,0.7064655,0.044548273,0.93737733,0.98794234
R80,0.70491165,1.8525869,1.4441724,2.0181956,2.090318
R800,0.0,0.33947363,0.0,0.6271998,0.73921156
R801,0.0,1.0992777,1.0302683,1.453623,1.755978
R802,0.0,0.8759111,0.406343,1.0070007,1.0950427
R803,0.0,0.63614255,0.2743707,0.8979607,1.117237
R804,0.0,0.30150992,0.0013536811,0.6548125,0.87654465
R805,0.0,0.63553107,0.33797085,1.0676625,1.3153433
R806,0.0,0.73406875,0.40406507,0.9934342,1.2245634
R807,0.0,0.4697733,0.026548237,0.74857086,0.8343253
R808,0.0,0.0,0.0,0.34034452,0.64608926
R809,0.0,0.8115681,0.58550566,1.2388737,1.517621
R81,0.65559816,2.0133893,1.5821105,2.1257582,2.2941217
R810,0.0,0.8108095,0.60436887,1.0404619,1.3152277
R812,0.0,0.16188516,0.0,0.53048325,0.86057323
R813,0.0,0.6947384,0.5189702,1.1111635,1.3221531
R814,0.0,0.5014608,0.098927066,0.67627996,0.6135244
R815,0.12095721,1.2634938,1.2747555,1.7130822,2.0929668
R816,0.0,0.92681855,0.7735361,1.4082756,1.7625128
R817,0.0,0.8464187,0.53954554,1.1910837,1.3878431
R818,0.0,0.8560602,0.5229962,1.2323415,1.3599535
R819,0.0,0.31165308,0.0,0.54601353,0.7334341
R82,0.15247357,1.4646219,1.1293755,1.63186,1.7288936
R820,0.0,0.8701736,0.92507833,1.2902689,1.6840078
R821,0.0,0.60039896,0.3517108,0.9988874,1.3154782
R822,0.0,0.8123156,0.47568756,1.0129181,1.2150638
R823,0.0,0.8372551,0.25822476,1.0341693,1.0068737
R824,0.0,0.87242484,0.7737143,1.3665031,1.7184294
R825,0.0,0.5880865,0.4404024,0.9379033,1.2328818
R826,0.0,0.957145,0.51875246,1.1446669,1.2218902
R827,0.0,0.8253031,0.38667893,1.0157938,1.0938311
R828,0.0,1.0023321,0.86082786,1.5220376,1.8475745
R829,0.09472954,1.2572023,1.0786657,1.6689723,2.0142453
R830,0.0,0.67085475,0.2653492,0.838743,0.9505435
R831,0.2441597,1.5306072,1.2104683,1.8361391,2.062773
R832,0.0,0.840069,0.74036396,1.2009221,1.5207963
R833,0.0,1.0247506,0.8398423,1.390399,1.7023166
R834,0.0,0.4484411,0.079464436,0.6763042,0.8356265
R835,0.0,0.5375579,0.21292558,0.7511262,0.73468715
R836,0.15620857,1.3495178,1.0773847,1.7430332,2.0332768
R837,0.0,0.5222062,0.3485364,0.9274846,1.1487882
R838,0.0,1.1499407,1.1629531,1.5900096,1.9269646
R839,0.0,1.2131377,1.1215276,1.7104406,2.0662398
R840,0.0,0.45771897,0.017838717,0.56409603,0.53741485
R841,0.0,0.4392583,0.2997834,0.84114283,1.162049
R842,0.0,0.89854765,0.43732315,1.1637758,1.2046437
R843,0.0,1.0663118,1.0307615,1.603952,1.9276588
R845,0.0,0.8047085,0.5049021,1.1177261,1.3437395
R846,0.0,0.9017907,0.6067245,1.2734437,1.3981454
R847,0.0,0.6762058,0.35563436,0.9356934,1.1602026
R848,0.0,0.8431845,0.6927968,1.3682405,1.6827381
R849,0.0,1.1683887,0.80241597,1.409234,1.544487
R850,0.0,0.6071873,0.5483865,0.8963414,1.2307973
R851,0.0,0.22555324,0.0,0.5318167,0.65468544
R852,0.0,0.6959766,0.28874627,0.78083265,0.78450555
R853,0.0,0.56119317,0.18926641,0.8296812,1.0417714
R854,0.0,0.7224612,0.36009693,0.98088264,1.1243987
R855,0.0061285496,1.039367,0.59044385,1.3152022,1.3345046
R857,0.0,0.76376414,0.5167862,1.041326,1.0591251
R858,0.098036826,1.1961663,0.8390194,1.5114567,1.827378
R859,0.4112661,1.3917966,1.1257763,1.6227882,1.805021
R86,0.0,0.58655965,0.52871245,1.0404611,1.344874
R860,0.0,0.96427107,1.0112629,1.4592433,1.8209345
R861,0.0,0.62535846,0.3464346,0.8652992,0.87463826
R862,0.0,1.0459012,0.83806944,1.6520759,2.0162244
R863,0.538417,0.8319018,0.44038683,0.7512776,0.63855076
R865,0.31727546,1.5065229,1.2735833,1.941597,2.312763
R866,2.3996634,2.6976726,2.5494132,2.5327678,2.63119
R867,1.0131302,2.181934,1.8836484,2.4080448,2.667056
R868,0.0,1.1106846,0.6542001,1.4056944,1.4645722
R869,0.0,1.0493476,0.5836206,1.3182695,1.37479
R870,0.0,0.9315325,0.8822838,1.6238129,2.0027566
R871,1.4113076,2.0678391,1.4986688,1.9601676,1.7608917
R872,0.0,0.9900471,0.9284712,1.5780479,1.9627551
R873,0.09550676,1.2656186,1.0649658,1.7500479,2.1302273
R874,0.29732835,1.4743581,1.2979527,1.7334871,2.0692453
R876,0.0,1.0516942,0.6376803,1.4110848,1.4664037
R878,0.12012333,1.3813107,1.0483048,1.7139518,1.9651611
R879,0.0,0.8856057,0.6450628,1.4701501,1.8110709
R880,0.59280497,1.5142969,1.2219272,1.6351768,1.8378786
R881,0.06600933,1.2025276,0.73550296,1.480774,1.5185535
R882,2.5531838,2.5458937,2.3454463,2.354507,2.3513117
R883,0.9597609,2.0443487,1.6577572,2.309539,2.3986697
R884,0.0,0.8274336,0.56329286,1.139471,1.1421835
R886,1.0860832,2.0400865,1.5975592,2.0659833,2.0229948
R887,1.2273154,2.0112886,1.6826478,2.0223937,2.161087
R888,2.6619186,2.72696,2.4058244,2.4694176,2.3849797
R889,1.8954325,2.5899348,2.3425264,2.6008174,2.7652707
R890,1.7632067,2.320413,1.7614621,2.012457,1.8133957
R891,0.0,1.1095424,0.5890124,1.3862454,1.3719783
R892,2.773932,2.9077024,2.6882074,2.6902328,2.7599041
R894,0.0,1.0441864,1.0254748,1.6410518,2.0329547
R895,2.1943145,2.510696,1.9668162,2.2160172,2.0586514
R896,0.17063385,1.3662248,0.97748756,1.6781347,1.9355755
R899,0.0,0.50341046,0.27866018,0.76321447,1.0321769
R9,0.0,0.58820236,0.10524011,0.8244592,0.9318886
R90,0.0,0.56229377,0.14608492,0.9033082,1.1749805
R901,1.7115669,2.8317769,2.3329039,2.9057627,2.928062
R902,0.65797347,0.9730581,0.48817864,0.86812085,0.72493595
R903,1.3010793,1.8055732,1.290672,1.6838679,1.5141342
R904,0.1065495,1.404342,1.1087073,1.8610613,2.1751227
R905,0.7487012,1.8310215,1.4338005,2.0480905,2.1382174
R907,0.33396578,1.0412138,0.86170673,1.222875,1.4495428
R909,1.0739781,2.3877454,2.0495791,2.6667345,2.887601
R910,0.080216646,0.916475,0.62528,1.1877234,1.2138133
R911,0.26586717,1.0357844,0.6291003,1.2330621,1.2963213
R912,0.4743681,0.7975493,0.44810283,0.8538511,0.7388756
R913,0.0,0.7349973,0.3753539,0.9281038,0.92738765
R914,1.1861694,2.4965923,2.142257,2.8587093,3.0840874
R916,0.30209136,1.0070269,0.8378501,1.1960634,1.4343913
R917,0.031683862,1.3333867,1.045243,1.8140869,2.1264012
R919,2.6872954,3.4508512,3.1497803,3.3714094,3.5020103
R92,0.0,0.0,0.0,0.0,0.0
R920,0.0,0.8305605,0.5151413,1.1378661,1.2878784
R921,0.0,1.110081,0.5612034,1.3561277,1.3158157
R922,0.108822584,1.4088584,1.0184009,1.6722114,1.9068406
R923,0.8752478,1.4534777,1.3301806,1.5223814,1.7737346
R924,0.06457865,1.2048727,0.7338138,1.5399162,1.5496335
R925,0.5641863,1.108973,1.0663681,1.2892574,1.5738827
R927,0.0,1.017773,0.7692864,1.328193,1.6251862
R928,0.30264723,1.3131042,0.96886325,1.4102174,1.6147256
R930,0.9019741,1.2093542,0.68736553,1.0768445,0.92692
R931,1.6255343,2.2628424,2.040532,2.2252297,2.2808418
R932,0.6375612,1.1261319,0.6145839,1.0643715,0.92425287
R933,0.0,1.0622358,0.6138861,1.3220886,1.4097149
R934,0.47972414,0.7948618,0.3292174,0.6970316,0.56866735
R936,0.4443955,1.4243935,1.0077041,1.5103747,1.451182
R937,0.82032764,1.3777068,1.0526023,1.5088027,1.4555134
R938,0.034214303,0.9525385,0.62042654,1.1257453,1.0979867
R940,0.5447027,1.6948332,1.3146464,1.8484421,2.1168654
R941,0.033189774,1.1275234,1.1005688,1.6416538,2.0345526
R942,1.5228653,2.649056,2.3191726,2.892731,3.026014
R944,1.0662763,1.405379,0.97580516,1.2296852,1.1229057
R945,2.3843832,2.897047,2.6018066,2.7165375,2.7671485
R946,0.2501285,1.3478055,1.0717279,1.6315714,1.8404211
R947,0.8993148,1.5433615,0.995528,1.4364462,1.2801521
R948,2.3655934,3.2480826,2.9618173,3.2524767,3.426262
R949,2.8422484,3.133707,2.6256795,2.852123,2.5957222
R950,0.0,0.93741035,0.7977097,1.4726835,1.7887852
R951,1.4379175,1.7523918,1.3517269,1.6144298,1.4668086
R952,0.8847459,1.8288643,1.5061543,1.9162738,2.0918825
R953,0.09188467,1.2270886,0.78270006,1.5590516,1.5868539
R954,1.1129556,2.3044329,1.9466622,2.4195318,2.652366
R955,0.0,0.6573377,0.30166525,0.8482356,0.87991387
R956,2.3045938,2.790208,2.6643791,2.7553725,3.0169559
R957,0.0,1.0402945,0.9318006,1.6745722,2.07298
R958,0.0,0.6528722,0.74760526,1.3074746,1.634418
R96,0.0,0.0,0.0,0.0,0.0
R962,0.0,0.6097249,0.42804495,1.0396694,1.3685087
R963,0.0,0.99631107,0.94383323,1.4302821,1.727083
R966,0.0,0.0,0.0,0.089683264,0.2222985
R970,0.0,0.44222447,0.36236462,0.8814527,1.2233752
R972,0.0,0.19295394,0.0,0.5548234,0.8250767
R973,0.0,0.84060305,0.5549158,1.2114583,1.4768702
R974,0.0,0.14145723,0.0,0.423208,0.6516233
R977,0.0,0.9641439,0.8409076,1.3945687,1.7002726
R979,0.0,0.76820695,0.6601744,1.2232574,1.5348401
R980,0.0,0.65013444,0.33161575,0.94754547,1.129306
R982,0.0,0.39704865,0.13611224,0.7765857,1.081056
R985,0.0,0.0,0.0,0.18454292,0.35044134
R989,0.0,0.37660226,0.035400286,0.6511836,0.84933096
R990,0.0,0.73987484,0.48421544,1.1188034,1.4304038
R992,0.0,0.11839372,0.0,0.39108995,0.5788772
R995,0.0,0.04051444,0.0,0.29321253,0.42327058
R999,0.0,0.50796837,0.24330425,0.86740917,1.145394
