region_id,pred_week1,pred_week2,pred_week3,pred_week4,pred_week5
R1,0.6570133555049515,0.2889753404598583,0.2750061034565725,0.3352860050060849,0.5277149629166358
R1001,1.5304677687303136,0.7502239836537683,1.2237753549995845,1.2960463808259695,1.582683704212847
R1002,0.5807500493182024,0.3996946752368447,0.84956805932057,0.887170156156314,1.1839799738364494
R1005,0.9507050592060957,0.954027643366963,1.0589793355695263,0.9382603560521422,1.3340747617165263
R1006,1.3386282606133506,1.2320874595198756,1.2762182274055114,1.1300586398695502,1.7465340786037558
R1007,0.5732917216975542,0.928449266350521,0.47723744051374223,0.519556729678551,0.4390335765949583
R1009,0.5647593772273243,0.35699663552849226,0.5535647204533377,0.28118681659363465,0.3829463479373346
R1011,1.1229846762433195,0.942586719953841,0.9618983288339107,0.8622701949928698,1.4037414502642316
R1012,1.1563850222541059,1.2012241538985173,1.327612859688522,1.414532383398308,1.7470385403768323
R1014,1.4856625556677254,0.815853513259046,0.9149059753398652,0.6277586314757719,1.0207562580880585
R1015,1.1532272246053916,0.9846898329437597,1.1512859937373312,0.7611811700323555,1.0606275587578073
R1017,0.7962180509070137,0.7164817646505737,0.5690096731754541,0.5427159828470748,0.5011246497997381
R1019,0.6221828595777179,0.4912864498719262,0.5695015958034663,0.5611664604746652,0.35575095665317924
R1020,0.46925347195024786,0.6796256596598744,0.40536405195125363,0.6045112117504371,0.36372318896711164
R1021,0.7277233874711749,0.38239685871386114,0.5359651028683049,0.4423934514871071,0.6043965226365186
R1022,0.8748064216317851,0.5023554731179835,0.6716661582416501,0.5225768292712182,0.4769643902900686
R1024,1.2426826806678635,0.5992359005731066,0.9241542226651188,0.7386971324227048,0.8593297782569383
R1025,0.6694287809296681,0.5763623666711235,0.4190206475033651,0.5525395396452875,0.5618858734516844
R1026,0.5975256877967151,0.45394876505442133,0.5594671308393584,0.5488618761550474,0.36518014529059944
R1028,1.5919311339398772,1.4380824162622743,1.4632086621731633,0.8660367679582827,1.6200490237338163
R1032,1.053747826208409,1.1747761950920619,1.0623683524506615,1.2777243099825208,1.704837166689
R1034,0.6869373069593838,0.4826386457276681,0.8652797353778722,0.4043129243628074,0.677349603922279
R1035,1.320678636671271,0.6029280552320249,0.8894681428411872,0.612024835733251,0.8704657198137299
R1036,0.9746981570141585,1.021780496277549,1.2656135264528792,0.8639108971370789,0.9251118768074018
R1037,0.7798148015716568,0.7422853869912069,0.9841765590965034,0.6212876984911503,0.7533809957201519
R1041,1.2888352488560821,1.0859558327229808,1.2095574345402325,1.156656557649061,1.2856866914698546
R1042,1.237215369879653,0.5666892281195725,0.9117711973788746,0.8180585269064847,0.9221917649751098
R1046,0.9032281160452855,0.6035188471439039,0.8860217509253275,0.6962227466939904,0.7900695956898622
R1047,1.0395446954129006,1.0000311588158903,1.0102587962388088,0.9185948739498544,0.9397562204337924
R1048,0.7461522974369289,0.5283023536328503,0.8180559490180757,0.39293429483121417,0.6056120793993793
R1049,0.76642517412518,0.7231812125197881,0.9980406033822099,0.6630988277844895,0.7308648663734467
R1051,0.7002508983824106,0.3353030181531504,0.7186530407269806,0.44736893869383193,0.45689161011499185
R1052,1.689425781844774,1.445818262259335,1.347093197156583,1.290365483395567,1.9823851953195224
R1053,1.1344374219666116,0.6116936129017758,0.8408978834435503,0.6421975239733343,1.3531842383784307
R1054,0.713034458037184,0.4658611192793308,0.6150693813196736,0.5300001749404892,0.4424734090568796
R1056,0.998584533281786,0.8851879537760917,0.7402847353337626,0.8884234200501236,0.7082349233877683
R1057,0.6438584036968732,0.46922120577031706,0.560478125641699,0.5516507208356609,0.4616717323947004
R1058,0.7743587599946792,1.012176292403571,1.2120394456375674,0.8397370883060092,0.8794751053874714
R1061,0.8826080804324302,0.48512339806910515,0.6470892085645474,0.5287220721052862,0.5366277241731667
R1065,0.8663825214859114,1.0304654213908062,1.1099156233668468,0.8412070724279129,1.224470529819482
R1067,0.9276569123153938,1.0331025770220106,1.0925778197990947,0.8163869947602599,1.2348521511720865
R1069,0.7377276238212838,0.47893075051467454,0.827839137258009,0.44612373934157473,0.5189242957215967
R1071,1.3604503500518272,0.8303115046251225,1.2972171861255382,1.155056859182024,1.7532448576862711
R1074,0.7862583895848075,0.7491051342117893,0.9917638258287922,0.6241389652204673,0.7355702302483198
R1077,0.4542132119681005,0.5289101960846807,0.44881224839842887,0.4646345892801078,0.2197923998790051
R1078,0.858604336177473,0.6734123956667686,0.5377473465603662,0.5940148852022915,0.4013386142246049
R1079,1.1291976123880227,0.6970021068087823,0.7887504014560557,0.5490253784111144,1.2481867371322126
R1080,0.17924305792863165,0.0759018765931149,0.22328367180334116,0.16257522428233762,0.013141046845481815
R1082,0.21764728105901163,0.15130898616695468,0.16858407087685068,0.08281527620403545,0.08463380187071867
R1083,0.21032218367064662,0.14989929677646888,0.21238144487085125,0.3919710537827567,0.33209613697921714
R1084,0.2757393330327211,0.5544323125206492,0.28460694131826164,0.19692583959692203,0.1503315060071018
R1085,0.027966883628512237,0.029903566230747906,0.0,0.0,0.01978386582865053
R1086,0.3909350562119732,0.6136281368165614,0.5990134475006106,0.5234786345353285,0.6826144679099833
R1087,0.4153627766170827,0.29902939320014377,0.4951674957037377,0.6802752873013677,0.5047125283723055
R1088,0.35896305779023224,0.5724630908838138,0.5108970235381858,0.8819754805617369,0.8451350895541377
R1089,0.009216510659744295,0.08220074935881606,0.0,0.03439693030777107,0.0
R1090,1.6855534121161402,1.4092842303651236,1.1549961275422411,1.1562693904370784,1.2763694652095119
R1091,0.07975447040789592,0.15875411134177222,0.16395693446461876,0.23615288090871198,0.07333238763581426
R1092,0.5721987079033866,0.34634896386763026,0.7003631814391416,0.3757932366241751,0.6056993125718876
R1093,0.40126985319219777,0.34789799311384356,0.32446656300140525,0.4834860172116913,0.5516460663457824
R1094,0.7602235773204494,0.37027327124396614,0.3624827858883485,0.4613645378499383,0.46611342539568534
R1095,0.09005260012206091,0.1989868039633408,0.0994058386678926,0.28809167605205754,0.0
R1096,0.012427133954037361,0.0,0.0,0.0,0.18178116227578564
R1098,0.0,0.0,0.0,0.0,0.0
R11,0.9439976417066556,0.928632170391917,0.9043918006235124,0.8454182836464049,0.7867862738295182
R1100,0.2670000707645093,0.06747183062464812,0.4903223851812383,0.4033441494983683,0.5311589982811822
R1101,0.729454297931733,0.2106819527351382,0.2050062894203039,0.4890632248038848,0.5147509312846729
R1102,0.2029444621741364,0.24331443291288338,0.2480910867718187,0.3851634383819889,0.27209486018642304
R1103,0.2224096156783318,0.1919328828610243,0.13648021574064148,0.055727741173044215,0.0
R1105,0.5882367922622544,0.4520202212899173,0.5559100874009721,0.5414175581036959,0.6945149143482936
R1107,0.14994684302168823,0.060485653876251114,0.17234545345638344,0.1462525820853669,0.005369514483947192
R1108,0.37292991134183806,0.4436863821788966,0.11436018080077676,0.3571609829849082,0.20072848177028518
R1109,0.2945695964611017,0.48666039863481103,0.37055566730885653,0.26381336785820136,0.2605138357591977
R111,0.5499632282631995,0.14945098155849557,0.2212260471371468,0.231203412442671,0.5050647462680824
R1114,0.3547690133999076,0.3946836265407532,0.623492121457655,0.7786623846239463,0.7925766793462976
R1115,0.2519125354553143,0.0886025632672166,0.16422555276901796,0.16318611544347647,0.07704979322877242
R1116,1.3176677153257674,1.0074841557312548,0.9234985093805393,1.2771209783542685,0.9249988921462176
R1117,0.21196087460481347,0.07937734900095912,0.23002103236291685,0.2662026688054182,0.2621580923886007
R1118,0.0,0.0,0.0,0.0,0.0
R1119,0.7169153443126673,0.5522060020350957,0.49833456293577044,0.3776983519588766,0.5575418660668562
R1120,0.7545803511787567,0.39011318348688534,0.43573986521960073,0.5313877263856726,0.7932934181756202
R1123,0.33905100800009597,0.5229880032732437,0.34638264908732863,0.6369212474138217,0.3292287681946558
R1124,0.5073391862815008,0.4067778626108053,0.3921903125010632,0.38948021921530995,0.5794550486071399
R1125,0.27461000340946357,0.48627259810404827,0.35218035325912567,0.36104180654610013,0.3645722962303256
R1126,0.23309471552272462,0.285316233492324,0.00600745603306163,0.08178247709244643,0.06496593403165313
R1128,0.15850979780644017,0.13703551169495765,0.006563683301240794,0.11344878842822072,0.2440622252604516
R1130,0.39225067558509447,0.18539822159501906,0.27279997566821557,0.4746306414167182,0.2838827435374968
R1133,0.6914896990799907,0.39375113848011056,0.5855798825759931,0.47520668651230064,0.5043462187635079
R1134,0.37197120144256496,0.25692082873170496,0.3094997137570091,0.25383806466116854,0.45201368010671
R1135,1.8052212252047484,1.345103328355926,1.2104341876367541,1.2473958945359387,1.491714405341331
R1136,0.18420855856100316,0.2575406625159273,0.12916508317805644,0.14531463422812646,0.3228048645900168
R1139,0.3316380160182084,0.15745425673611627,0.4891689722356208,0.5733483347318152,0.4179457918984955
R1140,0.0,0.1352034599818871,0.0,0.1358994258242512,0.18810667278103177
R1142,0.0,0.0,0.0,0.0,0.04642477664042045
R1143,1.1074828702631259,0.8958521755876706,0.9269359758624135,0.8030219956003756,0.9559825434673841
R1144,0.1740005354992476,0.36419303246340984,0.455484660481388,0.5726015056295072,0.44131290628840525
R1145,0.14108408706357653,0.21646928580930763,0.13938092042942438,0.5390903228488606,0.5175487095652951
R1146,0.41093952012484886,0.47164422712787685,0.6075544801549596,0.6406751716777717,0.5215239597694399
R1147,0.1384055768134,0.3432927204122539,0.4439769665653122,0.30028135763735236,0.6845121571765451
R1148,0.7006913802465328,0.7277108456378156,0.6114249161038006,0.4052762371100526,0.38729296401842866
R1149,0.22844229247765177,0.3672029034151515,0.39376493852485356,0.5197977529902127,0.3546204479501382
R1150,0.7911712355335868,1.2438476927169888,0.8474551126572238,1.2516492426587504,0.9683247370052084
R1151,0.8201961666277339,0.99205437507349,1.219816766740662,1.3327901192584142,0.8440142584192949
R1152,0.4489652538891425,0.46396919141264586,0.498186965555934,0.69326116350281,0.5431469082982373
R1153,0.0,0.02831217531531375,0.0,0.14698393759632936,0.06180706033471773
R1154,0.07444269281774545,0.16155940246032552,0.2624065252787209,0.4752691934675506,0.38098885509761815
R1155,0.4756373534830465,0.7952713539025079,0.534459663567724,0.750884250733474,0.7333839526816172
R1156,0.18344741564231415,0.20726268578356818,0.22934494293874677,0.5455112132811425,0.2740426478666424
R1157,0.3817547434624592,0.6749501588815338,0.7013712944241097,0.8543480560918613,0.8025965180440996
R1158,0.5579063530355464,0.5015246318293133,0.3497489251693573,0.26382507526020404,0.40448296799264244
R1159,0.8410823620097321,1.170861508292338,1.1567305405192514,0.9777904859704061,1.2091639263000429
R1161,0.9953685337324198,1.0501293089905683,0.9409968794617836,0.6850144330281841,0.5681769941672289
R1163,0.24275417347646405,0.0,0.011170340402138166,0.33174464975190177,0.1982832163668968
R1164,0.12047282656408166,0.052190458177532886,0.03612970716514008,0.0,0.11584762572053184
R1166,0.7059768488370916,0.6445362895900912,0.560802697563094,0.5028795322750013,0.5475510632159426
R1167,0.5893732739672388,0.5469897512132847,0.21475339575445834,0.47134904444381565,0.365809951034741
R1168,0.3882684876906748,0.21697955289893414,0.28242474546729307,0.3263852791280142,0.3448113400365661
R1175,0.9095959974046012,1.0850200432718016,0.9518913469306703,0.7123684087936907,0.5823572485061166
R1176,0.6385518029492011,0.9348056741222798,0.8496167990782227,0.5767778588531328,0.7027627920149095
R1177,0.14161527525507153,0.11321113251647978,0.12801937469124428,0.09020147547702163,0.04048607546646184
R1178,0.22881167370845865,0.13918139602490887,0.05100739236600681,0.0,0.3731590469664347
R1179,0.7666780862812916,0.8470979727212249,0.6178807611640821,0.4477611402176479,0.6109943639687612
R1180,0.305893046455024,0.3470548741170368,0.29496033422269513,0.2625633127612344,0.09090463431771928
R1181,0.0,0.0,0.0,0.0,0.1689055340950956
R1182,0.0,0.0,0.0,0.0,0.13891750567643796
R1184,0.7237617662979119,0.9968849984043326,0.7099858638491049,0.6812659180598464,0.7401606481862641
R1185,0.1189216426350851,0.19524754830007218,0.1358839257046969,0.5476569952637327,0.4312864842285144
R1186,0.28893361687210317,0.28227585057400684,0.29858108534343264,0.41423826854243895,0.3047926445524371
R1187,0.17783667908228812,0.0,0.1107194275069817,0.1947161120996297,0.2852573893224072
R1188,0.776429322577728,0.8718285733948928,0.7961632953564064,0.7999267297440443,0.5067128490468632
R1189,0.32188887562337276,0.6439350077755973,0.2782103202142467,0.4331846743445885,0.5684046224719032
R119,0.37968107526915507,0.30822890588734975,0.48900497199181103,0.8232268166161795,0.7431718892272585
R1190,0.2822757059681777,0.11198383290041819,0.1470360583692193,0.3219249628844313,0.4556240903695033
R1191,0.35730661340432135,0.4949221794839825,0.5879312859638224,0.3451236788783428,0.41403789079206665
R1192,0.38400182982517733,0.29059309339900213,0.25175801356093375,0.3533894548342192,0.39553910274112536
R1193,0.14595237336207084,0.3390055823685861,0.48088289905806736,0.3403072535954794,0.29055116348104937
R1194,0.25364881828301367,0.20512579145730112,0.14858391949426686,0.3026942036830172,0.3622218626787613
R1195,1.0099192225280893,1.2343963872046047,1.2703734076086364,1.2544016808994574,0.9289155815252006
R1196,0.23601874060575287,0.48343237127188304,0.21208094103582875,0.5845750648173869,0.2976949807246639
R1197,0.8667569559816184,1.1354281717887702,1.0129028187410145,0.8720503126906034,0.6603554268746981
R1200,0.40204720976183345,0.35446369453082033,0.43173072195416673,0.3978908296118405,0.6434588918644482
R1203,0.10244470098861941,0.12369856860580064,0.1526741105056197,0.40227056037764963,0.28194822525139873
R1204,0.4996198654250433,0.5140706854282183,0.22374011699967655,0.2006375874015532,0.4718823214229833
R1205,0.050054740464639494,0.30693722830763587,0.3646309316365138,0.4526170608155878,0.36383291410457835
R1208,0.6231626078513911,0.4989384167615947,0.4755156495288307,0.6659396845134603,0.7490714752251431
R1209,0.3655780219109371,0.4994945869641566,0.7425500716748651,0.5223731866615811,0.6424093873410682
R1210,0.09234229600384346,0.09434112656027512,0.10180223260349121,0.258204894639185,0.1659182624610283
R1211,0.7128128934074146,0.6422803941015163,0.6358896605004,0.5351128696045603,0.7094183117356756
R1212,0.07447971371517978,0.09954849023752584,0.008866915148247681,0.36256461829327175,0.527348353520816
R1213,0.17985279667869875,0.15893469690448825,0.1353042464926228,0.373000217620225,0.7407562477627129
R1215,0.08030628205261663,0.19563333219346407,0.22588924841997912,0.1919316709291471,0.2234175283995953
R1219,0.5149736384460789,0.44037881956240776,0.33139534548604954,0.3497430813338417,0.4142143538772175
R1221,0.3636065625268837,0.2924028140504608,0.15773809828509683,0.2881747104041794,0.7301159357585478
R1223,0.04446964662174203,0.14298959937977598,0.15105948540283118,0.1899473992963739,0.19434137416210362
R1227,0.5109612318037255,0.27972294331965336,0.12480704075911764,0.743964644722998,0.48198756687023964
R1228,0.4305273410529763,0.4163649831950988,0.28399998275086563,0.19277386967347643,0.5792139806861984
R1229,0.0712973690615693,0.20277343547369353,0.13314784829935644,0.2039565762502187,0.3130814636997344
R123,0.345995023884513,0.5145107414082865,0.3855253491863525,0.315704961318572,0.6255625303814898
R1231,0.03613624105644641,0.01863173465176392,0.36885482760477983,0.11961685758814497,0.390341535323427
R1232,0.20128199992347015,0.163234289459567,0.4213641790325716,0.3432391654747465,0.4634536467549431
R1233,0.4063442600276032,0.33383512430651124,0.3599052396305924,0.38171126326156574,0.6124365728883177
R1235,0.8008346700890232,0.5219854490952381,0.37169449672217764,0.5977481570740656,0.21641233641242089
R1236,0.4642816735562493,0.3312974776061399,0.4364998911157468,0.5726522746545751,0.47142738323848354
R1238,0.360730062266959,0.2729400607475184,0.27300394999351374,0.41367959040292074,0.48486127449908395
R1239,0.18818600343669648,0.43267020343998824,0.26381193568106753,0.07628841802932329,0.16670939691762138
R1241,0.43598123247079706,0.5314066446702909,0.3716495471846449,0.45415329365178136,0.7151667864765272
R1243,0.7401014819093408,0.6235893740354843,0.4405605735386248,0.6220717969441387,0.5093697475624933
R1247,0.5155040318034034,0.345650187093756,0.3824868539982094,0.3849098863917696,0.5232638369150953
R1249,0.6332443203355851,0.5597757400268426,0.29537345005775806,0.13526207358220735,0.15716285381724063
R1255,0.12538405083077006,0.2079703577887069,0.3948411520906727,0.5401287788956739,0.4840305047485891
R1257,0.12193572535218798,0.11636113515903775,0.005493703721591596,0.4403636813453453,0.5728923204807381
R1260,0.27092984017981586,0.19691781949216694,0.31920366044927573,0.4137707790747518,0.33727240332438646
R1262,0.049767416049340665,0.11442542500250702,0.02255637344321651,0.20056641998837438,0.23017455650482876
R1267,0.28000346985000574,0.189377308844258,0.4733081076091014,0.354990853250437,0.6480526819582784
R1272,0.8594875366332829,0.6908366835053711,0.7381585603257905,0.612800330262331,0.8206322111539107
R1273,0.23194118349922524,0.16495927772372454,0.07706696601055203,0.38460731365725426,0.4120213376508146
R1276,0.08675912407685532,0.18646320907654362,0.20807795623399905,0.2820196106183537,0.39297492012305174
R1277,0.13404450290154016,0.18662655112518992,0.3004531108156681,0.4183739413421304,0.6738453517047219
R1278,0.5097293190988772,0.2982523759783058,0.4204422761507965,0.42352975464407827,0.47107900421110727
R1279,0.230855630830057,0.3731962257014142,0.3132589698308746,0.38616965860947594,0.4593730638020399
R128,1.0255236732185116,0.37574136965781857,0.7657006537697667,1.1086371572196725,0.8023785099589722
R1281,0.15706755186592822,0.24814664959232943,0.11114186578073829,0.04641460364218208,0.23667720878180132
R1282,0.7679587276518495,0.6298698548568167,0.37975600871782716,0.532089373554536,0.41815752814762475
R1285,0.20866500539892632,0.20748567824458888,0.29884279336060465,0.28508505318294974,0.43549315857473797
R1286,0.5970169868167524,0.5083324748390861,0.6698687202500694,0.8074443177747205,0.9410791517212012
R1289,0.27456223323165035,0.3096834304397003,0.11224645198162275,0.0,0.20420188934209935
R129,0.07543723918065871,0.0,0.12282624662730443,0.0937426342841394,0.10910524605742371
R1291,0.05337783431372688,0.18021590380711205,0.03178794610717035,0.0273845234304102,0.29993345820717987
R1296,0.3409515456516572,0.4356705208168969,0.1945905283450854,0.3326484151111105,0.6997391821815807
R1298,0.34180117441585856,0.35871090769279906,0.13983983627383384,0.1698345320796319,0.2500581956848146
R13,0.09137334761098383,0.21201850089215732,0.05415017102795637,0.06610352224109291,0.12138546410940002
R1301,0.5205971503884985,0.5053171261191846,0.20534607835998356,0.3610466414208089,0.2476270956305403
R1303,0.26751259513878944,0.16881899553247948,0.25872451950670206,0.3447790040706891,0.38181679596694595
R1306,0.4297657599988784,0.25706175984362395,0.19434225140241226,0.2829637592805756,0.08627313161164296
R1307,0.8453634770586939,0.7480193158432427,0.7695083919981722,0.8775913399227844,0.7513789840500538
R1308,0.24015407090525065,0.23775142010821287,0.39106115910734196,0.3223801917887326,0.6780258936034682
R1309,0.32928419855451657,0.4423987421769788,0.2725403682722598,0.23181301289965497,0.4301691922966531
R1310,0.5723052878608641,0.46927926295996175,0.49944617390192253,0.6805792403530505,0.43023492129503915
R1311,0.49022042296750984,0.3037336114434486,0.525439657580083,0.29349485215458554,0.34502260925349876
R1312,1.3329967668206544,1.5697112357624416,1.0540617676926283,1.4655957015258798,1.1488428822000865
R1314,0.13886419123487304,0.3661402798108922,0.23611257940540714,0.6323704301248179,0.8016744457315398
R1316,0.08473635916607943,0.08740877348443539,0.08640279053178414,0.19426046445148085,0.5366380629413847
R1317,0.04661808816582131,0.33180940485467736,0.2358624902881431,0.11469173320586869,0.35567473051826426
R1318,0.11664712234679482,0.13778974910230754,0.08457418016130526,0.35762712298819294,0.0
R1319,0.6101428523224086,0.4218182890441653,0.6239376357852748,0.5931604369890183,0.49696668979416897
R132,0.1581234607652021,0.0,0.0,0.03968102209694605,0.21432247279082284
R1321,0.723887015422447,0.9323009979849599,0.7590419627463068,0.9142036508513188,1.0976343204992003
R1326,1.3927527526078456,1.309877879450706,1.0001751481764185,1.2323371595235235,1.1292547381189708
R1327,0.34353378792744593,0.41217401562307926,0.45547669037140265,0.5452525038926593,0.7166761898315391
R1330,0.27211461633481476,0.12729508352174762,0.28254781018719555,0.23631312895473383,0.34171920179723797
R1333,1.3479549168581755,1.2828102843869391,1.0920608779495604,1.61204665624418,1.205872748681083
R1335,0.4877100956186507,0.3729376521787346,0.494880735264708,0.6276510792003763,0.7151679199215277
R1338,0.3826026804816373,0.3539842329945689,0.3382317832851521,0.6925730370265417,0.5208589645855387
R1339,0.8059469207885348,0.7112817559283715,0.9155197266429153,0.957607143966715,0.9367186179130202
R1341,0.14412626999099737,0.23740943857950234,0.21860136103932828,0.5237185417738744,0.744946601313624
R1342,0.8558154692471972,0.7493390306148151,0.7696712961746033,0.9650186075324538,0.789257584773995
R1347,1.4455933765563593,1.379527989524301,1.2955726437245256,1.4894510905233833,1.4255273440248661
R1348,0.15896457700555616,0.44004812995786324,0.0819852482768995,0.05407585678452473,0.17235998965901692
R1349,0.29599867253134426,0.3185106143316278,0.3855941331993807,0.26799742702982665,0.3980162679605926
R1351,0.6172599009131815,0.47044384039266646,0.5698786341041522,0.9229627999592835,0.6436662890301441
R1353,0.23271077742900595,0.3795807074599775,0.10029666013343812,0.1420767854218794,0.49571233739146586
R1355,0.13031217009346882,0.21911802536220307,0.24722376491441644,0.5412027443346871,0.7173071967068605
R1356,0.658503670366582,0.8322943944159493,0.7228516723485842,0.9739373672515091,0.7188653312538148
R1357,0.42224977219874743,0.2734863707347676,0.22863383416238936,0.2324079638134614,0.3851871575669214
R1358,0.5351885724063865,0.44716874713464855,0.30639470989361245,0.1605211583024685,0.11030372363523222
R1359,0.32761411789409073,0.3568907019641401,0.3888482751150843,0.5581524279923296,0.6075456346174012
R1360,0.3264067319464653,0.24178724910848653,0.22896266379277136,0.14369323551441868,0.3589558743333499
R1362,0.60664008798904,0.5798989635814609,0.5145387191382519,0.6663698194886283,0.7100744130989507
R1364,0.5756640453211067,0.559725369154275,0.4617042464567196,0.5594365446373268,0.5198023790903155
R1365,0.2405678267657796,0.11173822789801074,0.10894941448068594,0.31802935790517156,0.3521036341636843
R1366,0.4289469319356647,0.42202256086069373,0.5009854169850443,0.7759107313623623,1.0562089011056017
R1367,0.2915213553724521,0.48437972851314404,0.1718132961086014,0.2760028430513353,0.0
R1368,0.22507076496649456,0.22861311252925068,0.2580698786134708,0.3327914435139019,0.27548901368129297
R1375,0.24777429602848866,0.2862232268198614,0.3524283027743697,0.1712918730023758,0.3701467892313735
R1378,0.10511459455726986,0.27771281269764,0.16838164473043302,0.15061484257571775,0.14906334214805095
R1386,0.48494394754791614,0.30980317702939153,0.3024460204183124,0.24858790755372537,0.1898481584109735
R1387,0.011722165733599538,0.08756901367519884,0.0033273650292800893,0.0026427872829138813,0.0345290092996506
R1388,0.0,0.0922666533743299,0.0,0.0,0.0174751460536716
R1390,0.36666113061772093,0.3003030796689442,0.25569156953781214,0.17216184775205418,0.24010869804212961
R1391,0.09963289311005821,0.07908305027469209,0.13654706706915248,0.23011766092437239,0.45638904985462014
R1397,0.14404191482665585,0.19679893976367596,0.18846467411579174,0.264198759695291,0.27198182659689274
R1399,0.35670509878017354,0.12628358850076354,0.362201671438406,0.3372427467064629,0.4234790268826542
R14,1.4126441254079223,1.6693995715757508,1.5915689089714224,1.1080274404492676,1.7308765657914824
R1421,0.23947252146300502,0.6702182353996176,0.42032896492244887,0.49119905435613875,0.8153717759234799
R1423,0.0,0.0789491280430212,0.0,0.0,0.0
R1427,0.06298427868653804,0.0,0.05972075189957082,0.07914729744329026,0.36470158252454843
R1433,0.0884121131587946,0.33127669011193805,0.10017029308526905,0.11477861359668555,0.029167125251147074
R1435,0.005689451413116197,0.05647129799155653,0.023799887410835614,0.17794321110643904,0.22053252576485713
R1438,0.23723671895778675,0.1829668307402504,0.02525087000319953,0.25836396272356654,0.0
R1446,0.18047124473038154,0.25360710355008564,0.32243363724956126,0.2862702646416389,0.48100363901545223
R1448,0.2058500780288363,0.25287129748356696,0.1046955553007036,0.12849472371823653,0.2746506567188178
R1451,2.1916707243946187,1.2428699364066653,1.6471186919575151,1.8633185160413273,2.0383861094679316
R1452,1.168127851002151,0.9446744058270401,1.395595543884801,1.2346979985637867,1.4772608136999583
R1454,0.8982604463022358,0.7410184574110906,1.2610411710295926,0.8666911868176059,1.729344981074574
R1455,0.684994234588797,0.3194438416679541,0.3291347743379987,0.34208192960858047,0.30307367021499115
R1460,1.3834905515880918,0.9157396306032268,0.7620818122179339,1.1394732100329839,0.6877208844473757
R1469,0.40667778712622854,0.5457736264656718,0.618974767565617,0.5584868048740016,0.7919872440928432
R1471,1.5449656071201663,1.2810143558213143,1.1916744090839235,0.750291746164029,1.267753320045224
R1472,1.4462855334120686,1.203015522500154,1.3723844018375608,1.7764408856655416,1.2037586643264508
R1474,1.347894473924646,0.8035591919062206,0.7031551545427649,1.0328600711666494,0.7280337038346272
R1478,0.6744416880287208,0.6298539902663015,0.5760901736321312,0.609578402910269,0.8329667774640404
R1481,1.5645816361493396,0.8748212745575786,0.7995035749371225,1.0908595924895785,0.6871355526082759
R1483,1.3749304394272654,1.2806392136276399,1.738251125170306,1.4906318637587885,1.9268843238361402
R1487,1.9791649906071584,1.5072732725705982,2.333054125383732,1.8423289240464598,1.8100066877656138
R1488,2.063471433581612,1.9953403609761882,2.265564914457887,1.8245629377384986,2.245815229564098
R149,0.9331445285303277,0.2112537602914538,0.6225395061049164,0.8225943543212375,0.7027312045581786
R1493,1.4275684043530081,1.085770127367328,0.7462427924849857,1.0090167784241928,1.052853419210528
R1498,0.7118264130161843,0.8944707131506883,1.2130733231354667,0.8688812387276107,0.7687698978749359
R15,2.9752632236563423,3.282123991377804,3.130622436445901,2.7658786905008066,2.7533415732343762
R1501,1.3432964290485376,1.005259806661615,1.1173452826298773,1.337972816300669,1.0303512390605087
R1504,0.5658115198621907,0.6530002669889861,0.49581698571153604,0.4466894841073314,0.8850794510390164
R1505,0.6344551967035869,0.712747565792425,0.9509041512765722,1.101013669621621,1.143212382849355
R1509,1.1222360104507827,1.1054227238471692,1.21550241668469,1.005569373386037,1.5897806130304075
R1513,0.8430907915535165,0.6381314970685371,1.092388431842894,0.8605763957007424,0.8063384428963551
R152,1.296278829761803,1.2029551533102494,0.8467778605608748,1.177214259915526,1.061669679699454
R1522,1.0827881146366705,0.9924776189691311,0.7450633133142187,0.7112896361740046,1.393787393522119
R1523,1.8666584962085113,1.5694859313417024,1.8573606243738279,1.7703329049741434,2.124030558867652
R1533,0.6944616023640612,0.3316402607679625,0.5200501611912758,0.48021804446906563,0.32716105330799394
R1535,0.8760839989462647,0.8957987327482694,1.1826333585862814,1.1149693315986111,1.429561267240669
R1545,0.3896080298994173,0.3318295660491,0.2782226130287695,0.48190834462797694,0.5260246752081222
R1547,1.0076792178881955,0.8371026934888024,1.1872202874137545,1.403164529885483,1.5901808079295416
R1548,0.6810556471370455,0.8693263924849798,0.9691536923962895,1.09013652717883,0.7997006235447163
R1553,0.679232288738035,0.46956003237941285,0.5266622510495258,0.4672664905712948,0.8912540027320377
R1555,1.0649918677331796,0.5183606467499672,1.2261870859508042,1.0309731467482566,1.790168779441338
R1557,0.16572450317116777,0.11018324842422064,0.20317898187779557,0.44899873478326663,0.2986932681202684
R1561,0.9861432611571973,0.9427157801816216,0.6274602453221907,0.6513630249977728,1.1787083942888883
R1562,1.104119867314812,0.8555106259809967,0.7450692427568695,0.9233212359132659,0.6198245151697263
R1563,0.7451478284695042,1.1915629738389162,1.1636380409432436,1.645723945018658,1.504101967097254
R1564,0.36188951955285464,0.2764278212307987,0.5133948631881896,0.3976406792615657,0.3156044190123145
R1565,0.9218677391884244,0.7942839440223491,0.9234256846500506,1.246700376244625,1.756526830161581
R1566,0.9405235486466594,1.131488812006176,0.9145297888193618,0.650480560009974,0.8162207238478952
R1567,0.831990766104756,0.8998698607835222,0.5191713099203643,0.2882744100900984,0.09405594063533709
R1568,1.645709648048121,1.681055980390124,1.510293884904886,1.501562233082005,1.4244811527635504
R1569,0.1661781874739388,0.39906531009263685,0.31129513748843335,0.0,0.08832863298661545
R1570,0.08678976593761766,0.10307263574390035,0.26722913182339814,0.0,0.0
R1571,0.12591125578091747,0.23623909231603024,0.24291890261916235,0.11890667688027398,0.25751045055274824
R1572,0.3010772398765238,0.08714677459334705,0.5719334455536297,0.3921265708577215,0.23801641052932995
R1573,0.7947536449062043,0.8397998827463218,1.2062774633362876,0.7134949094851583,0.6111420017296808
R1574,0.45623473105299395,0.28480972756636846,0.2398759903312971,0.0495415378548403,0.31208913292417717
R1575,0.7349153193385831,0.8833200999601687,1.1024356768462802,0.6097532152647663,0.7317523710773378
R1577,0.9175499814499859,1.3007408743061744,1.1752032590672266,0.8983343870617277,1.1694182787545453
R1578,0.4701083625266005,0.1986703559856648,0.3508361090154606,0.20147303603196368,0.38051553000511773
R1579,1.2878360658973205,1.683937418544582,1.1277819282145698,1.189854002890123,1.2520856658115755
R158,2.5966943438369943,2.789044418331883,2.1500815512092357,2.3264269941884947,2.141818971662532
R1580,0.8050924601571068,0.4104969453088656,0.7684026411973615,0.4291540530428977,0.7763171519221228
R1581,0.42071460728650356,0.28122300790680843,0.41756318153248084,0.2053596984173378,0.3547082956019877
R1582,1.2758023705688097,1.4973920404147645,0.9959592807817416,1.0516858671666804,1.0063351977352384
R1583,0.6014500565234118,0.8395562421871574,0.5637502692375442,0.6567323977545358,0.5073293221901233
R1585,0.5073137778283324,0.6001223533305631,0.8717779582708141,0.4882391556666867,0.44249829400937646
R1586,1.427374179524272,1.8336192425757518,1.126138860514405,1.461958703694599,0.8977420164786035
R1587,0.8489825109542659,0.6653182360546082,0.9452841405128359,0.5864021925697009,0.7292459914641979
R1588,0.8129063809708111,1.113353403307087,1.0425941362966087,1.0137727109083363,1.0531447098171036
R1589,1.1320903984459092,0.878513184714989,0.8384137349726033,0.8450969575582188,0.4381068630295712
R159,1.9024598634948013,1.7770424080896021,1.622408286198447,1.6355986041899215,1.7049719754538102
R1590,0.603951147079058,0.3635211760914555,0.562532227784531,0.39063475761268607,0.5007358340407374
R1591,0.5576646147615588,0.4681695858376807,0.6356117192049453,0.46604385649867125,0.713253891502599
R1592,0.19372902317936644,0.0,0.0,0.107763581453448,0.03847732100150615
R1593,1.3288969912215878,1.632704570766281,0.9624575959646539,1.3081973847706592,1.292119642292448
R1594,0.34334709575347877,0.20875502353853995,0.18504244971885295,0.0988436131982164,0.11108637100420052
R1597,0.8360539031427373,0.7426649025685997,0.7990683009452142,0.9690879735608537,0.5948627093808939
R1598,0.6423119475606043,0.5773155129739417,0.7020403995759209,0.6173839190438675,0.858811576843519
R1599,0.7951704022878917,0.8304072675264318,0.8566742097351059,0.7041682600915964,0.6180038486455586
R16,0.3038038785639529,0.37795735473702735,0.4738524160487263,0.16983192987839085,0.2833136304647292
R160,2.282476181452974,1.8167238968191026,2.1170174360802023,1.930869829329162,1.7282825350658786
R1600,0.33353386961700493,0.42130042041716437,0.49552577669391196,0.02778976973718843,0.17924803548089435
R1601,0.7814935467105724,1.0691904990956946,0.5758871933775344,0.33891026520896106,0.5295731141819581
R1602,0.38468885471316416,0.4527913449963674,0.5087950704080949,0.36841001283709496,0.6205665093772209
R1603,0.6858740956685269,0.5401897357003684,0.5562811509838804,0.653886210656316,0.4499633708659082
R1604,0.6725303638290292,0.6437872149196665,0.6683969505141261,0.5565398042201247,0.4886495471245878
R1606,0.6007032720055011,0.5009434677554669,0.1473147152912564,0.20357658266173892,0.3486174154710004
R1607,0.6462059663647374,0.69188143024091,0.26195750725731015,0.3566234080434343,0.2590735033338655
R1608,0.7287102402288467,0.5207177631848511,0.8131643586312932,0.9753857663843524,0.7487323608438133
R1609,1.3627919174335459,1.7555501911368958,1.3525369830866383,1.4130536253479467,1.3675223863413355
R161,0.990044385582597,1.1234545236892335,1.1605098246459764,1.5031411497704017,1.4203336386753433
R1610,0.5732978610893725,0.36898848110014043,0.5319102926928807,0.33338592363874553,0.5705694172276595
R1611,1.5305217614150641,1.48150602237303,1.091481339585867,0.6233395673966734,0.6719269099140862
R1612,0.5475369908148846,0.5018256531199795,0.7287910492417423,0.6278819648102312,0.5175287101611524
R1613,0.5654037691170315,0.7560124635700765,0.7022320173803266,0.701844304106318,0.7757836533318253
R1614,0.6450682627675808,0.4417509150754928,0.5572520530002121,0.6565799634142896,0.4507985278352366
R1615,0.7958700578222935,0.632757531938445,0.7278959724050846,0.22599181223413578,0.48991193186862475
R1616,0.7744324045852558,0.8618836746451061,1.122486924992915,0.4882489156224153,0.8628018298544121
R1617,0.34376661210279974,0.10751662608680514,0.31524993771164905,0.3630420105500557,0.5571597505219763
R1618,1.2201157836547858,1.3602231175606736,1.2296310847510794,0.9242951124034112,0.9115984760732753
R1619,0.5482344325169024,0.5922505147568419,0.8824048369408523,0.7174532376558136,0.8090938625119887
R162,3.469126797141343,3.4322677576660023,3.407467841392428,3.14887490611975,2.6718035074846433
R1620,0.5564836117965752,0.6559040137656051,1.1367613183625218,0.5047081340777763,0.7835535805739929
R1621,1.5361675680771025,1.7025757621377482,1.537464485058104,1.7238222161831978,1.8409593940829418
R1622,1.2664898493432846,1.1666634878804356,1.1896041273766051,1.2320802570404488,1.3488561091768267
R1623,1.532790137585782,1.8551357901034367,1.817079590570835,1.9661771166576425,1.4689023288782808
R1624,0.8995852865678771,0.995812137897533,1.0198838275722708,1.0700174212110385,1.5193405501058277
R1625,1.3158141240998207,1.4701871463034766,1.1387511224849456,1.0857900144047177,1.1297826267247775
R1626,1.1237735216841787,1.151190459856013,1.082334607916517,1.2402105458610253,1.2228604432352954
R1627,1.72137332741502,1.6264363833619904,1.3342137530855835,1.584088922286833,1.3228997317743059
R1628,1.0159168567012706,1.1782843125627238,1.1246634830355435,1.0074404869536442,0.8282376806725411
R1629,1.1743862663771798,1.0202315052040014,1.2896508397928617,1.3313609108310465,1.2261359831292877
R163,2.5946563497510367,2.6950855855408826,2.750468956120684,2.465446686098997,2.5372452192523003
R1630,1.1837858141083035,1.2354751926626348,1.2572737380992889,1.5220287153529568,1.445912450209763
R1631,0.9762654959283478,1.4554253647315143,1.0126460995613185,1.5661189203585837,1.4277675977962447
R1632,1.1122065865297697,0.9615326805513159,0.7786753986193653,1.0980305553096579,0.9555063593661085
R1633,1.3061604609102737,1.5231496250578724,1.1785151324921488,1.6097190604487723,1.573889961286179
R1634,1.346134355438541,1.162464151103425,1.0651568289011515,1.3782959118119238,1.4000530636505284
R1635,1.974242589744501,2.0383063926984453,1.4922252458321077,1.7310476735621454,1.6260369554843335
R1636,0.9651743217379237,0.9834845447736121,1.2071454402348827,1.3633369852418669,1.3325613777520449
R1637,1.8695527607236535,2.126714671121382,1.3842995329601142,1.261431126162473,1.2823742763097392
R1638,0.5074146157414362,0.4279340138968392,0.2808135287280007,0.10500697067112137,0.16295428615708007
R1639,0.9672749348207323,1.0351605032672575,1.1879952995100787,0.919142664804439,1.1653410741976462
R164,2.661622216711938,2.8072630609253237,2.1753926095869716,2.301999508996986,2.1420438219925844
R1640,1.098089012018337,1.256124345502862,1.0394517627699236,0.8354446883361548,0.7710468136201456
R1641,1.4874716174706673,1.6479809248503956,1.5924098819871702,1.360627515432858,1.340081113331485
R1642,1.1191893162950155,1.3631433914741504,0.959592438215869,1.4457045303701181,1.4620913185362607
R1643,1.635838477081417,1.5389783768711442,1.3749720710424473,1.0558472797537735,1.0677520247491865
R1644,1.9924425174405378,1.5591270395222037,1.8588794792632017,1.5065641857031817,1.4033797920923219
R1645,1.8346946631733276,1.7173445353991557,1.9336580501049918,1.4710956334560585,1.5946745177044628
R1646,1.386895021581317,1.367622124925023,1.2893845414271083,1.2528488893078153,1.410672508656697
R1647,0.7376646654907301,0.6906529761338575,0.8224004256830312,0.5239659799298371,1.3106888663629328
R1648,1.4359201204899592,1.093003059182238,0.8033848120228558,0.7398294960782281,1.1450357479865776
R1649,0.09485874989944694,0.1874656530889541,0.0,0.0003362994190758832,0.006012225109472012
R165,1.4498120534842034,1.320266090365676,1.1348463478607218,1.920562360984088,1.9814841202585045
R1650,1.3613118824120558,1.1513510878494746,0.728567614016533,0.9871608284712493,0.7980917126351931
R1651,0.06302992191560038,0.236263346026427,0.0,0.11889274404582402,0.11723057007444347
R1652,1.721099371292421,1.7529685508821242,1.9747295926971222,1.9382746724527917,1.8874268656502706
R1653,0.6992946865567151,0.635534496236938,0.7248141840990426,0.6061345016756255,0.5441673440583439
R1654,0.7825692196172476,1.0827369234465474,0.7523490863427037,0.9515203547414975,0.877051205652974
R1655,1.2996640406280167,1.678910809187462,1.184360674616373,1.7010498883475862,1.2206028904409525
R1656,1.6991775054858003,1.2178499499841173,1.3219359574284706,1.5170049796404128,1.6147983282024483
R1657,1.1847060885530298,0.8018789160583579,0.5826388565524179,1.1610392946440766,1.406209519051388
R1658,2.0652774641279685,1.8904698168445444,1.6539201817045028,1.9713326522145065,1.9454393334634308
R1659,1.0367928098651087,1.1107053195173253,1.140610916544389,1.3390668807816035,1.4391124650397995
R166,2.8156101430727474,2.7375384533547216,2.55363603568288,2.3896867733504417,2.09228132948992
R1660,0.44724586363710905,0.5505076567170971,0.45421533453952023,0.9544071448741768,0.7548155485650446
R1661,0.05029063051532893,0.24287522941333253,0.23850591772677396,0.560503551638248,0.5255229152456921
R1662,1.47104454677942,1.446491117681875,1.3882026029168404,1.741793356779769,2.2306270990318606
R1663,1.7806482246412447,1.9205224084549752,1.7245446791371215,1.2703725409397568,1.5251553376271663
R1664,1.529689992672215,1.7005063340645183,1.662167298846524,1.2505413198925248,1.1137785210500881
R1665,0.9858021345949874,0.9934353757714072,1.0938200721396971,0.9433219228528632,1.3226259839021495
R1666,0.8058810857001328,1.168916930556544,0.9549114775583528,1.372160469837214,1.330689030040845
R1667,1.034799916550735,1.5369756150651501,1.2518027291852547,1.163626946558363,1.0204864518350805
R1668,1.2460998826095588,1.1590342120550077,0.6551947917161531,1.103688972455457,0.8735828850924852
R1669,1.854431209020864,1.454270145252331,1.5782904311235848,1.577166232643073,1.4252231154563004
R167,3.3221060062351966,3.522823235334417,3.5516495325574042,2.8843605717367415,3.1165993607670543
R1670,0.6888686215194769,0.5395655891956453,0.44383295437277537,0.7783784835064492,0.6582463714381424
R1671,1.715367539961677,1.426204736768838,1.4893886663639744,1.3997603749730654,1.8826806553189734
R1672,1.2558711749511955,1.1280739072069097,1.0547343951562769,0.9170033868653821,1.055350219960526
R1673,1.0649432933683107,1.4626627306801514,1.4786405212387566,1.7036090093540124,1.2424953303462896
R1674,1.4933018083188352,1.1362268877976514,0.9876880891383475,1.6817263662218023,1.660215227827608
R1675,1.1306350546892348,0.9119617771556426,0.4666870018718264,0.8292506675613296,0.77422009125625
R1676,1.3473182425869863,1.5985705968221735,1.4583520330989088,1.3664745743966773,1.100032750498419
R1677,1.4449102342744562,1.2710433298045751,1.6022919522058987,1.1647525484640269,1.2364152760449725
R1678,1.4961903552657487,1.253550136614096,1.4439485228469937,1.3432136839268936,1.5169552804051942
R1679,1.458257422245075,0.992411863196621,1.370678346849163,1.0482865761819948,1.3920756088533477
R168,2.876755431840988,2.7424098293484525,2.973016029189968,2.647877894635037,2.6948615502045135
R1680,1.4689230704821707,1.5834392613729913,1.6670500541843798,1.4878818913679757,2.0667394659402865
R1681,0.8338621232900256,0.8032654672165751,0.45141752490931447,0.6325346900573541,0.5403403098128342
R1682,1.8085700890023744,2.095748673006897,1.1958389643593719,1.625413682643651,1.422920251896991
R1683,1.7164025059016832,1.7248818036659934,1.9340612523980243,1.6284295196855079,1.9346319163702823
R1684,2.371996943563677,1.793574750219193,1.60494202560996,1.7170566625943822,1.7507753839838416
R1685,1.0729870192378583,1.1087114424868143,1.3331280326905874,1.6041977478306255,1.6557700963923827
R1686,0.8533693258128461,1.2335331987985951,1.3677726677658086,1.7853363219589446,1.8525888353462965
R1687,1.3057240014580498,1.3658461286160732,0.7258854907561163,1.2414596130737265,1.0853148072440533
R1688,1.4022961789293584,1.6133489821913998,1.4070184499884735,1.5173819534261714,1.3134005788691716
R1689,0.7161961891305927,0.6116475028366042,1.040201953084458,0.9663829877963428,1.2048744928270572
R169,0.47343628971133206,0.8052911199507504,0.3602981528260816,0.9772378016856937,0.5647882773981583
R1690,0.10967217156589308,0.11225787966396027,0.08369001592086038,0.30198882880089356,0.19988832715973903
R1691,1.0875484097411319,1.0454593181303615,0.9740901773811403,0.9550304766210953,1.02875129139922
R1692,0.9556391265379853,1.256999018772966,1.464262172533934,1.5316974417116818,1.7138048726139723
R1693,0.0,0.4106327945896679,0.4924431813045436,0.4582429727974607,0.29700236567281474
R1694,2.172704142944094,1.8415319481533288,1.7248795959185022,1.8558015842407896,1.4653667712415948
R1695,1.012282484845681,0.9094071727604006,1.0771880789288368,1.1773126769858528,1.2709054201113228
R1697,1.2258440721289205,1.318772907186037,1.2831647134671544,1.3535232600474638,1.53595390971495
R1698,0.0,0.0,0.0,0.16425549950406076,0.19004297354885108
R1699,0.7620800453740162,1.3358273064129702,1.2344129227301395,1.169256552623214,1.5768805021220897
R170,2.4098647036228527,2.220221791387747,2.0967263923248782,2.374627888632758,2.594204413562182
R1700,0.6300899353929328,0.7008422741256607,1.0813168943406302,1.1147995191764997,1.3025773543895554
R1701,1.1846606913120648,1.2856696836360004,1.0901566717704492,0.9131430423087514,1.3981442938160813
R1702,1.6541735676569873,1.936608738607007,1.7596179548663575,1.8346396987362728,1.9427842171064016
R1703,1.253593021316347,1.3009493004819739,1.109194088360368,1.0069080192569055,1.120678737756411
R1704,1.0132610166687757,1.0536924455686276,1.2557335429516798,0.9624680780712502,1.1935638009218676
R1705,0.2654786911218094,0.2276927829240355,0.20628755122496076,0.21048397528113547,0.2776030466121515
R1706,1.568736479727147,1.2179066029274417,1.2505384876040841,1.130312001419359,1.1701746592145168
R1707,1.8931219404717845,1.3397462431860867,1.938704221533145,1.835542283932011,2.067175337753596
R1708,1.5636278801910712,1.918224727489382,1.546613500321406,1.751209605943751,1.787937091692943
R1709,1.2416005146302744,1.2061286834812948,1.2289700810071102,1.6577441250127776,1.6752091223940626
R171,2.9247950745293068,2.6474691322121418,2.7522518996903944,2.713564588054136,2.6502356585470754
R1710,0.24053714533918383,0.31481191712618106,0.46969464648822645,0.3198237193704594,0.5692412175959477
R1711,0.9691174561175016,1.324059863050262,1.5769239624395253,1.619052225403423,2.0416442322556443
R1712,1.0849112717617386,1.049173656668542,1.025012231086434,1.3448817142854659,1.3667783437700287
R1713,0.6075738104446562,0.6062188149513307,0.3964485470078158,0.7377799329601495,1.1417988814210083
R1714,3.1413036379793877,3.3068115387444066,2.986664479838165,3.043957262670286,3.126743391495039
R1715,2.0563423124156337,2.095927799966476,2.222844164655855,1.9595372940291416,1.529591990922345
R1716,3.4016185440724036,3.268131436165108,2.970594979060865,2.892167042776464,3.1571886412404226
R1717,1.871723064747974,1.991524595253324,2.097546827302497,1.9034166376579198,1.7808091074675563
R1718,2.7357006971256177,3.021406367654037,2.537816641615197,2.6556174670710644,2.3622724593021602
R1719,2.1900320864799236,2.1446750856874326,1.8903247178947504,1.8482599046324346,2.0557946851725704
R172,2.695204342421959,2.925480982106705,2.761518848959958,3.13752611248054,3.1893412235597762
R1720,2.6162575357534315,2.156280413911861,2.236601940712128,2.0904412627980644,2.280180470062222
R1721,2.8255982341507284,2.914597958106943,2.7458870160705535,2.765978699003983,2.7348359388402854
R1722,2.211101911331887,2.3963539943513323,2.5147111766113683,2.12323220266951,2.4303233251442453
R1723,3.5123613976515986,3.16816950935846,3.1161517977857116,2.714670388326791,3.2567152169105174
R1724,2.665741210456029,2.75422223864828,2.5993266755863282,2.1359899276413907,2.6530109681045357
R1725,1.8581635649581452,2.0738543689829916,2.486376592623602,2.18032618270311,1.9219630878388025
R1726,3.44677828934096,3.402761877591985,3.3415132729867496,3.23500545936192,3.435235866326115
R1727,3.995278591297818,3.6974598786617046,3.3512198950424326,3.189883421271516,3.051621120578273
R1728,3.4086496584294377,3.2288942883059684,3.1687461212799977,2.891899347148993,3.061718324505173
R1729,2.554167017445629,2.7196361231878816,2.431363803547692,2.068376854278939,2.364839050338886
R173,4.20532881727669,3.6926030397440273,3.3449189359563745,3.6431093072577894,3.4031693373092815
R1730,2.557630334481577,2.4652831547328384,2.6404933197177316,2.6438934567822256,2.7368000188505084
R1731,0.09959879132694117,0.18380176398653253,0.13185178228708266,0.3369423790623697,0.4183425959953886
R1732,0.3889654802514007,0.6105372342854165,0.61217874495864,0.7195262923143166,0.6547863944439988
R1733,0.4701580690007259,0.47015093500852234,0.2667372347618152,0.2114049063104416,0.3335007378048232
R1734,0.4415663664928974,0.5296752484195417,0.5521658153993075,0.6742451165844053,0.6060570846091589
R1735,0.31490888992406074,0.3033398126806842,0.4034585724569978,0.39749432061174433,0.4342749010056706
R1736,0.8983604069670564,1.3468388469303707,1.137444600699671,1.1579245533941027,0.8942083231401854
R1737,0.1494880597302168,0.20570378387712848,0.053704336638053,0.3806095387327068,0.2529024873780409
R1738,0.8917879537467582,1.2497515165007251,1.0596323358466944,1.1410748392451429,0.988369135549882
R1739,0.5464023281650949,0.8031738583025034,0.6163465535030422,0.603102943686026,0.6506417031830318
R174,1.6651259949308708,1.995092213491307,1.5198413285381498,1.87363807761781,1.7678496418783354
R1740,0.35422836170793665,0.27869539519994013,0.2680782500403956,0.5200978186258498,0.3483903904694124
R1745,0.43613356819938165,0.22343116243944977,0.3246075106297238,0.1981777849656491,0.3504780899751817
R1748,0.5075938671511773,0.324416049662507,0.22369931398847157,0.3165354078391274,0.25086412176704903
R175,2.666348019202899,2.6592074584733316,2.4587641524615425,2.839701151599051,2.3607918672432846
R1750,0.38499304704365134,0.5081506469721195,0.6491123192691506,0.4503288570953028,0.34922824032344435
R1751,0.3683634959096638,0.35301238362210197,0.516333028079986,0.5127262096065976,0.3975967202029918
R1752,0.2630372111174925,0.35574275819337287,0.25813301650403775,0.3469137287966079,0.23034808406750673
R1757,0.4449620438823417,0.6085096556901958,0.4885919890592886,0.32157697236561594,0.4373773871237095
R176,2.7189312170328197,2.753989901080781,2.6275693535578655,2.517389245166508,2.7312207875337804
R1762,1.66051090412889,1.4220611567161046,1.7429788928506826,1.9424982837463431,1.682426110643911
R1763,1.7202976138548953,1.5809655557733786,1.8636659393216437,1.5026422398822423,1.5286565596884785
R1764,0.8359857467135952,1.1192572868458184,1.3522853839356592,1.0497773584015053,1.046189905973667
R1765,1.0801477226005922,1.274777330410722,1.5965011458632714,1.489079441852152,1.4937998584226528
R1766,2.2176898091102815,2.4783935471738725,2.302437126510765,2.193641767360198,2.3751054181476543
R1767,0.27895196798278815,0.6787319411960816,0.5563819541362047,0.19625595307171073,0.12661876031332361
R1768,0.7747683481226372,1.2300166895173457,1.4484154733643544,1.1670391544219731,1.403155220514452
R1769,0.8044039794700962,1.037243623789697,1.0379727728460615,0.9693693338435283,0.8358428301528293
R177,2.9657094284060577,3.2267016773526027,3.0241900001198547,3.2743618348096795,3.2542662490197802
R1770,0.7973964711262512,0.051014533725964616,0.6970881042684482,0.6947186868189645,0.4689399852326034
R1771,0.8652494669505048,1.1293533618302023,1.0506064950753302,1.1386087206840134,1.758363889102336
R1772,0.6640962678617395,0.8376616762264895,0.9720251805703239,0.42744144402495443,0.6650706206666313
R1773,1.3812909625515377,1.4638494661735608,1.3767176127888558,1.4201672717464342,1.068950554717464
R1774,1.2591758946789842,1.0702230818525797,1.6451152408839669,1.3382357230148323,1.5366000595093807
R1775,0.44604845011898353,0.41721326445745344,0.3191424034637511,0.33366567695983945,0.2179638420482493
R1776,0.7787438820429214,0.8181481581128809,0.8775660412545568,0.5899851587059093,0.8234342350481124
R1777,0.9304248091512369,0.38921574450014074,0.7634747557125192,0.752229439901442,0.6761213157516349
R1778,1.0657522560106125,1.188769089809596,1.1969046504119152,1.207704155573479,0.9629304799172475
R1779,1.8538215028659055,1.9721055467477053,2.023607221117083,1.7899602630804607,1.8523820062898784
R178,1.5873311832643273,1.594168333208147,1.6896915398462167,1.2333667099945196,1.1539492137163612
R1780,1.2417544479085028,1.4192999320891397,1.8114824866824981,1.5586967467776132,1.129469720616065
R1781,0.10887034941168716,0.6845229813016762,0.5753483892925726,0.41576168092108795,0.5321729923142188
R1782,0.3718088387966692,0.5519719464274936,0.2550566690802836,0.0,0.30968785542014665
R1783,1.8309443895944093,2.088134011681362,2.113202505298228,1.7838649064656869,2.2199161222895145
R1784,0.4395528457551908,0.7032799570748819,0.24066770067213764,0.45775580327315485,0.4110735891285987
R1785,1.691743330879046,1.6879873248962776,1.7724862646248598,1.6801751443045179,1.2551310824447959
R1786,2.009156491657751,1.7183677888264064,1.8739054890822548,1.3635256394411435,1.5267012388667691
R1787,0.8819022895997629,0.9539579067506821,1.0180540008145553,0.6812298089554853,0.9718044892089847
R1788,1.3151100715210429,1.3421709809257372,1.3615962128714891,1.5949472587216622,0.8540454351815652
R1789,0.5245950993953066,0.6698414294730415,0.9002261863612101,0.9226172321005182,1.0072965443907431
R179,3.136540427956833,3.0355002065618315,2.5990039520521955,2.6483360565791796,2.892238501634789
R1790,0.7513770219835479,0.6396367874043728,1.316349203620097,0.9058716536448708,1.2122952956699493
R1791,2.0079355088380493,2.5760156333225526,2.4952038897750564,2.4342541670839855,2.4513783810210046
R1792,0.7035310365422872,0.42252973917267267,1.046436794590098,1.0626387739455847,0.565092490826144
R1793,1.025579534129184,1.5617433945540753,1.6889274865125221,1.378606906827574,1.5698079985894535
R1794,1.2016887186808463,1.3480621192972866,1.2793501327101968,1.2949526215062785,1.4540722567864486
R1795,0.23346680905769115,0.1896172170785563,0.2312917250671062,0.031134263382596047,0.1844579255819757
R1796,0.24849595631577265,0.35997201740299534,0.26557442668398357,0.5971733931789228,0.3703360533097833
R1799,0.316213949130482,0.2555280613344277,0.22920557794884913,0.6445434647736878,0.31769064505712596
R18,0.7715966309915261,0.4969678677768017,0.6790817025079934,0.717070688020696,0.720861373947479
R180,0.940954483847862,1.2137506510016485,0.7222398826266662,1.5227099723812747,1.2375646356363155
R1800,0.23422318464674208,0.40678988788205933,0.34614699805767996,0.578094799893457,0.4919622045464521
R1801,0.28660849025437407,0.46407856026846994,0.4854468791451653,0.5007185398053738,0.4210714273459484
R1802,0.09787202359253905,0.5612652204217781,0.44941674713402546,0.5776133367774049,0.5780093301895655
R1804,0.11056301609966128,0.10739508859220569,0.13549216534715447,0.2925898259297949,0.2935552693929917
R1805,0.26305158296828274,0.38703020580606506,0.30122286861563774,0.10498993413015098,0.1915001427477705
R1806,0.033918609965769494,0.4504479940131097,0.40996995014634985,0.6443909791599317,0.45784934094622287
R1809,0.04910663665947738,0.139185811343752,0.14590732501341938,0.18758085596494375,0.27157415655181105
R181,2.954133603968597,3.1240897065330944,2.4982507118204005,2.96355569471398,2.398158571261664
R1810,0.12733414147296182,0.2595632023205768,0.3308642421708487,0.7057624048538105,0.3991751662928163
R1811,0.06370006736042214,0.20260548444584284,0.17968211370888107,0.2722838149581665,0.30316721343332825
R1812,0.1713487581054257,0.1395198661846281,0.08717217238293512,0.11216730916609449,0.173165288575632
R1813,0.2246404179519157,0.2313795280751373,0.2564689215167532,0.5139316719117923,0.3708476489406045
R1815,0.27875475047506826,0.5757102037820649,0.3735816062932097,0.6324531204764806,0.6721775395809505
R1816,0.0,0.35649930616266073,0.26677757250659495,0.41428360387111574,0.48991726247326034
R1817,0.0796362227742363,0.16136997483224377,0.2162567655025113,0.3240014485431546,0.4402544412279609
R1819,0.09180760682944246,0.28137402200084116,0.2577511483990959,0.21215979241558494,0.37652321316290865
R182,2.6655263139926406,2.67052069883295,2.694303996500003,2.4039961857391408,2.438435755788093
R1820,0.28512847983086714,0.2917211290221695,0.12914932714851146,0.36036363157413187,0.3353056476923526
R1821,0.15104417785312824,0.0,0.15206761385185974,0.1380417975014943,0.2716212126662811
R1822,0.19878666919206162,0.08169978291202014,0.2093714425438286,0.3206864501988048,0.12410023941869917
R1823,0.08155784625622979,0.12955896959336852,0.27071127076057605,0.04541872818166705,0.20940979100532445
R1824,0.06427593041451025,0.13588090485046145,0.12802523973791535,0.18575002516711794,0.22652660873185337
R1826,0.4939074265082409,0.6051880126712247,0.5536197035511801,0.1861688164571119,0.48471860378970655
R1827,0.05709120857599803,0.04291171342189378,0.06656706150682425,0.07811008783817767,0.2761959210913807
R1828,0.13295608273449147,0.1041077671728016,0.2734113557537055,0.5958930983366074,0.2755192138016369
R1829,0.1562886425840328,0.11508408215548752,0.2900739929976923,0.298339419301178,0.32943712640810974
R183,3.3113348310557833,3.398795553678834,3.0720937614649984,2.6611598980165887,2.7156458366032306
R1831,0.31827800817885893,0.33994340591323136,0.4135499911480035,0.5715829156057988,0.4234235656067473
R1832,0.19254254692480272,0.352481944569291,0.23431125069751868,0.4440476421903004,0.3702227860000447
R1836,0.17518668983176294,0.23425440180693097,0.09767968676620221,0.5412884166522645,0.37319485702765365
R1839,0.38403790090633083,0.3750416733479582,0.26256985350134465,0.20950493012888224,0.2697187710862124
R1840,0.17469927385823478,0.25907979943436366,0.24849465869401555,0.056884213085869564,0.21592391572243522
R1841,0.09700984333817607,0.10898351553732717,0.07053647099346247,0.18177227010212793,0.10790729417178087
R1843,0.7127919066228114,0.8053070801835944,0.34697466981496505,0.5314717068021371,0.7993491218480233
R1844,0.17800349260035683,0.5518201653513483,0.6418548560753321,0.3518721773659172,0.5079485432590084
R1845,0.16555558595761197,0.3706455020033001,0.35651947054329675,0.44546035817943297,0.39779492772907
R1846,0.3842731861459159,0.20078886961014297,0.34776338650468525,0.4820329402063236,0.6179844231685495
R1848,0.10849470820423436,0.1583138450284981,0.15670644653954685,0.48213348985181886,0.3271636350324663
R1849,0.0,0.4387521322346086,0.09787137404201346,0.46174154562285585,0.522006896161379
R185,2.6455679194230264,2.709866891736492,2.3561489142883736,2.410706103450313,2.4907931639211425
R1851,0.18539152305905374,0.29911882524381145,0.2112928665150899,0.1121979730173735,0.32075875797758335
R1852,0.14384586368745136,0.25274854886253056,0.22289458398927,0.1772177379436317,0.22123599326074822
R1853,0.17127818178494725,0.21033491270903765,0.2279540164322053,0.32956795403739203,0.2731635287385487
R1854,0.374841944796101,0.4907753085399096,0.5295379763101045,0.4771503713794363,0.3624805146367857
R1855,0.2276867182453118,0.2223653111803622,0.2982438279487515,0.3988951536510908,0.2478657209381041
R1856,0.6910703747900103,0.6829467377079176,0.5231411080895724,0.6588552302667514,0.43669069381893094
R1858,0.7900904730922169,0.8011893279836861,0.6485560674137962,0.3450645334288347,0.6402587400855554
R186,2.8140480238235086,2.665444384522879,2.7429941652880365,2.361628243680033,2.688250143885958
R1860,1.0126086224001627,0.43312117411380874,0.5797172775641712,0.66985414796072,0.7520063017317611
R1862,0.31449482809929696,0.2677497144891315,0.33278410176097095,0.37885502516385056,0.533465360452732
R1863,0.31449788353734237,0.1516002624189872,0.0,0.20653137562544496,0.056573045672356194
R1864,0.414602056712541,0.11841246400320342,0.39313625113639566,0.04001352382497827,0.1616797411076875
R1865,0.38525687308586515,0.003913016049207401,0.2980904359197512,0.03419049485549195,0.1275349972258719
R1866,0.124768731570435,0.0,0.0002357346133771465,0.2562683392031793,0.12684485846155427
R1869,0.8417839523398761,0.48335264835594294,0.4937037240267758,0.5214957299563031,0.37319214376314885
R187,3.474234958499311,3.676816807094108,3.6266797007442313,3.5690791400265858,3.4851028020494876
R1871,0.37482292096124326,0.24082089855517802,0.36996731465593086,0.20424608375941558,0.19520335695145297
R1872,0.3472481229740974,0.17473653178357698,0.0,0.23013666488135257,0.15764718970226121
R1874,0.7228460222724178,0.5080977577454664,0.482373576529285,0.7038939136636917,0.42750669724420254
R1875,0.8738120909408205,0.33414105065560307,0.7461914613344218,0.4337520950311652,0.5385245794406385
R1877,0.3630949547115348,0.1080959249997946,0.34363350901966133,0.011122755703410593,0.17267266924690092
R1878,0.5267133701641429,0.521325744990379,0.7878005408831648,0.7103996784397844,0.5623376413802864
R1879,1.1068532633175818,1.0737099986128091,0.730862797188673,0.6854390574338071,0.6284468482598589
R188,2.2268930801684634,1.8666632169572794,1.5031102790055144,1.7438865131565657,2.0548728769292848
R1880,0.042394561558981705,0.00810745597059715,0.1117005433215389,0.06206059660572509,0.16046300071571487
R1881,0.16444384046665225,0.30206925102274934,0.02117441564796179,0.0,0.19451628119099368
R1882,0.6396238702200228,0.39981234877073585,0.6990396731790157,0.34424841273303647,0.39685572342845743
R1887,0.16341699120624537,0.20741874940422977,0.046243192588095956,0.22764902411179616,0.04415131217491331
R1888,0.7979261993273277,0.514288936522031,0.9014593584733561,0.5680769382620554,0.620047931979212
R189,2.115643682183779,1.6033935978453557,2.068590756423742,1.86387912365842,2.2923411896850676
R1891,0.9636124298621754,0.6492444258091801,0.9182113389262136,0.6200869390292332,0.5913364435524104
R1892,0.8119049173047505,0.6177380368592149,0.6199697267004205,0.5778772556643946,0.5413084028316835
R1895,1.4971074594482743,1.1274618175121376,1.1451224819280632,0.7666072382582291,0.8656813766187288
R1898,0.7546585696292863,0.6139494418944447,0.7574843615115744,0.5223108724001968,0.4488347911163932
R19,1.8920184281031107,1.8378686349451672,0.8787509400371054,1.6513147053179658,1.794589266214223
R190,1.929147548170116,2.0309111493506777,1.654911758049318,2.1219376976557256,1.9796221807988472
R1903,0.4809582390063435,0.012309537799277792,0.3402187751233527,0.04716691865749431,0.5764675922536817
R1904,0.2250593691712883,0.23722520866613547,0.030621944390774543,0.10238554542775023,0.050669739620514645
R1905,0.7904382255826408,0.537024495874204,0.5765823228381233,0.42674808928078656,0.654982738691782
R1908,0.06753094313613266,0.15395570875217884,0.0,0.059951819581219784,0.0
R1909,0.4589857355136248,0.054040535318282235,0.3668233320402568,0.16605436929335501,0.6407920629643842
R191,2.8049762994498435,3.131796717115992,2.670808038816512,2.9511323255703,2.8932946023288064
R1910,0.1880421295622521,0.3861209602478516,0.1631466100414361,0.13690446862987776,0.36493867382648754
R1911,1.3244300343818554,0.8856893738446902,1.0192855124357396,0.6621262496417086,0.7678103112142218
R1913,0.4402491156458196,0.3608261656928694,0.37584468534334486,0.27685613593748976,0.544019936241667
R1915,0.3038754724983425,0.21815697270219023,0.3807830306976415,0.03374143926710808,0.18019817060410565
R1916,0.6904185611309261,0.46200117004103924,0.42705175792957123,0.4565497203612599,0.5673004229254313
R1917,0.4845671158409273,0.5139542218980587,0.42014204771074914,0.6527438629733385,0.6013667976590434
R1918,0.975999639610457,0.6598245207489597,0.8362552377476878,0.7223066575111947,0.9592985199488291
R1919,0.47809556508488577,0.31700237330293174,0.4354988173324304,0.37341673732548736,0.48282884115774916
R192,2.9165633877939685,2.6048941077565377,2.0854355025331417,2.314552617821877,2.3060097793736736
R1920,0.474693365992494,0.4203953231143402,0.45223117242616345,0.37682672706263737,0.30273773674523474
R1921,0.07906510250051715,0.07022524797443361,0.13124458586181154,0.06833388835990654,0.029939667914535183
R1923,0.2501319643998539,0.28430431910464493,0.263233207550421,0.20035329268976557,0.26603053406768745
R1924,1.0054550053511233,0.469075690252291,0.6257127067662512,0.2606771112778916,0.7602267372100873
R1925,0.22707119849813034,0.1098162634638699,0.030829071232785915,0.21777259311644068,0.045507739496980636
R1926,0.37187772887745413,0.2397451820491519,0.3431773394397428,0.21322197820027247,0.19889795654541398
R1927,0.2604405954253461,0.12561419106401056,0.025292416906253008,0.213461963733196,0.20916150918053747
R1928,0.35010143388731435,0.24030569658165993,0.3786480985314434,0.21164061518130572,0.18957870269155494
R1929,1.5275960847688375,1.154685130698377,1.143467377621399,0.7628471777742627,0.8463978850981189
R193,2.069383539922498,1.9656983424563548,1.6446540572908765,2.252454825742548,2.319403863706917
R1930,0.35827065656289053,0.24764217042529063,0.3988990227957308,0.04412608784808203,0.2029843049137194
R1931,0.4982487536102465,0.4005597337657247,0.4029963411111947,0.24038797703283526,0.4207400885567312
R1932,0.9645347971839936,0.3071793902631514,0.48096650747408887,0.23364654953483824,0.6757619996259717
R1933,1.0121814774083073,0.7302868848015368,0.9472355650256494,0.7563447661716947,0.6169920562062299
R1934,0.08668656251471551,0.10998845527276656,0.14620021676935824,0.08460406778302998,0.23696977078771708
R1936,0.8054736905703103,0.4245034992017102,0.6661566725105541,0.8325323534081968,0.42737540177780436
R1937,0.8992325300042652,0.9879283015874107,0.6173079379496893,0.6425019604758423,0.5762289721911174
R1938,0.40382209614517084,0.26878644542287483,0.30382272193522675,0.17854654728929178,0.2903051004502199
R1939,0.4986082364884391,0.46904867896272145,0.5050221680434762,0.3946790352501113,0.580116483065988
R194,1.3816560196708294,1.1320632780380349,1.296393928152598,1.4143150252954095,1.5704228175658224
R1940,0.13701066836271178,0.19461448888518762,0.47278818994014543,0.3544110440359015,0.37707113225291544
R1941,1.211781459478015,1.0899840644127663,1.0805121603773515,0.6456627367574881,1.0930144396532124
R1942,0.6931673158791251,0.8086287125807812,0.5994470682587397,0.34258853038491327,1.0118363500811778
R1945,0.20647344941815465,0.054544861004357584,0.11766248430527713,0.01939301250834948,0.10546972738029949
R1946,2.2946841177090587,2.0340803047238403,1.7606627472501915,1.7011486768491775,1.6028328047422122
R1947,0.9454008317943313,0.6529272079407589,0.8912492156902609,0.6259703473937355,0.5811344601370607
R1948,0.6499501045761069,0.4359573477552563,0.3598856435542416,0.3520500961448899,0.7749314974306413
R1949,0.9396799448032533,0.6791955540671648,0.9453673314927222,0.6061629540063088,0.5410741955137385
R195,1.6764707809603405,1.7490035513670348,1.8237642277613026,1.978581378287818,1.7999158722905197
R1950,0.2692534384714058,0.0,0.2240393381377728,0.0,0.10824444224092693
R1951,0.32133561980608016,0.30524107510371984,0.2954221434852484,0.36701373678426097,0.6762014755491712
R1953,0.7789610486500905,0.8138339457080939,0.5254525145006593,0.6025330404975137,0.6506606797581183
R1955,0.6918383149017084,0.8837126271898762,0.7351907038637425,0.3946219929690264,0.974660399308974
R1956,0.5146067037621261,0.4101836345830832,0.33085972357160803,0.36744827462380936,0.44089637205829707
R1957,0.641931636598688,0.8128253336367248,0.5041488170739769,0.179870803761722,0.7483863196104231
R1959,0.26920594001850423,0.4149478242766261,0.17177670125559272,0.15520058331478823,0.4905424081835645
R196,2.2775929149104837,2.5272699327012615,2.1440994695454214,2.176411952653368,2.3727924067019517
R1960,1.086299579505347,1.0071962098517593,0.8443870614281407,0.7429938540587357,0.8291220462839411
R1961,0.5312079308434263,0.1382471524166685,0.3828843846031224,0.31806701572933066,0.2927763301979441
R1962,1.3581798564949568,1.544471133396648,1.4570402176089527,1.172413555574308,1.2607691370132912
R1963,1.5749710593462714,1.326462288397727,1.4595860274384636,1.364235781156896,1.1341024682499685
R1964,0.6058144852636468,0.6831766529047617,0.74460600563332,0.6840519604384244,0.7573108493496373
R1966,0.8145690439384504,1.187720769482579,1.2678434557960654,1.2205465530913284,1.085274195173707
R1968,0.566253302496974,0.7151482150902422,0.9847141052794586,0.6230318201588352,0.7223545018810795
R1969,0.6256991391134805,0.8661712274314989,0.7044760774429324,0.7475888898999412,0.8273354438769855
R197,2.315147264618076,2.4139903543503127,2.5679882342794715,2.3167404434072925,2.4979556285506326
R1970,1.0886384109295477,1.290041184581546,1.371985196021804,1.1193616825683204,1.078979251936426
R1971,0.5134412878057869,0.6975817384948154,0.9910315561994173,0.8523019960362589,1.1892410361100954
R1972,1.159468065808601,0.9482988924252039,1.0853808164757808,1.0618725751190974,1.1080888063844936
R1973,0.32225470743324797,0.39240183211897045,0.21981684413172783,0.0,0.15853498198136456
R1974,0.7968633109343761,1.0021425112896534,1.2838284867396226,0.8943263882831933,0.9196790513812955
R1975,0.4287426138689884,0.8544896925332708,0.5001771467631181,0.6845314613508343,0.767877382655414
R1976,1.0193245928593064,1.0888177710863003,1.4558337794301615,1.0060417447370003,1.007974243520087
R1977,0.9186237522214743,1.1047315873474486,1.251764544280761,0.6973010244368436,1.1003001844240399
R1978,0.44496671457228054,0.4910158342176706,0.1132986364919123,0.15993623354909586,0.185462536951867
R1979,0.9255334661325082,0.9789101593392403,1.2438720887087917,1.0695681561630745,0.7514172212063708
R198,2.3413038872970326,2.4744085381153016,2.240804076858881,2.092739282450144,2.1840932127533295
R1980,0.3927371065083171,0.7114271346895154,0.7980503849719607,0.7390951527009951,1.097109641718139
R1981,0.032387419564624806,0.012824571374530988,0.10927340272650053,0.0,0.1373058460973165
R1982,0.8112840117024401,0.6377514555794376,0.9652956818798636,0.9614536314438158,0.7408815960999193
R1983,0.7230070847230609,1.0599197260813438,1.0181192735743287,0.7692850315908852,0.8058691667616837
R1984,0.9583958760396131,1.159302012295402,1.1098323173109954,0.9309737116780503,1.346817763503077
R1985,0.25516410972938325,0.5846817238417218,0.3809589393652274,0.2191694688963604,0.214491108693256
R1986,0.5577971006046163,0.4778702540772463,0.5535229526061884,0.0016810044030167689,0.34738214307604587
R1987,0.9386360425759305,0.775484252442909,0.7031102860642054,0.7163794479624326,0.6187189464874439
R1988,0.9984185893955231,1.393246080964369,1.479369658064998,1.05245353551898,1.00933538856265
R1989,0.7220223956656465,0.8854089556713477,0.8955179140753073,0.8916805704071522,0.9253142393810336
R199,2.991865254990275,2.965700729659763,3.1188057612884093,2.6593523723777466,2.8340863178678593
R1990,0.06603930748995489,0.034662596085458484,0.10937258523420791,0.13441033210865552,0.1747610968383931
R1991,0.0,0.08958688171951382,0.0,0.06935082925772254,0.531492197482782
R1992,0.22289220897832082,0.11617739906590553,0.017888901141606614,0.04892390172294204,0.04973089962216384
R1994,0.951012807731459,1.1461125267824652,1.2790923397350489,1.1402938709290622,1.2507392112192768
R1995,0.49603645033491944,0.6884072996379177,0.5703650243059682,0.5593371418629719,0.529182204951568
R1996,1.1462606226498608,1.094394769086053,1.2202889799959102,1.0471673530327665,0.913182194859127
R1998,0.0,0.0,0.002701642888441952,0.0,0.08290337527430854
R1999,0.9070786625567724,1.0318497661770083,1.320266450742333,0.8982907240374488,1.1541777083640818
R2,0.37870884523427334,0.48211366113948534,0.42280839248380925,0.3980504393429348,0.3783857248348626
R20,1.3940465576645988,1.2830921833713855,0.7361616166802001,0.9276463673631722,1.0119475384095662
R200,1.6560295951598574,1.653633165554411,1.5857746137521815,1.6732265469179073,1.6787686963575
R2000,0.9154748452279029,1.2513216293399338,1.153330488940313,1.024680743557805,1.2166026369038807
R2001,1.2084942382369988,1.250916569391775,1.2339391402075366,0.7854563266314949,0.9461793997303045
R2002,0.8543720506275707,0.8213422968084924,0.8698192669423156,1.0351490940277974,0.9427051564510732
R2003,0.37563239683155847,0.4846510949329616,0.4964837709850292,0.4731610636698227,0.3426162874914215
R2004,0.30769846357437797,0.21657601368909216,0.2360945099938468,0.21170358257378086,0.057777457354374694
R2006,0.9952259994004409,1.0933502292911552,0.9873331258063028,1.0074757758961266,0.807858066053271
R2007,1.371429639355608,1.2112698908879242,1.3782197806700867,1.0641714277427825,0.9633052416702882
R2008,0.27891629395324175,0.006895983707645937,0.15241492703549722,0.20482949171615616,0.6290892829313726
R2009,0.4987015299271861,0.27852436775924844,0.33711327288891657,0.2597144642415505,0.4799622299067308
R201,2.189446195371046,2.448837528597893,2.3281510039170517,2.2788182710597447,2.1962257358376207
R2011,0.18495481879114586,0.4274013599377567,0.4096434294224065,0.3667963865741477,0.40497737030816955
R2012,0.2032348750621725,0.18291801817211273,0.34410167479428044,0.5034699865007171,0.45290789977213347
R2013,0.31038301143070224,0.1735231786681413,0.33534234744809965,0.47350048778903137,0.38560557444266214
R2015,0.47047667416684497,0.6674732779983336,0.5303627722063106,0.3884207685888202,0.38913767915131375
R2016,0.9609256533245221,0.4015518282353228,0.74811771113796,0.5689805427134993,0.5619103396286964
R2019,0.9655846074390095,1.300567083923829,1.421112856946479,1.1951797926038135,0.8995808596099234
R202,1.7089886448565863,2.0060486389184238,2.1342370496411727,1.6104209881785794,1.824585818512802
R2020,0.5350649904929092,0.5030406178074397,0.4630987220665819,0.6778423635869497,0.38175541054643686
R2021,0.5747209677300075,0.5879967524978388,0.5419387847164233,0.6538606523363786,0.44514768245131336
R2023,0.8691980057471547,0.9612049540392563,1.1269359444674913,0.6227935659429161,1.1692973564819378
R2024,0.9397201116443695,0.9761005088957281,1.1019433106086949,1.1855184851591998,1.0610514563380757
R2026,0.3239930648707557,0.3400093436352188,0.45163077650936756,0.45535942827093046,0.6081845575253478
R2028,0.3626511516846657,0.4378140269689902,0.816066014541192,0.48329007131074386,0.3778294251760874
R2029,0.3188550017001462,0.4040429004310486,0.44628899123310634,0.4993725173043492,0.5778067179789855
R203,3.0638137368556566,2.71367444403267,2.942682196528477,2.8979911442705864,3.221666810686465
R2030,0.5562062347460903,0.37976518919556657,0.49511366227633674,0.5116050960874299,0.4678753619501732
R2031,0.4297176598725167,0.45548635688581623,0.3268094331254998,0.5143926228134998,0.49448356513305264
R2032,0.17273397773408286,0.18728793613540481,0.3614079472348897,0.596295369193265,0.7787165937749772
R2033,0.41518081311908983,0.3699447863362313,0.41376860167365626,0.5820101211605938,0.625359076215294
R2034,0.5968610154135877,0.7382184000905163,0.4692167352078388,0.633550229919407,0.41264036787918984
R2035,0.5932114796541161,0.5826759578794013,0.43418472265477553,0.5292610257141684,0.6859987862381692
R2038,0.6677218003446923,0.22808928506407652,0.2376361185711904,0.4005058013288079,0.3876006739682441
R204,1.8726053540733005,1.3373757580185572,0.9611222979185691,1.534774970666462,2.2875056462715744
R2041,0.2175121722632862,0.5470965152849104,0.31245451184485246,0.5965297800836927,0.6594845720963717
R2042,0.4142306500411136,0.5232938278229607,0.5048238104663025,0.4758401856849061,0.4140793705094727
R2043,1.0363414710119838,0.5563243893926536,0.7509151250992633,0.6676863903127318,0.7004614580507443
R2044,0.4584686782616316,0.6753409018295352,0.49874246966514474,0.3487815465647845,0.53666051398448
R2047,0.27368182137260316,0.6578272221497783,0.4916473999921606,0.5816693932161583,0.8269289664757978
R2048,0.4484216501805815,0.5261974966437858,0.3712637859680044,0.5081918594643168,0.6469495320715646
R205,2.4891854843990324,2.4415769750517105,2.2638002255722713,2.2830230912687854,2.209782240384536
R2050,0.32841491590854555,0.4942885016019479,0.3717848239766979,0.3366041764253035,0.1374297681686855
R2052,0.3111290943053552,0.4400976534859859,0.5184137112081861,0.40665425919642767,0.46526400635680965
R2055,0.2539101501438314,0.28606532929730455,0.3262645598484044,0.4479082165112635,0.4496983722690162
R2057,0.3412412438843048,0.3162237740553057,0.46491408738394957,0.5400246788514534,0.4618107343053335
R2058,0.3893590209515043,0.3199835707067268,0.3039611666383487,0.585216494986851,0.5986928054632922
R2059,0.9134189742307901,0.9922739855643965,1.007721782416268,1.1842198205687067,0.7266065625982899
R206,1.8157705574144474,1.548400360436462,1.6513293489759553,1.8660254272977164,1.6575430700373257
R2063,0.29038351209101343,0.28446622647185915,0.18860146731130323,0.42104276390128365,0.2826301172721718
R2064,0.9758948171790824,0.8432913718060058,0.8723211777623754,0.7642807711183646,0.7485266659481101
R2065,0.08824522786216366,0.19579563645632406,0.19308320678602175,0.2595231637262611,0.28224845912637525
R2066,1.3204181350800732,0.9894369177208571,1.005293433017308,0.5250237185655224,0.8693424290601147
R2067,0.2662596038848381,0.520820427232425,0.34436022418000206,0.5086927819012639,0.48972978803832967
R2068,0.2864181756590489,0.29352373368645934,0.4986682415827211,0.320023110540521,0.540508463859682
R207,2.783732841205507,2.8602906664245964,2.356982437532223,2.826837910589866,2.6338494971531623
R2070,0.2175166948119827,0.4279973573165509,0.24030437123554282,0.5645216867336142,0.43269165963608447
R2071,0.21352406141045224,0.45155062375847027,0.2962715630899721,0.412644939691521,0.4184005828245329
R2072,0.870726879172168,0.7266645056113563,0.8533179774890046,0.5742550852828765,0.9287163104358248
R2073,0.27176148921082055,0.4660677780111446,0.323163961875622,0.4769542939794595,0.4705352276038979
R2074,0.38388968629171794,0.33652260935081935,0.38910822878890705,0.6180117959319422,0.6345395411883413
R2077,1.255285915467087,1.111578079369946,0.930389404255394,0.7013615752228074,0.9530017843945823
R2078,0.7168785519131925,0.5803213767155682,0.40440258740646146,0.48319069487853994,0.6139283980853188
R2079,0.4041637835326674,0.8632635924581404,0.5025161461552793,0.5736325234752097,0.40780294830406244
R208,1.9812904608016872,1.6280529960351224,1.8674668389646167,2.030924105507297,1.9634605259798505
R2081,0.25621863768027736,0.19280771753138237,0.1590594745078816,0.46657045115744056,0.1768724528210125
R2083,0.05982183393645027,0.38916875868118544,0.27418166061853877,0.4677903548854352,0.2731263616536128
R2084,0.341531027955854,0.260508996390361,0.2451599655627179,0.23581669807567313,0.3980925101776629
R2085,0.24690284849804292,0.7449421952134226,0.6032424801545088,0.8703544243294409,0.8596145631278367
R2088,0.4772020113855825,0.7451311462182361,0.46833506566249383,0.6244526558679733,0.46049189601750606
R2089,0.15264947699302409,0.06952702582027546,0.2731790335890348,0.2880912461117772,0.45297212475225007
R209,1.997610882888152,1.9158930945658603,2.202184748784885,1.6306294007906355,1.8739872807218902
R2090,0.6423484919656846,0.691643956794207,0.7803117321815272,0.35634741910088263,0.39407861942810213
R2094,0.23343475231831146,0.4376157309368994,0.5876129945087402,0.4888866549441557,0.6554510895223401
R2095,0.6102322318917216,0.597952860747201,0.49965512453638633,0.4030716123515659,0.6594833378037193
R2096,0.6225298940130759,0.7274968520544559,0.34364301221385446,0.4520926965252758,0.5525945237710119
R2097,0.3533275842167918,0.29890486998081467,0.32122335351653175,0.3948256623318563,0.5408311804532496
R2099,0.4141273198072271,0.5128721746529271,0.53557570367228,0.3136870756586464,0.24940122934306821
R21,0.8129608667124179,0.9257019694842131,0.8156024371571482,0.8569902369725574,0.37601024354288315
R210,2.365291650063786,2.6812894053497063,2.398345387801185,2.100743970640303,2.4615183870700883
R2101,0.6325313771169678,0.5447551094583132,1.2298999753126465,1.0896024903404617,0.7985278213062139
R2102,1.1702740962870959,1.6407480958401626,1.7781799743266749,1.8184745205729682,1.5052567892249247
R2103,0.7001823152361769,0.4974231378581493,0.4067428850706255,0.5649074447104027,0.5527236212511272
R2105,0.7027401878682629,0.7479679777034627,0.18185087651886986,0.6224810124298027,0.5767969682188906
R2106,0.2303316016868732,0.5025464949600268,0.5729995820456407,0.4978234419058132,0.7007855609278903
R2109,0.8537621462638926,0.8844508032231426,1.3481478452196842,1.6595567797493016,3.2397603083954825
R211,3.615525744497525,3.5824482690325614,3.442435771395338,3.7100130860210023,3.7079169431611323
R2110,2.7240270069308936,3.196557691986686,2.758672057515236,2.7701370601860957,2.705628940092731
R2111,0.6263904770852418,0.5966055254278162,0.8884181288271522,1.103459930453926,1.106781874343655
R2113,0.6283945286816712,1.5136972638249566,1.2012064912640485,0.977991831637612,0.9714203516203425
R2114,0.9335251394032321,1.6542179787427893,1.4964212876504663,1.3151264259565993,1.3917550722877603
R2117,2.247657615890067,2.359755036542064,2.022319642697091,2.1337362653075758,1.5109100687786088
R2119,1.4298010346755652,1.2004766914913483,1.3387819742700933,1.5334264016627743,1.4957356219203457
R212,3.101182732719938,2.926792612881216,2.862132398919594,2.8487145326036662,2.618466076492661
R2120,1.9391416702507036,1.6574155859427315,1.7579604490406335,2.121249405361189,1.9721968518585373
R2121,1.2238701580553133,0.7281566599769437,0.9698761085426877,0.9486141494005494,1.116043338630063
R2122,1.5622812030826192,0.7780080558682805,0.980362563598492,0.8152039659359228,1.2496565488757676
R2123,0.5790678712325045,0.6924604979795432,0.6605025028198284,0.37957592643585014,0.7619223418628626
R2125,1.2534679235995645,1.3474595656054964,1.1247035483625272,1.7016138228348943,2.0856778895023322
R2126,2.0641838012451372,2.050930316341352,2.068212395621454,1.8556880272780436,2.247311880284216
R2127,1.4557785203452203,1.5306917985738975,1.8891477097323706,1.6821998583400954,1.64446322579883
R213,2.6370595661150293,2.914428862394448,2.3366520950347858,2.4701770396014364,2.635383049249069
R2130,1.9699746386533659,2.1660801151034557,2.254071695337856,2.732370159189956,2.8391528645125543
R2131,0.5385571018123635,0.6422896947381666,0.8684560277602683,0.7524198697908625,1.0525114868593595
R2133,0.4383485665916812,0.3970644608068453,0.47493521527329474,0.3343312754313164,0.4153886198479623
R2134,0.7180927783270116,0.8693290815186616,0.806041913436005,1.0998806848688323,1.1810152836977101
R2135,2.048421513100169,2.15337227383095,1.5343175275484986,2.194890553296274,2.24934806316795
R2138,0.3990327250539704,0.21029869375787158,0.45154301733641267,0.03889875598011938,0.4878954861658775
R2139,0.45534442823460747,0.9449516011836802,0.5913542682907276,0.8696625642886046,0.7263160257882147
R214,3.0989640180751867,2.9073171028381286,2.9206026221492625,2.823571793569706,2.8503796603469906
R2141,0.3624506753075349,0.46360454955873553,0.6081717256988031,0.5380685171281353,0.44816674028028064
R2144,1.7979387575365178,1.3613847256095712,1.063962988736562,1.2279312253679304,1.2186109295283487
R2149,0.9445256054277609,1.012216079451518,0.8613347207400016,1.0357307336504464,0.8767123443393425
R215,1.83267214794616,1.8808433931775674,2.4683814139963056,2.0064478890035535,1.7512189842419201
R2154,0.28204018559797084,0.4006403081633017,0.46754689576323516,0.43290691918104285,0.24796063558087955
R2155,2.048458582783097,1.9227713999765061,1.908261330418032,1.8278384616221255,2.341829362104097
R2156,0.29226894531283576,0.4274653633348188,0.3388976249681672,0.40563185002292856,0.6532736337713207
R2157,0.5870290715132905,0.3866644837529274,0.42358218834867734,0.2841948513084859,0.5407916974426239
R216,1.0697463997232595,1.541103408681003,0.9899069999701978,0.9957547256905623,1.1088252563055017
R2162,1.6437267936664701,1.270103862250218,0.5575596700585049,0.9817934474864101,1.0278135505474586
R2166,0.6599809998998251,0.8220720853057802,1.5077494237828495,1.2847955322137727,1.684377650228604
R2167,1.7759678151501008,1.8674942069838978,2.3478187349557422,2.216261904542847,1.8107668972174833
R2168,2.136739428431718,2.28178254933766,2.803227432489756,3.011042539912355,2.239232509665833
R217,1.7047591369694683,1.8044079470745102,1.8736594150416352,1.276644888452136,1.71354745406329
R2172,1.4202777905028423,1.8792356284695355,1.481810635355921,1.3439497952608126,1.1812705899488583
R2173,0.42377812509824164,0.5604678887470975,0.47364710597551607,0.39711712095047574,0.25443386588681816
R2174,1.5874073255112084,1.6426687216695348,1.5398762556442291,1.6468079157567883,1.6230100910537248
R2175,2.5364687220637574,2.7258353944055447,2.4943642772367625,1.9419681104674447,2.6322282549768246
R2176,0.03087860917815424,0.0,0.0,0.0,0.03541330268587375
R2177,0.7108803037346922,0.6450546734759528,0.49086636119955135,0.24216571132249773,1.0853618796121451
R2178,0.23518830675092062,0.2860555298772839,0.16246022868539095,0.24975174384904433,0.1865106370674304
R2179,0.03943950842750773,0.20377860847660412,0.2990395931975225,0.1736593058061402,0.3135420929589378
R218,1.1239068193754238,1.4189995129653188,1.2272975508962423,1.6052597107464095,1.6740250825074836
R2180,0.3247002023681845,0.5045787771945679,0.7191451720543245,0.457714860107493,0.6520384189952592
R2181,1.5284760534801622,1.7063430708362861,1.5531908812191435,1.464280024516503,1.4405522440350498
R2182,1.8983665924707505,2.129076293784262,2.064321209887705,2.303489938896564,2.142025937361446
R2183,0.6703197955228747,0.8241372200376288,0.742559785021489,0.7513517813627466,0.8695579502042883
R2184,0.23147078914242503,0.2739840222667999,0.2980039667358599,0.20925707781171082,0.34227663964242855
R2185,0.7875401110986555,0.697532681268382,0.7241776580504016,0.6877723769950317,0.9178288388600472
R2186,2.7184914857209814,2.521360522193774,2.3975359521482513,1.9953976055047273,2.2388572824327015
R2187,2.327224367741497,2.2454985785787214,2.331834595382717,2.282463569731063,2.368675574318116
R2188,0.47283790958855215,0.8337373989189288,0.41849242456459335,0.3727943595986692,0.5130880118152886
R2189,2.160110724681182,2.5531793913823444,2.0690373640829063,2.1004703607813298,1.933577616780913
R219,1.551910062748258,1.1167232081171083,1.7124353331902091,1.5256273428455343,1.302898136951947
R2190,0.7938777484078815,0.8153827013646671,0.7682112589570228,0.5599892899281299,0.9526495225962028
R2191,0.4444534405291514,0.590580462575443,0.6384223142877941,0.857984456742371,0.8930115438280524
R2192,2.5391889640979537,2.8353312317206076,2.7451884466001015,2.039224779009514,1.942553792989789
R2193,2.924300849509587,2.6101057461774677,2.5328317288379014,2.407202757902109,2.5026313880633184
R2194,0.126717444677685,0.05780409254193758,0.04548265262122196,0.1413612894382602,0.16680389491048453
R2195,0.0646673107583391,0.04338988522518532,0.0779907428388497,0.0,0.06909741287504177
R2196,0.06021341177552061,0.0,0.0,0.07265297687726459,0.0
R2197,1.8403630825574258,1.8899840906115923,2.072679033838674,2.130559709298975,2.1950117921561163
R2198,0.4528894712251572,0.34548885226682136,0.4122900924242555,0.0,0.8129152511206958
R2199,0.9386597748339887,0.8098696500501908,0.7536674449426454,0.6371590102590847,1.032480974323625
R220,1.1548581833266827,0.8175645893880966,1.1309831425597971,0.8120942477991051,0.8321924995538593
R2200,0.12324548848774983,0.07714565452250505,0.06287998309749306,0.1384141337593956,0.21296057300349835
R2201,1.8691653466998313,2.0258718799800235,1.999460200464054,1.734337490430954,1.5697297391949105
R2202,1.2062557075945803,1.5434807973548674,1.1864274519222535,1.4192793929612886,1.4061489821051958
R2203,0.12998940776969728,0.037223189015023736,0.12753495026000075,0.17784251402872858,0.16841896377913435
R2204,1.382594646797129,1.5719380504335028,1.2012772152990283,1.4523479162219932,1.5952926190267747
R2205,0.6300737285762339,0.623147033981798,0.6702143119251475,0.8696976505166728,0.8098034307498366
R2206,0.39268534018959617,0.2927088656692236,0.3244085809010644,0.4887961950512057,0.3664978241707387
R2207,0.7801899405251791,1.080624843317602,0.9890102845128659,1.2117792280959505,1.3582838172834528
R2208,0.08183753465825301,0.2545704387663387,0.1854565303945119,0.31225007961232953,0.48636257139090794
R2209,1.6842316674639508,1.5622066233037046,1.5246996560394726,1.5161489932163812,1.729233307172655
R221,0.2677840056471463,0.8031321781179209,0.4882811764201966,0.07584448483580489,0.5243339799546086
R2210,0.08646496604513218,0.18300173467046943,0.16679483424668673,0.2356206083529257,0.20734422178662842
R2211,0.21127194042524128,0.0733798784030395,0.263335811962938,0.25702100944160955,0.28976481981950664
R2212,0.6470221443746321,0.8631700408971298,0.5195641615066211,0.765034840119633,0.5301693889032758
R2213,0.5871822709808101,0.7367816353268877,0.4899367000380973,0.5883330881128206,0.7497819901924687
R2214,0.7307683295102956,0.7228672037502903,0.5176650484366874,0.5578148120078855,0.5515412752670958
R2215,0.14649611191550324,0.10378525501639549,0.18609289436115908,0.30303022344909164,0.07099406216128257
R2217,0.1307137826680886,0.23748426599513756,0.2396297213611843,0.33885969252005355,0.1765079056959534
R2218,0.20972646363506553,0.2344181150517329,0.11543345967055763,0.5006559575232681,0.36231587775066115
R222,1.6645740375513312,1.627995436483126,1.3517502433205002,0.9435009809008059,1.2785181877009522
R2220,0.5879101738605653,0.9668180144180423,0.581795487338203,0.5967974416187661,0.5531526969672498
R2221,0.6445836879663408,0.6605926905628017,0.6173333565078928,0.9693463783622505,0.5846518110509875
R2222,0.37797428861139365,0.7697531611384482,0.44238211803522276,0.4804404624830188,0.5226612117385485
R2224,0.7328408251884022,1.0219641701397009,0.8267327704643038,0.5274956494358686,0.953394121202522
R2225,0.6957270495785378,0.6899685650729034,0.5352676459828161,0.5179983506338555,0.5167736565449115
R2226,0.6273463610651572,0.933773404405755,0.6075945208609473,0.5166925779773908,0.7323517998766265
R2227,0.7505427774063166,0.6809135506165706,0.6861890342950825,0.7696102442751548,0.6658635127207718
R2228,0.7405874688318347,0.7473168270857966,0.7556006339487218,0.8049940434818712,0.5126939254211915
R2229,0.6032480540643069,0.33238638449477476,0.25336581428372046,0.4669046141018881,0.3415975017354783
R223,1.604414573097671,1.7610347805969413,1.3393320962856265,1.2279427420994833,1.5023460995873446
R2230,0.11618811830714088,0.2496013948343446,0.40788392414777025,0.5437837997181629,0.22791262968093534
R2231,0.1510095433446798,0.3105584632288601,0.16590818158826612,0.3988210714115677,0.2282824773251373
R2232,0.3173558115650209,0.11356178231926131,0.15092545311514358,0.24489937102878742,0.29715718351823567
R2233,0.48364859796091325,0.7332652929866106,0.7109161518059219,0.5061684828175045,0.47531262930327745
R2234,0.7475480742996579,0.6697946866337773,0.45529271291687234,0.6047137630894406,0.8729000852044971
R2235,0.5710600376405698,0.45026152566164424,0.46788435971057707,0.5200327587325585,0.3500314757188008
R2236,0.111755532563241,0.4064029734262399,0.5165690476983212,0.5891827501731148,0.5687079273629793
R2237,0.07854477185400954,0.013637431186863072,0.1763999670859316,0.28360925368151274,0.3001429463397852
R2238,0.3682916639966744,0.05514251268305465,0.2714181538169901,0.27510542336157096,0.4503456130348908
R2239,0.13598948073984485,0.15765226243963673,0.1975222455437617,0.3071811653665131,0.08595622648846388
R224,1.3794239052051207,1.8493898926759118,1.840765809338364,1.85553672638751,1.8480386280211272
R2240,0.3231298476685445,0.10631067814625547,0.13534263166703717,0.2397178497292833,0.2207239667246142
R2241,0.16917949188036516,0.28475015755320554,0.20104932970595785,0.37979152268353933,0.14100632985546746
R2242,0.8456026216178405,0.5337293761919902,1.0274708654008156,0.7414657330156291,0.5083615341577028
R2243,0.5559348519886977,0.6000432428478661,0.7475564209161025,0.6417140281675241,0.7029656596560163
R2244,0.5411460699259484,0.40769388034182125,0.6538288337899797,0.7267096987787066,0.3563808334298838
R2247,1.148789449720672,1.207371464404002,1.088587139189054,1.278296686777019,0.9302554925062577
R225,0.24042981865986163,0.7678302098368609,0.0,0.0,0.0
R2250,0.2435233078954654,0.18046547709447552,0.01885870364343091,0.19027924937500115,0.1775726020351469
R2251,0.6790514239637613,0.6023146150325421,0.5398513322784705,0.712875842806765,0.7391830082591421
R2252,0.42129086566973994,0.5869445197481775,0.2912919047671011,0.6736855933317665,0.5539965548850817
R2253,1.2417142631131446,1.0707345727829123,1.0651361580582888,1.1149603444543132,0.7282589814618395
R2254,0.4886765373731362,0.5678948189544958,0.6731531423374338,0.7895819772711319,0.43798857405551683
R2257,0.4496917376792903,0.27451497278917836,0.414278159848297,0.5793631346235436,0.3293718573933181
R2259,0.3138541276037886,0.4062306994327222,0.223667618103212,0.437331957672971,0.32224969496967354
R226,1.8095583961688144,1.570821019499615,1.6181224602679498,1.3959741332250362,1.820581930175902
R2260,0.3671401198796078,0.6683580364572664,0.33994753673481737,0.8010573656989374,0.26582050833380644
R2263,0.30320504195519454,0.2947965893184308,0.18498972130433974,0.47362731370734307,0.29499121750547924
R2265,0.24617992083306106,0.8283378016642599,0.6935933494936539,0.614221280010703,0.6273893570615614
R2266,0.39340017033924085,0.30335515118315043,0.2684102186993108,0.13105937320330963,0.24452027199419918
R2267,0.3820951332342347,0.264533642938155,0.19934557200577205,0.5571243798714878,0.3893545366341682
R2269,0.44221056011359106,0.5808076975073624,0.638553654855071,0.7693181781977823,0.6663582764676104
R227,1.9728737916065824,2.0011395362857494,1.4510269956334156,1.355662272653282,1.3176103767280969
R2270,0.2936917676273276,0.4234100668494443,0.219924806097254,0.4409621647315665,0.3357605547101239
R2271,0.8462859036130694,0.4484977220292169,0.7344254117935326,0.6192317860894581,0.6142437859078401
R2272,0.22307937838800476,0.23463382105205507,0.31892310807316815,0.3352940844503874,0.4136004858721781
R2273,0.32492238174390164,0.3373500323111495,0.22707517494553858,0.35811416194568735,0.16487145532331793
R2275,0.6697268268416563,0.7828175247273493,0.39522345955190674,0.34094117382712463,0.5670776041234304
R2278,0.7809610706374476,0.9827364587233736,1.043554789495124,1.0537201249542405,0.8047270307294349
R2279,0.7533503793860973,1.1099611798864413,1.0421273543111023,1.2590815218591902,0.9337755032987165
R228,1.2538158183853054,1.3160278727185326,1.5115164178808864,1.254725059110674,1.3016180285982064
R2280,0.5168740938730629,0.9088691267267786,0.6297637966132288,0.5789053048720306,0.5683901645554805
R2281,0.6826216236144599,1.0665302726897963,0.816004540751061,0.7942472760362929,0.8711234528847426
R2282,0.1948807580035497,0.33075236318858275,0.26335855494974236,0.29990937483338864,0.294148901804535
R2283,1.2809741916490398,1.212866455673851,0.7886373267081724,0.9587652106580571,0.9901653010886629
R2284,0.7617721033343668,0.7786865601301933,0.5753512229930613,0.7108052922920155,0.7181943151950677
R2285,0.623594958141812,0.47065502061657005,0.15518658566078983,0.13787543272811753,0.30377095103692736
R2286,2.0093939150831086,1.9007886756758825,1.5514497543908887,1.4346516798308508,1.3011974582457309
R2287,1.368074615984766,1.2271825444078879,0.7852377425344962,0.8162468177565441,0.7958927326856101
R2288,0.04522865343009583,0.0,0.0,0.0,0.13600309280546735
R2289,0.1822047169242401,0.22330754629600572,0.13777274470401166,0.1241840510232463,0.40121218310271045
R229,2.4924453602486443,2.3128433083847573,2.2024927258972666,2.4731202452691794,2.352094382764652
R2290,0.2370819707283224,0.2980063793052899,0.26146570336278646,0.1451138825774291,0.21466463026264201
R2291,1.5717788619300523,1.273445808037318,1.2172938090582701,1.0493867227393727,1.0547254689251715
R2292,0.19126009389410648,0.2808098116219933,0.24775887495741444,0.399709109461357,0.27453739146887873
R2293,0.5641504895486334,0.46732809185083163,0.2013417588722276,0.25237660820513025,0.3569217958901749
R2294,0.8961158072791633,0.8513098929123669,0.8611549734995494,0.920168600187168,0.771279645778573
R2295,1.1785604572437958,0.6973380535357315,0.8887785844258493,0.7726378166650612,0.9831615518991367
R2296,0.10507385794168447,0.19799999670877175,0.1729315001355691,0.045035322312451664,0.3599225038040581
R2297,0.6822904707055659,0.826180598346018,0.4432335232569704,0.4171436440368869,0.4781506239548605
R2298,0.18650376430190163,0.0,0.058003170042463706,0.20601572993859107,0.13646083361987307
R2299,0.12962289670234733,0.38975345467674316,0.37531306785493823,0.49383779078896656,0.6940015488700898
R23,1.286674540565299,0.8657726409850124,1.2015923000774034,0.7378195321770626,0.6836752015139913
R230,0.9123399489307695,1.1257153841944854,1.1634510140620093,1.1427735677407198,0.8511479974508727
R2300,0.15961371801946403,0.02038447772911018,0.004882532763026191,0.11930331025777388,0.48164223584466515
R2301,0.7215490710909976,0.576966134780563,0.6055212933493929,0.7855807962693961,0.619130724908519
R2302,0.7165248747557398,0.49488183072342934,0.6902811024491139,0.42528652319919935,0.44796057392471517
R2303,0.06663396686188076,0.15213493686197396,0.1954084880403959,0.320410893570953,0.28924669915458606
R2304,0.24940857332340155,0.18820116792532088,0.0,0.279148085940267,0.20354063997413974
R2305,1.7490952782372204,1.391927268380927,1.6765954528309068,1.7172710243478255,1.818627367692859
R2306,2.197531966245431,2.194428636570266,2.308694206712122,1.9412871908189238,2.2272828952625856
R2307,1.4067574786280779,0.966305900636467,1.0500259630186266,1.1252179178829826,1.2128031284761944
R2308,0.0,0.0,0.0,0.08818783484757402,0.04489676996367824
R2309,0.04294187470942561,0.08478622489336773,0.10696100412668223,0.4533540332998478,0.41935790854471455
R231,2.0889310827903036,2.1479666378554003,2.5453255616535424,1.7066441570167687,2.3975146218302203
R2310,0.4154907984784029,0.2642744139293643,0.5605068559550497,0.6773657855383545,0.4890411038434872
R2311,1.4286629930676296,1.5380158145471925,1.6584396776504868,1.8274093955729775,1.5673344270426928
R2312,0.849530470019105,0.5720126774685799,0.522192521765906,0.5697882816381717,0.25430034957721204
R2313,0.5948467674367027,0.28799085320037077,0.27472250601850656,0.5065392771413263,0.3319047536319051
R2314,0.29685916361362985,0.33339316743765396,0.4195340133945813,0.5205352780699563,0.5180214899830382
R2315,0.44198571993614466,0.4030384722617124,0.5289814524450938,0.6205042621955044,0.5053520919912882
R2316,0.0,0.0,0.09786387118783164,0.0,0.10984286363405238
R2317,0.24870613166922828,0.18997341673109755,0.5727102953212816,0.8037470248118922,0.7260425697219348
R2318,0.8046227379692683,0.8839578960669693,0.8274025479027611,1.0186620153215027,0.7402169588077645
R2319,0.4836933666989966,0.5570589949337437,0.3926283699766204,0.5265254472888288,0.35726797029755275
R232,1.3649286581459517,1.5593843671283218,1.4398885524908425,1.0419058511122083,1.3880011598921005
R2320,0.46540791618910093,0.27261766934852777,0.19823042925755074,0.33270292132599133,0.5858493602299057
R2321,1.5889221596171306,1.828498536000696,1.955063845218489,1.8491100157314158,1.652534865774418
R2322,1.1231012206466233,0.7222583529989686,0.7150105784181037,0.6325739127431836,0.728188510470092
R2323,1.018257834370856,0.9058311290834462,0.827419406870871,0.8722965327037833,1.126060135385317
R2324,2.005430718549731,1.664461991346529,1.6951336018893017,1.5354592848544562,1.6729469358138258
R2325,0.13889224077523657,0.011270933449831981,0.07266604375752767,0.1334041337547127,0.24946263618165837
R2326,0.7729914739599869,1.111405365872545,1.1573197710334158,1.0169786776054843,1.357404340812216
R2327,0.2950108580859137,0.426118685211399,0.3095415435465876,0.15073293152082315,0.24428933815228257
R2328,1.3179049101044056,0.9003476670537591,0.9445636800773819,0.9805539385234003,0.8050556073010945
R2329,0.8527018734762053,0.8250972218178524,0.9197518266947272,0.945643982867683,1.0898365022645629
R233,1.3538574277080855,1.6555247658331278,1.7518502091027335,1.3650260762650843,1.7593855037586468
R2330,0.7702523807808938,0.5883363486705726,0.5957336984314566,0.6270999989575571,0.4966428624774422
R2331,1.2275275681364664,1.3295257346679683,1.1198069555968628,0.964075978912339,1.1025462657393899
R2332,2.024964491313605,1.6344398612468867,1.8328073536263547,1.7161681913766487,2.074895250569653
R2333,0.12895500470080032,0.4977561301335603,0.3240602699200532,0.5000746113848168,0.6666317533218485
R2334,0.40674713381756566,0.4710904196901221,0.4154962988414617,0.7031827147975371,0.6489279837333813
R2335,0.7750734226233077,1.1194242999385406,0.9370841176655399,0.899365724712621,1.1103174746619473
R2336,0.6595839347782574,0.9634096063823463,0.8807975565778794,0.5944550021387119,0.7234910391496889
R2337,1.5817342118510835,1.4625814089090032,1.57653300056149,1.2747658528460675,1.3616907012802748
R2338,0.8098645866241648,0.5876183677421062,0.6405466809486536,1.0077510641941245,0.8949258967545747
R2339,1.2098774958688452,1.2291512295030607,1.2263829167262628,1.157985107115423,1.1981336711033796
R234,1.114480463054647,1.3317941585927955,0.9203233779401242,1.2893740320054417,1.0198087339906365
R2340,0.8184789272254107,0.8129119275166637,0.8979248239216602,1.0750443956008569,0.9623420339706188
R2341,1.3101070539453452,1.455845286237709,1.5684211077162855,1.5494963538019715,1.6945274212033599
R2342,0.5374424300002534,0.4433586883253734,0.5559159213537775,0.5365538802988337,0.585865808085492
R2343,0.5556057310012459,0.5377121803305945,0.4590255202483208,0.5504539950501397,0.5109702053418728
R2344,1.4884027574094052,1.4177165041927173,1.3819194568368247,0.8892023477982272,1.0230961874502795
R2345,0.7044254897389453,0.9695747176988333,1.0692460554659302,0.9484733265854177,1.0981346469612512
R2346,0.7783672230565618,0.653968739989587,0.8403020634623601,0.8790011018878555,0.695684289575917
R2347,0.4894394328589072,0.49775723081926726,0.5683147482439733,0.7620757803355025,1.0459444443096058
R2348,0.619982614126887,0.4342155015220084,0.3952344961027859,0.5961666460274554,0.4283082994065992
R2349,0.9058479895862297,0.8095415496123469,1.022014956386141,0.830425350130366,0.7817644996614901
R235,1.9606463098537963,2.0299751462512683,2.060188859619943,1.812188193098889,2.2556317073371224
R2350,0.9583378470134958,1.0838875263331609,1.1720410145084073,0.8117888756529844,0.7298646707146469
R2351,1.1725869812946332,1.3189026726014224,1.1404193432682264,1.3617863803977421,1.28386379976868
R2352,0.7294202411183568,1.0361986001534098,1.0014329068655443,1.1912705942081083,1.2714159818007946
R2353,0.5282159541765546,0.4730934962924408,0.2595315726463948,0.09783754132941724,0.23937850560918
R2354,1.237884351304795,1.3610734201247965,1.0258232513820442,1.061264427891993,1.4346556943615523
R2355,0.7954743216623059,1.0986215129000132,1.3260434111612347,1.2193910490219932,1.0663820671197644
R2356,0.38757714567101975,0.5001136517557137,0.7557969490828755,0.9217402802193357,0.8704763745954432
R2357,0.6767704586291637,0.8619743941037761,0.8067828410500344,0.5770693207113873,0.5988683124987454
R2358,0.763250090678665,0.9210290467405998,0.832868787834173,1.0030129395405025,0.8427867733490765
R2359,1.3493964451389866,1.0990406026039978,1.2953476808421283,1.1336531228668831,1.2800496823891305
R236,0.904390378590252,1.1250360797472607,0.6081471486079639,0.9464952590149868,0.7999476984632511
R2360,0.9368269043190025,0.9875945183745107,0.9864965819637204,0.8843869146537346,0.856732480019904
R2361,0.9842589601467973,0.9898424762538678,0.8614907898447713,0.8127539851683827,0.7999218125070869
R2362,0.624492084090505,0.4439746491744969,0.865063300588904,0.8365143733264355,0.7688352958328857
R2363,1.6759343591915195,1.7422244672864369,1.4767684507529346,1.072561820988016,1.1889992543397025
R2364,0.693252771621136,0.853359504122508,0.6771659898163171,0.8234369742776879,0.9260697859656928
R2365,1.0716922645100004,0.7532203002332871,0.8592685660729615,0.7612491741576968,1.3594918102495885
R2366,0.6213514710515525,0.8018125893160195,0.7709425906081485,0.9010241150421352,1.0324843305660574
R2367,0.5736220937602362,0.45681910034862505,0.7004906942560098,0.7158441203781946,0.7463177909607611
R2368,0.7055286009744598,0.7821420142247675,1.000586991013614,0.9818590130898917,1.1343326757768002
R2369,0.36729334215553744,0.5346389174529155,0.24209841755351544,0.16735413715647252,0.34756075521415813
R237,1.02197681397956,0.9933778319151436,1.3552802508894592,1.3302556917809087,1.4055484836887127
R2370,1.2380500976192899,1.3048626404369388,0.9924040047511943,1.0142785932045477,1.1095967466714307
R2371,0.7544058211018586,0.9231178159621403,0.8629546091393249,1.0284769096924113,0.8828732907548608
R2372,0.5236756382699889,0.7166843685527325,0.8388627417945791,0.9585908513130793,1.0805446418701818
R2373,0.2232332874109379,0.26852021272941595,0.44418312659151965,0.5964472352687867,0.4587335547492695
R2374,1.7608053993131023,1.4062411652639573,1.5465246994395399,1.5262826292565446,1.4850978946541686
R2375,1.046520345117673,0.9194365886882796,1.380654712514506,1.0892843561837977,1.0063293039670231
R2376,0.5586739564419385,0.7592085954990653,0.7687978342269935,1.024593722273444,0.9786152150381269
R2377,0.29196853585145166,0.2672200604585795,0.2524879915737921,0.3721561635722725,0.6337483119169262
R2378,0.3175760705007,0.4900191056909047,0.5337748725880582,0.6363170004005398,0.9601856869812424
R2379,1.6435823433937806,1.699959557837727,1.2826946209571746,0.9377285484170195,1.327686465158497
R238,1.0680414726807466,1.1832033697063593,1.317097764668828,1.145883650134703,1.4002286874438454
R2380,1.1334641305241187,1.2842369050251365,1.4239168990108173,1.2106722685556284,1.2564560663128614
R2381,1.5699632662308796,1.1430882374758313,1.796675235329476,1.1667902857703074,1.569991332411037
R2382,0.858752895388359,0.9286761787118031,0.969009280256986,1.151950101318899,0.9937491681146342
R2383,0.3524402885808031,0.5740145801592502,0.5629598512836421,0.4490602382635911,0.7103489812503071
R2384,0.5714831523447104,0.7357427343999317,0.9518112135881232,0.8049046200562295,0.7500607993034266
R2385,0.7814831468993435,0.9410264964769319,0.8502482882085277,1.0716768529053171,0.9864681524142025
R2386,1.1464448036971386,1.0938468788772377,1.1163272223457281,0.9064219577887161,0.8733147867660345
R2387,0.8888526030637109,0.9118653820849484,0.9765088879184483,1.010226152894625,1.111861848378473
R2388,0.9017575850338625,0.8844213884997832,0.9285362080722451,0.5477183495744311,1.2162590957410047
R2389,1.5798320611903451,1.5483233642477345,1.160888438678058,1.166659095356012,1.7068303146491388
R239,1.967494154922269,1.78998822124299,1.8595461508562465,2.3035035396290473,2.1506289570329566
R2390,1.0540554721481559,1.3793724570265726,0.9651456858771995,1.7242956110438894,1.6843295258047608
R2391,0.42882202959370724,0.5995901471457933,0.5376778016257296,0.5883681713310212,0.695887703742366
R2392,0.5684739495097821,0.9152348218682046,0.7506006556341326,1.044710277923455,1.0904928896083628
R2393,1.161615477047422,1.2355843195599445,1.2163877851644245,1.1594510157348887,1.6419031283276937
R2394,0.9973159032434304,1.378239153395238,1.043007594841043,0.6781410902879335,0.9682608985720568
R2396,0.3258064281023348,0.1519912772179237,0.1117849116362588,0.08674246958719181,0.46263075093630673
R2398,0.5470818685109037,0.7086291326127486,0.5677266155805197,0.44980821713061536,0.33331298078607746
R24,0.9608950628813111,0.33483287857528743,0.9918399925028899,0.6061673449433395,0.5988468172820891
R240,1.860802912112229,1.744100946032582,1.7026110767024514,1.2357789876491285,1.8525027527729203
R2400,0.41658429565437033,0.5184809970898404,0.43105390280269373,0.6049159418270018,0.3294761496981442
R2404,0.5557738348843672,0.5783057300947213,0.41038086228016335,0.5120836027464964,0.5859629680265672
R2409,0.4407647174577946,0.3788003787876662,0.34029774724645245,0.23512495651173698,0.3301067668333027
R241,2.6214136227784186,2.548668421048291,2.6248701572124267,2.1809344645488067,2.9268181185237245
R2411,0.0,0.1302206926203704,0.21915414944938433,0.15877657518135466,0.5058264774497067
R2412,0.7010099231298846,0.6896726484707224,0.6453416661689153,0.39456522100321034,0.31659815240194816
R2415,0.6231126521231956,0.45483477867004796,0.5300687660426142,0.5370243443378345,0.37706818288419547
R242,2.309452545777626,2.2863242998106252,2.4243320812311433,2.501873162968217,2.3773810040088788
R2424,0.38219563588922684,0.6317393613528803,0.3426910780328411,0.44613140002010576,0.5185841683833773
R2425,0.625383716654451,0.4789890486415459,0.535067168246207,0.43873800020247056,0.4981822079101631
R2427,1.6317154258965312,1.2409401045515114,0.9117003402854148,1.55677053979612,1.1729212385063172
R243,2.112598296591321,2.333197652831485,1.9648766524371422,1.6445953096793267,2.0618904760120658
R2432,0.0679882751075363,0.11577803988268183,0.05885674828462974,0.1972465151635007,0.2942431386038147
R244,0.7174382631374063,1.0257757799984935,0.9871869383964562,0.6903445742877168,0.8995351613004673
R2440,0.3791230844879081,0.2890186907500725,0.25894327731331906,0.33339399265128855,0.5175599017304502
R2443,0.04427489136477998,0.0244087204363188,0.11159003503586934,0.23437489483818016,0.20672086746426957
R2448,0.6208260753090799,0.7373568221495336,0.5671563764948783,0.5051199776684936,0.5530413220731167
R245,0.8429259950486597,0.922166303543408,0.5964508566343943,0.510022418296847,0.5334141044139769
R2452,0.059348574769396034,0.12251439519038176,0.2565690167361599,0.04788098613620331,0.38591016241341775
R2455,0.5455709310556665,0.5774637959199513,0.4527313470466998,0.7157434551145752,0.4383676338640748
R2458,0.4516167234587023,0.34253238614954107,0.42955046798775987,0.2833112307250877,0.3910359703483155
R2459,0.5033754923464822,0.7629909277012998,0.48833192495728495,0.5568565892548373,0.527810182861123
R246,1.2510230870455354,1.6369123136003256,1.7232579997918025,1.5808363226714996,1.4236446736026422
R2466,0.5243997118526968,0.5983360130473613,0.4790456713231704,0.7141820253121464,0.37625565519874044
R2469,0.47002482736945717,0.19744788971772487,0.1866154494631189,0.1381071472185153,0.3772432911195654
R247,1.159207883890119,1.3854218654631754,1.2537393293715353,1.4809858344401767,1.0281607100482473
R2471,0.44599251754664393,0.5568927101268306,0.4617730307979314,0.6833126624734657,0.3590626264141682
R2478,0.13541984619935446,0.25973093716649226,0.3583684364863646,0.24123954762970312,0.5220360664809955
R248,0.27026655501879154,0.44430783650875216,0.004663061433011238,0.2931310421920834,0.3487121642659794
R2480,0.7105940636152526,0.5797416972395371,0.3818111258356064,0.4277394646075898,0.592169708736866
R2482,0.5695314642643569,0.6923170908363127,0.6460330057299503,0.49203219494597045,0.3235731213955065
R2483,0.6245087087334458,0.4792389694009427,0.5004247296295786,0.5864651893373268,0.41816938606093573
R2484,0.4826652049450909,0.5189073351332808,0.315056237613901,0.5159836859005459,0.5057822833087565
R2487,0.5287091499960336,0.6412999683817352,0.5827816034948531,0.45340352513000154,0.27670177991676176
R249,1.741726069429412,2.4711156254759064,2.102515921292888,2.276664686856739,2.4438532473954746
R2490,1.9937348791130654,1.897857503191601,1.6694635584202522,1.327762520174347,1.3727137729032604
R2491,0.6442503955441734,0.815271807747004,0.3871424605740313,0.44763325725023145,0.6021257528813087
R2492,0.48134564516989825,0.7214007254987305,0.6423139672519704,0.5845304360064384,0.6856800593136667
R2493,1.6025680346690956,1.715779073963659,1.3254823352895648,1.7581794483265836,1.2869268492136534
R2494,1.1398123045415596,0.857758198989891,0.7244954513626536,1.1977259269021947,0.778404290712006
R2495,1.3760400356567897,1.393753798494113,1.0769308535392794,0.9369525439488096,1.0117400692639873
R2496,0.24350467115138638,0.45324106976412365,0.5830454803613005,0.046694869958237066,0.09285722289337914
R2497,0.7236700454571457,0.7235121648246682,0.5419797541153016,0.3939394742971022,0.4684572653744472
R2498,0.44675939494105793,0.7210851674612361,0.3595010363712432,0.5062759944993385,0.7190558748586956
R2499,2.873325708648461,1.9904451845383002,2.053448067286395,2.2804271284912265,2.2637193493137
R25,1.2412691743126834,1.1884286625364129,1.2818877146127672,1.0993160649327407,1.0567759468302655
R250,1.808350121434388,2.313754779544293,2.1597260873650703,1.7441986211138396,2.1213760948178186
R2500,0.2312795190704315,0.2979315129974856,0.3656142888609044,0.11893155049065673,0.20638129826702953
R2501,0.6267632006491856,0.9908835335779451,0.5006724271076588,0.78831624843349,0.3544096094709519
R2502,1.732594610034834,1.210358797670206,1.2975338624445725,1.426121181528625,1.5331857346785625
R2503,1.9609721173797305,1.29431139267843,1.5153430103031784,1.6941127276096917,1.3984112354422908
R2504,2.134986917878688,1.4767020523647556,1.7698069017996523,1.3832687077360741,1.3039959847138676
R2505,2.1802269181605656,2.063887523998743,1.768596902817998,1.3783524416160131,1.351930999902683
R2506,0.7545826602346375,1.0019262278318548,0.7224983108905626,0.7043163820570122,0.979666926441415
R2507,1.9381161548083272,1.4684904435615875,1.7541674193366426,1.5356182904159295,1.1474639652919223
R2508,0.8550741310913011,0.6248333723347428,0.31685685542677805,0.3562389927405054,0.18513475459316028
R2509,0.8617167482349632,0.9059804871783645,0.7982023737089189,0.8238414134966917,0.4651312628123093
R251,1.237101987375793,1.5684483014365636,1.5329308275023135,1.3423314424542139,1.7907608175644003
R2510,0.9951954819568368,0.7044442393664885,1.1083372232813073,1.2253157627683844,0.7369375119542281
R2511,0.22484394086049939,0.2775412714505271,0.39602638036321663,0.10498073514864685,0.3049987696065556
R2512,1.2511300135359038,1.3160726153075,1.0754447431144685,1.4913589355056622,1.2707141316151052
R2513,1.9593328458676935,1.7949266641394372,1.769348214188216,1.4903157361245056,0.9561149739325473
R2514,1.2555369941371646,1.8595668921778252,1.8247859006528357,1.4575159879350328,1.3187974407263252
R2515,1.7424305229167512,1.2156257378755153,1.5596356648780902,1.4879237007233437,1.17705226138579
R2516,1.0096996419115856,0.8786485787738249,1.361347099694094,1.263817637542186,1.2686054744341
R2517,2.4128843457883447,1.7168119252294187,1.6661274734444622,1.5332212537397922,1.0832984236668306
R2518,1.5172342182013983,1.3838303707810231,1.5533801376378655,1.5659098543057388,1.368283220027468
R2519,1.0961736217748719,1.361741331404205,1.5064366882354814,1.2392429060809564,1.7137022460322113
R252,1.9307207667482886,2.1368334305129837,2.1996617896732653,2.7367336773258195,2.205804689671308
R2520,1.9445467878237457,1.954475940758926,1.9652545437625206,1.8564135716370163,1.7219708949733943
R2521,0.3284626748325774,0.28366289589209875,0.5488300443544789,0.47057190959325773,0.39919392026892475
R2522,1.779858866343623,1.6586588111985325,1.6982106041042793,1.7001313036035037,1.722281542872654
R2523,0.6171001448439647,0.5195141261125694,0.6961910069698525,0.9301136136523495,0.8723325614856723
R2524,0.8360338911324589,0.9263493683469416,0.7657158081203987,0.7438409034221316,0.5194146647189863
R2525,0.22680147135535064,0.21979703400158843,0.20727303092133942,0.13301482980727208,0.15464409978293625
R2526,0.6050621384807283,0.3287056151531917,0.22747942846794672,0.392540462906232,0.48772158960149953
R2527,1.577982189048893,1.6742800499151667,1.17703314010256,1.6985351737141328,1.4535196540158708
R2528,0.813183711974948,0.3379345327395649,0.619992168131289,0.7478295669211007,1.8496854192125423
R2529,0.9849047212487069,0.9463202561406114,0.5509285982390175,0.5866531911323769,0.6694279705376959
R253,1.2478079383474454,1.0150925250963114,1.2504308994564044,1.3458975297563727,1.0980105422043065
R2530,0.4536457315847546,0.9155116932241673,0.9484928245636512,0.9739257105773413,0.7063736273033794
R2531,1.3825122857624206,1.0140418439712882,0.9130084586571046,1.0890753287508392,0.8930403572464439
R2532,1.2711340419660973,1.417499212007536,1.12449273223682,1.7773067908276348,1.7091163792266943
R2533,0.8321126236745059,0.8242769434436653,1.1424250561269005,1.2774289305135405,1.0601755273919098
R2534,1.1200609456981956,0.7333550171322096,0.7850281663110293,0.6794618666799642,0.8086126649893896
R2535,0.6243625531247708,0.6756022608034278,0.4573910447239369,0.3063307381230743,0.3321623567472222
R2536,1.7629030555159,1.6051463931805334,1.570145142102327,1.366804678110146,1.624202586941215
R2537,0.9800482388332582,0.8288111852625955,0.8220826765221035,1.2930379642387684,1.363135101124533
R2539,2.7657163520826,1.813677728482093,2.086067149227444,2.3430197959364234,1.9434798009070253
R254,0.7946298671297646,0.8022223721590522,0.5058290986300507,0.42932618762557756,1.0301068355843777
R2540,1.003821779539423,1.011482084640337,1.1747787217675945,1.7392549693252348,1.2469547266049892
R2541,0.7761480402423356,0.949976892951819,0.1233411754493502,0.3245793797750909,0.32637091835117016
R2542,1.057559228180181,1.3263790248806302,0.9535501456125065,0.730608933716854,0.9591682400612591
R2543,0.8068949234226028,0.9144447730301133,1.1998666203444497,1.0505952734231614,0.8705646415227857
R2544,0.34948721256782744,0.19733521344946992,0.7047328459513394,0.22880729329640062,0.3511741608226914
R2545,1.8406600664306223,1.6729780746121954,1.652863616213067,1.5066063785212918,1.3815042258556045
R2546,2.313823695222432,1.7959891161748154,1.5375464072225868,1.7289415117059581,1.8382583852343093
R2547,0.6347984998683476,0.9620367963601576,0.7196751939285391,1.2503237526984572,0.7791012818120521
R2548,0.5019478530423486,0.6385673610640913,0.6728613303749644,0.6661410157748602,0.4860341600850563
R2549,1.3698647779415851,1.5123505240600197,1.7482881045747265,2.129722579097079,2.326391009736766
R255,1.0874663800426145,0.8512275341027765,1.0020530653659139,0.8212150977487124,0.866300543596907
R2551,2.374219943239538,1.9389134194813051,1.9594906760724482,1.958099594392456,1.6015141770284185
R2552,1.3001606508260566,1.460490774900192,1.2124437610784693,1.4670657446133213,1.3303879812871107
R2553,0.7792466404893826,1.220354944928411,0.8486984585490235,1.3092881650854464,0.6898558653467014
R2554,1.0170232890360706,1.385826915578869,1.3447649741271164,0.7107694716470063,0.7142608588019929
R2555,0.9388174076991254,0.12773561664100508,0.8647214166815125,0.8167764359901025,0.42738293528639004
R2556,0.678750339817823,0.7143585513592284,0.5394016452208574,0.8784887820419275,1.1406582625473627
R2557,0.5146983118295153,0.09618752258420063,0.4585938282538531,0.5687411071065556,0.3168800328493552
R2558,2.2439988517887834,1.8213740161138738,2.010102233586875,1.6878411490323733,1.583018382928483
R2559,2.6659359483829683,1.9425116946954157,2.2411724439775247,2.3450363602951416,1.882640558381803
R256,1.9307469087214635,1.8736169251253747,1.7126932434153457,1.3713378764798971,1.5824185315438362
R2560,0.0,0.0,0.24664020648593166,0.0,0.04874904221792825
R2561,1.6317662717997385,1.317079828392181,1.7809482926042146,1.3141242912054452,1.1562796652814877
R2562,2.1707466191971188,1.839099379247851,1.1069308433291563,1.7809963156806001,1.2566978139641802
R2563,1.6952495869699034,1.283906326059648,1.472957281798705,1.1355361052723503,1.4288767345147415
R2564,1.0926090394178318,0.35649473937449977,0.779686754122412,0.5434939442940133,0.69336906217624
R2565,0.4752776996552091,0.6235015856793692,0.4703667057885041,0.3801510497142314,0.2400812925945309
R2566,0.7925532192159377,0.6815594211936268,0.7922567277085012,0.37418651042928813,0.5302479214305623
R2567,2.186730434215606,1.8320316087755024,1.9855583334325606,2.3829140833111455,1.4344206635036052
R2568,0.553349047562534,0.3267944995087146,0.2283020248105778,0.5015985612265107,0.43767959033248294
R2569,0.350557430206774,0.6480979322615961,0.4785641790223482,0.6136088102509445,0.4852579351768526
R257,0.6626822543009807,0.37175647383294264,0.5780850164852194,0.5246071380294559,0.6512576795755892
R2570,1.6998188108667005,1.5101363741204752,1.6215756539419495,1.6563090404323337,1.4412346222300225
R2571,2.0310491401030135,1.3646746167960364,1.7610588691398739,1.9074502964151696,1.5230781853953468
R2572,0.9096196890006563,0.779796939542589,0.7207074414597239,0.9413613949099704,0.7911871286413973
R2573,0.14978108971509266,0.2053556326749623,0.12700776532860286,0.21565868512015138,0.07873413049287903
R2574,1.1328126384651889,0.8259871178107802,1.1761375054106993,0.8812120033036279,0.8152027887390985
R2575,0.7973216588338106,0.7503721989543194,0.2637598062887619,0.6781200732393063,0.20960163545381097
R2576,0.6725344592415493,0.6223738604197276,0.44962896091772253,0.4622996408621837,0.4168871226285953
R2577,2.0058475411200987,1.902916473361756,2.15338928813333,1.9377181537210657,1.6466791529154161
R2578,1.1199035954210934,0.5313031580090196,0.5489203589545412,0.21966368980328405,0.3997999481597129
R2579,1.1810932895412658,1.479355416290451,1.4943512760281599,1.5005332470292372,1.3661379904980804
R258,0.6830419567233934,0.6151350411303794,0.5958018582442384,0.6664314782616013,0.7723831402764274
R2581,1.242019105810071,0.49619946396266834,0.4182860566309546,0.7669325452210413,0.9496750533317049
R2582,0.4633356186456504,0.0,0.16739139492992622,0.20489587776993956,0.22175826224824932
R2583,1.8864772633021838,1.3532770003243615,1.4438292671122315,1.1207316781314183,1.453198286055749
R2584,1.0606344484214079,1.1975805550100287,0.7811138201532272,0.6768609281667921,0.6979295221399485
R2585,1.223679929744057,1.1004035393369485,1.4658150515362207,0.8508172771880311,1.0448873513558525
R2586,1.9903379708616236,1.7286786429074055,1.7045960988265283,1.5569535548649587,1.7366818156390895
R2587,1.3953872507385139,1.280765169587818,0.8772003052869626,0.8768552796399891,0.5856142554462013
R2588,2.2552228121894946,2.0545530545817283,2.1708474056927654,1.775726587527354,1.5850821566167936
R2589,0.349860247100671,0.2825280977457555,0.15670350489796786,0.07477425983720151,0.13616949438900405
R259,2.2455181269005067,2.658701863891819,2.3820523225890007,2.187191889877408,2.390234054086484
R2590,0.17709373008705406,0.14983872297718404,0.09258717263596333,0.0,0.0707895690854285
R2591,0.2716246117510293,0.2988244904862166,0.14359593270788343,0.23196469698618602,0.5110758777857201
R2592,0.758643745658808,0.837173805837016,1.2896879512296084,1.0928720676917278,0.9918591110196396
R2593,0.8542068037699914,0.609346450380445,0.7060962478516565,0.6288103253438082,0.5700837217661994
R2594,1.3183390580603864,0.6106024794508458,0.7089505644301544,0.8725959482365062,0.43209847572072163
R2595,1.7860527485066477,1.3450622145203903,1.744229221893746,1.9483666874023526,1.6865257192397183
R2596,0.6117607066380774,0.13954635226068426,0.41752890179343305,0.6065225557565249,0.38167522262794434
R2597,2.3712254292726964,1.7520022143215184,1.9901686740157443,1.607462532644229,1.3368236531315851
R2598,1.7250506605185552,1.490626830904726,1.7853659588104733,1.865094427121196,1.688361797333359
R2599,1.676775542481518,1.4150540724447236,1.4902057784872873,1.3418531208458564,1.0149572791761134
R26,1.0505821927082795,0.6176578996234098,0.46782226439531666,0.5671253568174468,0.7709248796807646
R260,0.658576156429185,0.8997992429324513,0.9578118815420593,0.804666625629878,1.2617719944192325
R2600,1.6392256175819073,1.062189842920539,1.9610218588577428,1.6060940321089006,1.4032155081196132
R2601,0.9660764987755186,0.9650469859720594,0.9577027484752199,1.2302545893933126,1.2722306380734854
R2602,1.6468291490656246,1.287315640793505,1.5493526485430047,1.4907588148021766,1.0809076452492787
R2603,0.021486585947368884,0.24990812873836443,0.31262627982620217,0.22399537418373813,0.16797655558947877
R2604,0.0,0.0,0.0,0.12882589769252475,0.1222604738321385
R2605,1.2917521702297095,1.446540808518922,1.2272963279624416,1.457933226373176,1.790158077042413
R2606,1.389362333300382,1.1794166332917453,1.2459386615358456,1.2525825744382904,1.3280635407150696
R2607,0.8068049783265758,0.5902385843371993,0.6222635126981821,0.7612428434300704,0.7062119754523292
R2608,0.6528146935906441,0.27098630262820256,0.896749172870066,0.3677526109441716,1.9124754280748262
R2609,1.1622233797974615,1.3373616234153605,1.597554723580817,1.6051540402917008,1.211689096387298
R261,1.4774095029333276,1.3458846883068636,1.8913367949882571,1.541126079017442,2.0722458883291655
R2611,0.46112365271074435,0.16387063271036853,0.13774716595545478,0.0,0.3809204850560679
R2612,0.24683060206080348,0.10557159782232788,0.021153702185940353,0.0,0.0
R2613,1.3419126739599279,0.5445263386409399,1.2989073557288615,1.0265332516959864,1.0800526438992661
R2614,0.7769520052361504,0.6136754801602881,0.7820252249542347,0.5335112755117817,0.5496370080751429
R2615,1.6917092473905837,1.0440425163473923,1.5902518220752262,1.993216459328187,1.3744857563680333
R2616,0.8973143216360707,0.9985701449042588,1.0049827722929434,0.865275561698881,0.9781544120494395
R2617,2.0890979993083514,1.7945078072755634,2.0804270774178573,2.01332057284663,1.1652639148564836
R2618,1.0997621154024178,0.6514694794234819,0.9700470750135918,1.0558164245531827,0.9036477087652398
R2619,1.0966270163696614,1.2011350730240595,0.9855749839022523,0.7752497854357879,1.1842199330354326
R262,2.095462561416655,1.9009243398751345,2.1822057808810804,1.6895850803690917,2.0222974788562587
R2620,0.5686184020388786,0.5803181838505747,0.34335344540575635,0.1861578873580595,0.3775375330856048
R2621,1.2800715011948491,0.9894569743874939,1.4671955815702067,1.34820506310114,1.0918951558680894
R2622,1.6583678823810424,1.602356922196191,1.8697210198252348,1.5787825038331447,1.9415808822646836
R2623,1.3178202135287849,1.543684096958169,1.1738998128869003,1.161545393717798,0.806709184512726
R2624,1.4781376973454592,1.886182733373921,2.085496178767016,2.121649304502717,2.082781810484452
R2625,1.2703145906134439,1.2305356620631394,1.5672468429995854,1.125004631570236,1.0300265092595178
R2626,1.8255257945571433,1.8460265304003742,1.7675543041728559,1.4141432605265516,1.5441705968562442
R2627,1.6166717334928782,1.2728308468424003,2.060177528556853,1.930015646276137,1.7577630708070122
R2628,0.5580506166222033,0.23182856620833098,0.43678392782997305,1.1466428559132338,1.8435799634394332
R2629,1.4994869331245744,1.4430165980407206,1.4983112946059165,1.2611687340877409,1.195062027209069
R263,1.1786732773961752,1.6549845703392505,1.3958215356882162,0.8678594610480346,1.3974652172797488
R2630,1.8321433670012157,1.8062339224340311,1.8729702600546523,2.0071480496649414,2.224199911263474
R2631,1.514893286678801,1.3285935613780744,1.4221978420797807,1.217742383719655,1.3235623172960158
R2632,0.0,0.32152856397215007,0.23361723709662024,0.0008752280264878398,0.0
R2633,2.4631314322649462,2.0184651060071914,1.422196771778426,1.8281434182996683,1.413936759719582
R2634,1.8361916701704253,1.0006500216048833,0.486959402909262,0.9042525035324634,0.5857189244036208
R2635,0.4130318887670824,0.2928143302546543,0.2707143045920442,0.39431379444643405,0.25055569179479636
R2636,1.7250324945564819,1.53633709786353,1.7538162647677757,1.7464642007966622,1.212935685208545
R2637,1.9347858473064938,1.6506803332652458,1.5763857825054068,1.8703212355029377,1.4564573143550061
R2638,0.7734357024166622,0.8770646795750624,0.9700405945868511,0.8312104204587766,0.6313812149815113
R2639,1.9870257731482217,1.966605923370813,1.795114798218553,1.31863888229699,1.4326270997289239
R264,0.8670019767643821,1.3362179426213474,1.043934874670282,0.8403096346328307,1.1050772302128669
R2640,0.3463229009915151,0.20584549098636143,0.41912884063433065,0.16929127522462312,0.019568791228086618
R2641,1.728046792406393,1.4000522217043725,1.508569417177805,1.2213681830525078,1.0299466372990043
R2642,0.20179940580093225,0.29380646486898837,0.18057136643307167,0.2621963242535781,0.18214069450532258
R2643,1.6034058480343838,1.352887251116311,1.3544774318791786,1.3216686485725422,1.3970548745272984
R2644,1.9877509917512017,1.5704191115584085,1.81752249632099,2.0879239663743725,1.7476790201131116
R2645,0.7253950575702525,0.25662994882193185,0.4983564690051957,0.5205508196957145,0.7603765911545795
R2646,0.42423672262571643,0.061882059216522727,0.16246807501029703,0.14804922563833467,0.25341826660087935
R2647,1.404976334533167,1.3384295906362333,0.8278693347736656,0.939406593607308,0.9630651473766738
R2648,0.5579893160223751,0.6139300980173885,0.29546886035595243,0.5013240887768382,0.42165445003252255
R2649,1.7427218338019155,1.5972514551015928,1.7628282236597312,1.8321235604659643,2.0684782526766163
R265,1.0597360030302498,0.8973803863139603,0.9574014940278033,0.7926556623029908,1.081092783802649
R2650,0.9574229549616694,0.9064511033888086,0.575451361881778,0.7820615541864635,0.4558663216617226
R2651,1.3784086399955002,1.1566578633989413,1.4656980752447994,1.3989918529170282,1.2152493319242095
R2652,1.9505659388693513,1.5440560072004088,1.3323511658960971,1.2279933913103136,1.4336067467148834
R2653,0.9176347339194978,0.6346587292075567,1.204559449564825,0.8143361911559188,0.7167489124757485
R2654,0.9831377179603972,0.8974071085136874,1.0246984526426028,1.1274221024041815,0.7736862031876255
R2655,1.6953566367142383,1.7377599832436466,1.05421828059587,1.2574518473447782,1.0072158232613575
R2656,1.9704587176603652,1.7979301936056495,2.085622964212131,2.075258316275617,2.166684310715335
R2657,0.6765195883510654,0.808664547853485,1.0513233442649743,1.0206820941991155,0.5657901613743573
R2658,0.834911583352349,1.2172839401775561,0.9116979611068199,1.2653312969582757,1.7875312723370216
R2659,0.45030124029767954,0.38245200204949353,0.5932811646032432,0.2763883877684199,0.23921984563196053
R266,1.3645749031669065,1.3550165866548918,1.6188981432985448,2.108976972143157,1.2972150691735465
R2660,1.7173391740927528,1.1556219627453057,1.0783924690944837,1.959493147920285,1.1431166360349148
R2661,0.3700910759229043,0.5085661929523358,0.39319100917522165,0.46221465166843173,0.2716652025714433
R2662,0.6830615700867531,0.6302701090327439,0.755670368213306,0.3244251200612728,0.4755852776802143
R2663,0.135813115782079,0.0,0.08125037537211657,0.06841576633283934,0.09186232264187914
R2664,1.7882972843768583,1.0598549071411338,1.444885897414312,1.6584064271801808,1.1376632291114122
R2666,0.5142356605303577,0.6250018004497226,0.5606417172926093,0.7570265305928121,0.7499080204822919
R2667,1.0401032893023003,1.0072523951264019,1.1827908224896548,0.8339923328602324,1.064942744453204
R2668,1.164268185053853,0.8787285071860581,0.5526150585452164,0.83580432533585,0.9210681867720532
R2669,0.7195199508639344,0.6446253213354586,0.5222592986896566,0.23796466987093806,0.16296965224715818
R267,1.4580835678200563,1.5195805832280087,1.5773047521154673,1.7782452322427151,1.3207054554876634
R2670,0.14219170053403354,0.04884002853347456,0.005560758075636962,0.07633105205297021,0.005207507238415023
R2671,0.5786465567541748,0.43315963563518156,0.9070903794928118,1.0620672332680479,1.1442998494966656
R2672,0.24190540195758312,0.23849131293976997,0.08843115823367816,0.34667009096357804,0.14152920000932953
R2673,1.7137943958283834,1.0417584715775006,1.6280033698540277,1.31231110907363,1.585762705808811
R2674,0.8971489186752529,0.925931152624521,0.8613587241329352,0.3881819394388435,0.46554530729836147
R2675,0.0,0.2050846202774781,0.07895700316182243,0.0,0.0
R2676,0.7345006090952101,0.5891465162510461,0.49510861841642917,0.5230680989567862,0.657406882049095
R2677,1.0942520879711277,1.3367828792022995,0.9197179099080461,1.1195768558348989,0.7319769276554531
R2678,0.2976743145816917,0.8049169421931801,0.8601114312237607,0.7322809776356192,0.7539466008326522
R2679,0.7952738200575786,0.6304019021818058,0.6929404593068452,0.5735463514801741,0.39375684368019276
R268,0.27592721436189316,0.4639156599954277,0.40160554442728114,0.3735410545316832,0.3692176523135611
R2680,0.9264311740449426,1.2950991139480734,1.132288980352576,1.0783240970223373,1.0822241045727703
R2681,0.2987173713350217,1.1644557885198963,0.7932526441160996,0.6627336840596081,0.6558507205125893
R2682,1.1065019062216859,1.6615488995735916,1.69741685400696,1.2769741507254673,1.2459108296774102
R2684,0.4821926274449814,0.4889657150135184,0.3061155893832779,0.1636634046343549,0.14856072538562454
R2685,1.8310389686017015,1.9832686197879834,2.2352490297494514,2.144956614997488,1.9671669278711252
R2686,0.8605177438437996,1.3891904053595583,1.1283219183678828,0.8792645808198097,1.015285346526812
R2687,0.7356236237954018,0.42463130621513784,0.48662171895934986,0.5728486815007846,0.6941176684926696
R2688,0.6882396633897025,0.6597674213673201,0.6928184861927743,0.8174335176733802,0.7564202306084655
R2689,1.0915447277759949,1.3277683597839025,1.4337001299281495,1.4061127253832368,1.3456556760272116
R269,2.18001426136135,2.2875251914365937,2.5649047655391546,2.4623423375093383,2.120411698373059
R2690,1.317314764199401,1.0898487695890873,0.9272007655812157,0.9628102757474747,0.7646075326368554
R2693,0.39521888016960227,0.03101259976315439,0.03335605138094121,0.0,0.0802479854163905
R2694,1.4592660560119146,1.4926116837213699,1.5771743697176006,1.610576676802275,1.288051838015512
R2695,0.6540928189712308,0.5845877702565477,0.22154436504408048,0.5445222915764252,0.5094570676772671
R2696,0.9993003536476245,1.4166240211320238,1.4297473300729084,0.8690557851844365,0.8048120865015159
R2697,0.4183241324977783,0.39771968263754526,0.37243816184546935,0.4099074881359874,0.735443858336331
R2698,0.8776480359631919,1.0885060178378863,0.5910767884256495,1.0569634597651767,1.0918149108719195
R2699,0.025651925969274705,0.0,0.0,0.0,0.0
R27,1.1959232024366937,0.7078074287401,0.7308464029851737,0.7852735058070925,0.5386309898968262
R270,2.7924497471413456,2.781721168971627,2.654798573744527,2.4817255829848306,2.824389676923614
R2700,1.0540956314045957,1.0766746084077448,1.4869885794278488,1.0305715852604656,0.913168527752571
R2701,0.8461710733975915,0.773708663850911,0.8577350030158453,0.8725171771459571,1.273722260347148
R2702,1.029038381451629,0.69158386764077,0.90363461944661,0.9804759683973261,1.2651766087551157
R2703,0.7770917863896647,0.5808717437816096,1.103131479142777,1.0474425791834754,1.0879287639809356
R2704,1.2471167361291704,0.9739371848860554,1.3028993195344536,1.7528092269927156,1.7803709395246092
R2705,0.31450935516980416,0.14116832499208123,0.36988547013166084,0.0,0.0
R2706,1.010486874407347,1.0642944046384086,0.8219468941267227,0.6029621464006767,0.7391903649714332
R2707,1.583679241300005,1.643993535528689,1.6574411905384385,1.4752047351606923,0.7208358321870556
R2708,1.0343228579631332,1.2592198218362816,0.9392218716058985,0.7912927760643109,1.3083657384906762
R2709,2.186144536154972,1.674696794842588,1.8808249305247715,1.7866725199584568,1.783737041464022
R271,1.3124529079517149,1.7199929682641197,1.4198344693575977,1.7998021616761863,1.7385649779885743
R2710,0.9696152683103596,1.1342215421760156,0.8324051506524466,1.098782796846181,1.0196883332856792
R2711,0.2550108123008517,0.4945852385218864,0.20427850559135594,0.06069111159753578,0.0
R2712,1.2888847514068753,1.425076263810004,1.6618738522421557,1.4965536882307677,1.1613953438703069
R2713,0.7857018986633066,1.1199930633901747,0.9808262696599483,1.6505687636989081,1.5258364217758218
R2714,0.6191600692662194,0.4109966185634452,0.5493680932902409,0.8722113298916571,0.8346252362452995
R2715,1.344921976797416,0.9472386054561531,0.9649781215417531,0.8331345669329371,0.6812451621095162
R2716,2.91952341699618,2.364128225951949,2.0904102557466926,1.9262351631937877,1.1378143457120138
R2717,0.33055650954981897,0.03692175444684112,0.2410166468530351,0.0,0.16835416365202424
R2718,0.20622072557980237,0.00404398225413107,0.0,0.15893319810536846,0.03520953917009736
R2719,1.2237042561942668,0.9129266071806127,0.9852179701687515,1.2248650890961994,0.9286283089198252
R272,1.1938905137544504,0.812759778365291,1.1818296329726132,0.9117586221476912,0.8464112623562047
R2720,0.7609455419185593,0.22422909975858774,0.5690149914248646,0.9040609423701975,0.34210597987751973
R2721,1.5133885932704723,1.3178393994146138,1.3396077042096999,1.4711741471000683,0.9077936993836428
R2722,2.360959527291864,2.2047189593089147,2.901803254690941,2.368229504775704,2.454915841445775
R2723,0.47099794446429005,0.4661363786882679,0.4052288895753645,0.4522777093276889,0.5946876802467442
R2724,0.5936761484916168,0.255174743820633,0.33769791967000506,0.4548869405500572,0.07654697317830461
R2725,0.5456071876383985,0.4100450732670483,0.49975082038227353,0.2860291331027449,0.4883360014706676
R2726,0.638092063669466,0.5033381080941093,0.37210847674733455,0.41621797634300006,0.27388595632147067
R2727,0.23215432525971352,0.0,0.16631868651403328,0.3703811291285348,0.1551097060161691
R2728,0.2688261858271436,0.40530071928830846,0.3328643052089018,0.0,0.24890320200678576
R2729,0.8477145262613042,0.7709577461101627,0.8044988694391649,1.1098049628268,0.5804448795175629
R273,1.3477962515751007,1.1885846364490422,1.312434094931711,0.9696218649239995,1.2563200826072605
R2730,0.35020306003711327,0.5072295169313666,0.44080022144245046,0.6074172615018786,0.2910596863790059
R2731,1.8269658093936079,1.6327058418954201,1.8132041022684005,1.9217946508027632,1.7239726292086308
R2732,1.434598760288591,1.647990487901577,1.9469239931936566,1.8549844908830055,1.3863982621055393
R2733,1.6431659141936064,1.6874865420641265,2.1712438377159398,1.9816972566497995,1.6776585332369958
R2734,2.359516993763492,2.085874665494343,2.3749565337363197,1.9561380370391428,2.0836132313486693
R2735,3.2271719218345694,2.333778052063884,2.321545818357347,1.5089075511985064,1.3432557981922697
R2736,1.3458891988719606,1.0744204684096144,0.8145002670316671,1.038633116689217,0.9354734020913474
R2737,0.30957979649986694,0.0,0.5105051280071758,0.08755611660080302,0.21770473477115446
R2739,0.4553607809370265,0.6383294813610032,0.4427331282208504,0.6994206972350053,0.39009049208795893
R274,1.5770419275455803,1.6155926402170346,1.1074900469825941,0.9644461177227432,1.119608588570435
R2740,1.0032663592309572,0.995232767074607,0.8334436562341802,0.697932646115377,0.7170068520105078
R2741,0.8758423675410805,0.9417046290648554,0.4978312369907176,0.7013952900237221,0.6825103689324205
R2742,1.013813113470003,0.5903256513559746,0.9436038918393631,0.7341025245345892,0.7196449239017835
R2743,1.08515628560766,0.9165412771256092,1.0215387405464562,1.4961124002160553,1.1842705521788608
R2744,1.6288380743310982,1.8646191115519675,1.3617261318504683,1.1295895864383214,1.4451950640015505
R2745,2.3196375040674178,2.0702723988089193,2.3472549691768037,2.0262193773885393,2.4568157885547866
R2746,2.5378582586675384,1.8858524621705528,1.9561419141141454,1.4028035307190956,1.7966150534774952
R2747,1.6454088289783364,1.8336679765903006,1.5336019598836392,1.806303380204819,1.9913432606501134
R2748,1.626297242420366,1.4139176708248775,1.5850073408311958,1.1725820308924415,1.8618551048940712
R2749,1.9595799308529087,1.724311928591309,1.673665402924631,1.7410954304029485,1.9566732118856656
R275,2.159668609308818,2.228427840467242,2.2011524539827114,2.217199145826846,2.3183165400874888
R2750,2.006602867827425,2.0537689327851822,1.9867025432487222,1.9986691059024875,2.371955831220868
R2751,2.4898560472607314,2.1936776539293974,1.986081170266991,1.9293240074401885,2.2432629373250457
R2752,1.3994834575071882,1.767797752639003,1.7170186909311473,1.2161533539357918,1.090900139413874
R2753,1.2280185372416015,1.3830607394544416,1.473096550737733,1.238793489926619,1.1393539259595036
R2754,1.279604084543147,1.610602272466132,1.4773844940717296,1.4602047919577619,1.3150518094011487
R2755,2.308455291308216,2.3286292752650932,2.4142972854713767,2.11883248578214,1.8930456823085522
R2756,0.4312327797537324,0.8412920806504041,1.129648519012345,0.6041269337184003,0.7300624378666124
R2757,2.102958445162059,1.8799743240832,2.011811651842436,1.8900822971820033,1.864302010222895
R2758,2.407273178304168,2.1703968642988594,2.094050793213743,1.6710172577330296,1.9127762991823012
R2759,1.6523322191112932,1.8734213944014468,1.572404514740558,1.1938269876805938,1.2203885423245542
R276,1.5566358904725601,1.3357211934519002,1.3901183140097357,1.3367572929744325,1.7340717971630202
R2760,1.0942966186260765,1.0836882734084634,1.0241994860841126,0.9245937749844024,1.1303120878831205
R2761,2.525330666739931,2.0499116997320517,2.1305212590274674,1.9787057425200896,1.9572538721339083
R2762,1.3633223487296477,1.4932070459804387,1.5863203107531978,1.375845346547809,1.098683933813449
R2763,2.1555850312778344,2.086289514651158,1.9939764128281376,1.74980167969519,2.2091006490349057
R2764,2.0892994908069324,2.2542559229988575,2.089165184419073,1.55608620502811,1.6666602480814188
R2765,2.094003480591452,1.7566837916900448,1.631713546832613,1.9248220480551232,2.034177398566413
R2766,2.225861580765291,2.0060873852478287,1.6952476628319335,1.5392679444153508,1.4685374154846953
R2767,2.0448544128669686,2.334311070322153,2.0152691625738957,1.9689290991644366,2.188609686595024
R2768,2.3183348718062065,2.1218086517325854,2.062790534652296,2.031104760416834,2.1869249382768006
R2769,1.6436382941469905,2.204509590270566,1.9872394824045456,2.0077847414984444,2.203249942915168
R277,0.09792166691163211,0.3099059951991404,0.11867232664815523,0.2887163400890783,0.3593130435922331
R2770,1.4743808071754403,1.7244348559866904,1.8412252486845007,1.2418893506631739,1.6808685793606255
R2771,0.8606043583752814,1.5023187882771345,1.6892168525075435,0.7629402425528589,1.172311741924659
R2772,2.4993947042790197,2.3561325344635096,1.8568835306528402,1.3646007932001256,1.7053819039575067
R2773,0.12418957414215696,0.1361636613835541,0.17985279246970573,0.5096517660423638,0.5398714922633872
R2774,0.15180089354425433,0.4186666264988614,0.2328816489163632,0.4713917688267983,0.41416266296979787
R2775,0.15149111710593824,0.11059664031934698,0.19706146161484342,0.3785274539278266,0.34470323163684014
R2776,0.10663705666535135,0.1321346483483931,0.28596754841388083,0.3967886833265302,0.2914170531513164
R2777,0.38450331268882365,0.44093976618136305,0.4333050228621488,0.6848963900021097,0.7805692791628795
R2778,0.14360756299664845,0.1868839666763221,0.213743917134443,0.2582615157160767,0.5000612315235603
R2779,0.21677393631195493,0.29088620848694474,0.3455828195594216,0.7086239766816697,0.43523180684736223
R278,0.8250457782699252,1.0753257795182514,1.233405078448959,0.8859889346491872,1.5128389712090127
R2780,0.03195460638586883,0.11671595561520891,0.17413260376633233,0.5815894284389695,0.5056553952166631
R2781,0.3049439847621331,0.430079118694491,0.32105125267614365,0.6289027503614406,0.41913727549545937
R2782,0.0896413776423726,0.1904818182438586,0.2564449061734686,0.37862781182343086,0.4077202599621431
R2783,0.2426905640552593,0.3169346321111946,0.3169520909384981,0.4684904132884712,0.49393191554336857
R2784,0.4185135687797199,0.3590171070802264,0.2329304579537376,0.2618538564594219,0.26981284452503473
R2785,0.19977356484810632,0.3819680038494815,0.3478340341140127,0.4565531654798575,0.1762516019843717
R2786,0.24606686121205676,0.28724129025397827,0.14481758419525567,0.5155471819341788,0.49005014693380244
R2789,0.42239103055082117,0.33685950092409805,0.3991942411773166,0.5296311177570812,0.42123897100446184
R279,0.8122631971907169,0.9110558716073633,0.8197365139297389,0.8971281982785622,1.1732150278174298
R2790,1.7702671898769573,1.5823388244951657,1.27484075761426,0.895231168929116,0.8370070511386524
R2792,1.2721019187514877,1.32168154042189,0.7767810361754577,0.6523849200680674,0.5480676823463484
R2793,1.120150602219454,1.4282462624625658,1.350292128235482,1.4150850691325731,0.7585669441801891
R2796,0.7489735041382822,1.013513741217404,0.7744631750604326,0.7506884168052999,0.826692065418451
R2798,0.522971235479098,0.8037686289161793,0.3493869635864299,0.501050403138089,0.6711484362438883
R2799,0.9010996113334386,0.4033848998931063,0.6053510644156647,0.6666432796376797,0.5718259071682144
R2800,0.77591523287602,0.8108333888755825,0.5316487771978633,0.5547616470711018,0.37424070430182377
R2801,2.1182939941350587,2.1538217612448762,1.908408837209375,2.0968725177914114,1.8255132865122443
R2802,0.7021381265234526,0.26829434608206976,0.779467025370686,0.4189907122422141,0.7108167500994657
R2803,0.8252496144928556,0.5798396042505327,0.3040476104295662,0.6340688501299185,0.5237610077615685
R2804,0.6976206732518121,0.6010352982026214,0.3574135502549483,0.6426297917023611,0.4281116631711486
R2805,0.6336725856385245,0.3713035503503502,0.481511056161716,0.3591390340472749,0.5890913705286952
R2806,0.7300968869286635,0.19603711752728903,0.48152612259359084,0.6151877754700941,0.4637600184260044
R2807,1.1801758226059593,1.0874735359139818,0.9026338639014581,0.6391074989904107,0.37564365321667087
R2809,0.967207839752717,0.7016639225125467,0.5042108141676971,0.7969752946930568,0.6058800756749441
R281,0.6841261855441899,0.9707506423421882,0.4776615916557745,0.9242438357894096,0.7001169723416857
R2810,1.265592985971799,1.5967676934472335,1.1140725204508928,1.3140989084964825,0.9031739669361999
R2811,2.4329346564340395,2.7234995150850416,2.449218747903261,2.035547453065495,2.201570929967734
R2812,0.7344352780365239,0.5102457053588653,0.611866046135147,0.5755582370868357,0.4705316227945836
R2813,1.1830801018412287,1.1192199407163208,0.9321688580174848,0.7468297638400531,0.46294261553783933
R2814,0.58608493173154,0.35916896907809137,0.3889445038399073,0.08188266493853444,0.4951880294936965
R2815,1.0758559654488156,1.4205893240077005,1.0183529458216007,0.8470329091833263,1.337057927889289
R2816,1.7328998661513764,1.8683851136935485,1.8597876433446074,1.5260424783761284,1.709815349908255
R2817,0.6964864846183935,0.8978855360497131,0.6704728848746129,0.6665110888238431,0.8584911529448778
R2819,1.5306548709112016,1.2799802545023198,1.5501441536241607,1.4812902244970274,1.700897304291081
R282,0.36281058778742237,0.15564117371788935,0.29367375807939666,0.5243005707941741,0.545961424765028
R2821,0.5541226616532666,0.4866578954771795,0.3252375222290145,0.8431686249603018,0.5139583102769465
R2822,0.25582619821898306,0.290000178349767,0.35687713564289864,0.03226461456231237,0.271646646480366
R2823,1.582948272967391,1.6024224692444777,1.0735240123868486,1.2692484278850622,0.9053993914020465
R2825,1.9341240825585742,1.65818952957069,1.541279239986692,1.6480017658409616,1.4580838428217366
R2826,0.8353670340866094,0.7504227223323781,0.733637353145337,0.4615435421324719,0.5479779623962975
R2827,1.0584450086615438,0.5610032265373249,0.7914670584368675,0.5474720128572543,0.6571835885270377
R2828,0.5459025262090321,0.7572449892066625,0.3263399092979024,0.3067300297045596,0.2580764861300388
R2829,0.6431112902411726,0.22459345449796178,0.33179463070922516,0.4123358048019157,0.40782206569218643
R283,0.3549292226367681,0.5612982427180909,0.49054436762577097,0.6546643040107539,0.8114289916347038
R2830,0.9856524284760647,1.0531181243986547,1.0682907540975697,0.8292026047436266,0.881499870477755
R2833,0.27163868680627157,0.28897787029071004,0.33743090556208905,0.05701919790379088,0.27744593858231775
R2834,0.526221896349692,0.16950929963391356,0.3041974638512324,0.1648712389274527,0.452183965960224
R2835,0.5742466487194582,0.5632718552123923,0.3574513824425183,0.6723482034422252,0.4172900969071832
R2836,0.5539004468503173,0.698359193208219,0.29446910209151406,0.3145188023410487,0.2407653629219007
R2837,0.3319048573483667,0.2099780468742485,0.34393571806364054,0.12491842332820843,0.404960596776175
R2838,0.6005810594623844,0.9154270838635635,0.5024609570964529,0.5334564128375283,0.43228416981863604
R284,0.4783660459074351,0.37645274790152644,0.4292508488367966,0.5131845857533963,0.8974674094406323
R2840,2.310255148788776,2.1849291103742523,1.7280717034669253,1.7906145813161645,1.5188279556794018
R2841,0.9335586978274703,0.5309618639559367,0.4848331995839217,0.4536838216299544,0.8115146539355944
R2842,1.1394813006380304,1.4491301768012088,1.0924824511268896,1.3935222006450914,1.1564365423284777
R2843,0.2565151682359443,0.07227587057944257,0.24629279667121984,0.0,0.2510851081474322
R2844,1.0480970889507275,0.918440424672432,0.7476841192209931,0.640614832228252,0.674917768984949
R2845,0.41037172881479145,0.18607275015211922,0.27977418546107585,0.16699383379917326,0.4927774692070481
R2846,0.752787393981532,0.7966826039455424,0.4171070728446868,0.4791082554368133,0.6928437055437213
R2848,0.5310919193734769,0.2938631377337133,0.46388381604503376,0.0808881319037434,0.34263840488395136
R285,0.18624874026704547,0.22401157727187884,0.08103328279424246,0.26339735923093166,0.13767079546915517
R2850,0.2543338624145336,0.33716144495496114,0.2673902437681968,0.12333637579938701,0.45525705159803004
R2851,0.9539914658047667,0.8544094893809644,0.6933632810527582,0.7096688087987167,0.41100187147599593
R2852,1.228100754834537,0.9616201763173431,0.7075891714522703,1.0695885952085926,1.0909837682197232
R2853,1.4922429859951591,1.461663756225825,1.7663181619418116,1.2902258902206285,1.6236825014538634
R2854,0.6946233465631362,0.9376225604395475,0.7103294859377772,0.6342207847775396,0.8871699749083756
R2855,0.7941625458074466,0.3599744237596835,0.45983782491976877,0.16040053253273756,0.6355484196154553
R2856,1.8626447054037152,1.8087770315193947,1.784140718288784,1.9581800953825923,1.3261539875862263
R2857,1.6057049343965673,1.2354414474322915,0.8171119541198518,0.8611135801869942,0.9868139514612594
R2858,0.7162539947367641,0.4101547004301321,0.4615770540171443,0.575185345856872,0.24021196403412004
R2859,1.436271446655437,1.4504342127184833,1.373102432450949,1.3022130273655024,1.2458240485660481
R286,0.7206772741849327,0.9192373408169281,0.8011081490753911,1.0144759663295104,0.989648399511805
R2860,0.7145742200990592,0.5049437025369293,0.4007185484528139,0.8755366179244302,0.5972882772376124
R2861,0.9112472185774296,1.2403847165372395,0.9759495976729808,1.0888471657076293,1.0134726096506776
R2862,0.5225670603272505,0.17282484231767098,0.3228236206087827,0.16967622177692557,0.46691185206187114
R2863,1.2793437238106633,0.8374165051186067,0.5982556884504171,0.8824742477170573,0.6528942697407784
R287,1.126551666589494,1.693903459552138,1.5141080752971212,1.5352484518016094,1.0801103907051375
R2872,0.934102248661236,1.2123059013512152,0.8814164474528788,0.9724861522041048,0.6648425987966208
R2873,0.2652227148563485,0.25003010741781234,0.35312057051009377,0.027916345282957302,0.3198888493925309
R2874,1.3323860177706626,1.3687424919617446,1.4734288526401793,0.852507173979865,0.614062302367705
R2875,0.5150089679470615,0.3889767098447017,0.39012764132685773,0.5978278707641511,0.6762314882297767
R2876,0.6253091385229713,0.6951222872474412,0.4057822083640105,0.5629967570369293,0.4204182335693174
R2878,0.8049831280038988,0.5607183440507296,0.49297401245151085,0.5577850033140959,0.45749184629387674
R2879,0.7349807404099237,0.4858381103690824,0.6521174582890896,0.5897126711494226,0.4150811604989068
R2881,0.30641036213741485,0.1375741823681638,0.23637316929891128,0.04164107829986339,0.29299557337369225
R2882,1.056306056682385,1.433484785745895,1.0036850859985715,0.80443491275804,1.3221780475560185
R2883,0.7170682435885393,1.0139007754270173,0.765974520502611,0.724314575091826,0.8362354288244254
R2887,0.40279838981221167,0.11492406669592195,0.42518592242542713,0.04854390744043041,0.12956497752320453
R2888,0.7060495631707835,0.4084404117577643,0.45621846222269463,0.6039007036153855,0.2671044303202268
R2889,0.48534711358245997,0.6477688731211926,0.2895300060922507,0.51064103750131,0.6904555105157044
R289,0.711983111456275,0.6835698964704325,0.5016988749051645,0.5041333527427934,0.5311431390564583
R2891,1.3966760585965285,0.9978373501462368,0.8117159369227296,0.4144078869789937,0.8698213740372837
R2892,1.5022541809024654,1.4916537814509816,1.4110090103557602,1.2878782680759215,1.2238886448781245
R2893,1.15227458460612,1.4016169022252198,1.3580254453842266,1.3730863495010601,0.7563880884638579
R2896,0.6583689191760854,0.607091873950753,0.4498676216404679,0.6334952216182737,0.4474046236571526
R2898,1.4797526166345563,1.5245591118939474,1.6098647778557695,1.3308053714901178,1.6808311313367164
R2899,1.3221792280973321,1.6448428653231928,1.577000208341986,1.179905772392076,1.3530067289329446
R290,0.008614726586975955,0.12651813616788585,0.06920547322181841,0.0,0.1563096073866001
R2902,1.0152586085742263,1.2999532680359318,1.0136168494883568,0.8364269420944315,1.3328404225508652
R2903,1.0169506790001175,1.3192279632415123,1.0112937077717041,0.836807794146148,1.333406468223488
R2904,0.9377850562143064,1.0638177439846939,1.0814656873096686,0.7025041324372799,0.8791450850290731
R2907,0.7636942763837138,0.6898510253421408,0.49877748850444104,0.49312161198538396,0.3650046383704534
R2908,0.6281621413020492,0.4374531344494613,0.6400123300531781,0.3716831826626997,0.6268336181357604
R291,1.1143957406746778,1.416928700456663,1.3228280487388133,1.3663682137957713,0.7282158076900737
R2911,0.7672625745628653,0.5488719573569942,0.393911131029606,0.8811488580702002,0.5788130953014883
R2912,0.5441660038245492,0.7196930996974652,0.30267323048363276,0.31808653029864176,0.2262275086792913
R2914,0.757665758290068,0.8110100315022674,0.46792519483987305,0.5177984455471637,0.7264784267530385
R2919,0.3068079910789646,0.020924631267288316,0.18766514237422452,0.006236967032090909,0.4049528349392238
R292,0.6812408169046975,0.4655723365778118,0.34320923749425636,0.36951096443656894,0.43043738420634997
R2921,0.11262116411530367,0.13283094150568342,0.10024947576477455,0.30692163734722694,0.23886082357387006
R2922,1.003338199958146,1.1211328226917934,0.974173698559622,0.7222034981424852,0.9202731538769738
R2923,0.09852648514769358,0.2536054975197219,0.3709168081050986,0.2128222695340474,0.2703633444335901
R2924,1.0191719026625607,1.2296875019994624,1.0754503643075561,0.9249964214254373,1.3801096138443176
R2925,0.7413020452345861,0.5620673230107907,0.6255857069897266,0.6841691906637578,0.6684518003078584
R2926,0.22592006924482944,0.23564343790268752,0.12303595455001512,0.2254194662726321,0.7305233611398886
R2927,0.03589376050946551,0.17365888762327805,0.05904083386842303,0.07640586188516207,0.032668366265896726
R2928,0.4855156483929312,0.6207790627099383,0.732590880692822,0.8140272979204691,0.979241190746456
R2929,0.7416051856152649,0.8388871551162007,0.7865383236813183,0.7759881017172984,0.5422519258465822
R293,0.4492021060827465,0.3184293451627434,0.20748385459187552,0.32026118211247034,0.3566272924494077
R2930,0.860628395960994,1.0367371997463586,1.1428399661130881,0.8068403528576434,0.9818850641798665
R2931,0.8296091094529031,0.9921033791199046,1.3903840592616965,1.2300709727216161,1.298193953480357
R2932,0.9082321346705734,0.6375083587509229,0.2763862889311315,0.3203351451075665,0.7992221766617768
R2933,0.8193648839037618,0.8991781708573604,0.722150152163535,0.8883491073431096,0.9331868834404927
R2934,0.745484860096401,1.1455861044795401,1.0467776484637097,0.8548903172534456,1.1613193476959396
R2935,0.431561465854289,0.554420716414961,0.3670249039975331,0.43337891379661103,0.34757517242305735
R2936,0.7078054796203074,0.8241145722107892,0.833492310500631,0.733923759186969,0.6017959917985637
R2937,0.9802840416766622,0.6367153465139211,1.2439683546466413,0.9182481641882998,1.2542384710153567
R2938,0.33235411154819605,0.37818707167178806,0.43480925057231135,0.3758025243222142,0.32348344850922595
R2939,0.12992700478149932,0.054990525114607364,0.21359588828634843,0.2624363937812069,0.22800313576423942
R294,0.24185841617142256,0.24874121873554048,0.1843640118043393,0.2794399163955661,0.17154781256020898
R2940,0.01802423810210049,0.008615674976324926,0.05463370450932063,0.2315142521952428,0.07628150683733972
R2941,1.0626630134230803,0.9300294693469244,1.2908351499597435,1.3849121549534726,1.634584057117589
R2942,0.7898363047940791,1.0170242812414045,0.8874861506325534,0.9161888186918916,1.0532686473848607
R2943,0.6300213253921049,1.0767469949061672,0.7196793525378804,0.818221756959298,0.6232337087915355
R2944,1.29182724583386,1.542584105874662,1.451225219249176,1.6710310213852435,1.3831995153807342
R2945,0.14533262736120492,0.24256460196379007,0.13704024911398507,0.15566533219255874,0.3891668501047412
R2946,0.09306982126247168,0.25478752320711573,0.1098896194816337,0.2839360675977035,0.3316502561729352
R2947,1.1203628902766118,1.109912854319722,1.1995906193642936,1.198162255867157,0.9455322098358138
R2948,0.8494435828625798,1.207652170144769,1.1480595190964271,0.9752755412480046,0.9269841287383215
R2949,0.525678575379975,0.5038414308605649,0.33422289343138956,0.32623253172578337,0.3989019362361595
R295,1.7770649707942763,2.008553737064054,1.7565754968409943,1.661240898652707,1.5438518141889277
R2950,0.39781792262277704,0.3251713523050696,0.2748802034880907,0.28284781964325634,0.6273202345573997
R2951,0.7104568734670087,0.8971567034969228,0.8173821886943023,0.7676526970158605,0.8098690421784411
R2952,1.2621934086285573,1.2632261185813052,1.1611581955759651,1.1597916243582993,1.199659042854043
R2953,0.8190073426803451,1.3765161615277082,1.2442604313469021,1.2198786122306264,1.0692265290670753
R2954,0.20778710297610584,0.48963718412748286,0.5863384623669311,0.5167653821730914,0.6827654702873606
R2955,0.9874898419232869,1.3136912911428271,1.0402008921430337,1.043436171786867,1.077413898293858
R2956,1.7966899601410509,1.9881337461229789,1.5296694662239745,1.2914707074650233,1.4660030293157638
R2957,0.4994996852746426,0.6313768254433556,0.4581962144363143,0.6696798561305246,0.5750329594842198
R2958,0.871315965640458,0.9474395535871282,0.7938843295694421,0.5449114900340031,0.8427121738417139
R2959,0.462795684711142,0.4553601471940048,0.4697930453881386,0.5709079209506679,0.7088376765964433
R296,1.091262554604179,0.8995598301484031,0.6232169430229463,0.4007514680623887,0.5533505426399509
R2961,0.7797013270094845,0.7934248874783981,0.6009584334432282,0.30108322014773675,0.5697950878114432
R2962,0.6200026172157376,0.5668584694977689,0.8670315306166261,0.5077850002808594,0.7656703224945336
R2964,0.06597729646374849,0.21527412895319975,0.189124347739472,0.4669667617199312,0.24009064039269645
R2969,0.09073638474442884,0.2013487806604459,0.4510306913093876,0.4353910364223997,0.41066564869932426
R297,0.849016433433329,0.8102584815108637,0.888032669250557,0.7890922803623419,0.6030221310567249
R2974,0.8498179982517108,0.8934033567604002,0.8392633107845116,1.0236661550145012,0.8571559780829724
R2977,0.3039404508403665,0.2950553101555356,0.3784236817978558,0.23620606894009324,0.36319595128794824
R2979,0.6795961406775137,0.568797639872954,0.9162378439577724,0.578121691843336,0.933469201097517
R298,0.7013619704884968,0.43940140734964805,0.5596593968028677,0.4439441755781677,0.5660132194423322
R2981,0.9471054120634202,0.5838181939867689,0.7761146237767585,0.43456571783366854,0.8995462555574454
R2982,1.2420165021989211,1.036090442487097,1.0153077911724573,1.0170489265426172,0.9721775304342039
R2983,0.44456106402340123,0.32397497101968764,0.38633124369234323,0.5629583277957544,0.5983576868897518
R2984,0.13660635319382494,0.15575933653097188,0.1873486727417289,0.4035561871191376,0.2893244263578801
R2985,0.03492741957110653,0.15947121281413348,0.4647052017754836,0.5095754109867627,0.4920140051556634
R2986,0.4175190714606062,0.0,0.5251438141818399,0.04214685056662677,0.7291962471935998
R2987,0.12840606957289988,0.23697858719365616,0.18671622277683858,0.2856377605272266,0.3860468933481221
R299,0.7384424853881986,0.49028338681196915,0.6015001222515416,0.3871218792449701,0.37472942875793064
R2990,0.29258246863172116,0.3412524709890289,0.3690104608977494,0.4846082903975923,0.42263943941209436
R2991,0.27973910664539847,0.19297966357690452,0.3832140190589302,0.3696590751781333,0.45333335986542317
R2994,0.561633646449132,0.7310304830815284,0.8864928270013991,0.9781584795756813,0.7482285213631676
R2998,0.07753701181640038,0.2732108294385741,0.3132892303127391,0.44966190768326053,0.5840848779733918
R2999,1.151327538757373,0.6849582638044367,1.1496847761467672,0.8524397028864066,1.2940213751275658
R3,0.24233335256917546,0.21855371469232007,0.30195335864600714,0.1661118834189866,0.4478615784297335
R30,0.08121265836080056,0.13477630805149782,0.08053502486107422,0.0,0.0389889178267878
R300,0.23433104692476558,0.07445580891622401,0.11463922433777776,0.0,0.08267485992922823
R3000,0.98067425897893,0.9243500610584703,0.695325471210892,0.7563053174288723,0.8620227018758936
R3003,0.7204672514542547,0.4965019974429247,0.6368889446078713,0.24893798058967886,0.502521206481019
R3004,0.3684080152269342,0.16375243716810328,0.3726036453600394,0.3897645952957359,0.43615032959910655
R3007,0.07038282884108414,0.09481151049114614,0.15499780588401568,0.40506694508394947,0.41269283061457535
R301,0.19710115095143718,0.15272959908917688,0.08818998483158721,0.07443181492650726,0.1553954078619779
R3011,0.17670107509376656,0.22654122592359494,0.05296458833636138,0.34230270792565354,0.13813842509029883
R3014,0.7755598788209698,0.9741698254520569,1.1581862894405628,1.0366063640559358,0.7982255330386477
R3017,0.3293544782394596,0.3243451162660394,0.389033827085402,0.5498721373521556,0.5220492348777476
R302,1.5332906862148648,1.5640617441134197,1.277453105257083,1.0886084024194198,0.7611437644665625
R3020,0.5107427508394042,0.295085714466537,0.6381814886482647,0.5042701337988613,0.7866692928455893
R3021,0.5073083188748174,0.6043774308297561,0.5140701266240061,0.6425152041341983,0.4568864196195992
R303,0.49762125177753025,0.28563134213332486,0.25055963727697783,0.5470135734942426,0.07201011066456381
R3031,0.37660151717059337,0.3693425132153257,0.39592697501806334,0.5642464056363082,0.5552234282465315
R304,0.5769951384842327,0.6143371744578653,0.4004858909134887,0.20873391575706976,0.44359614179466506
R305,0.08757575261548098,0.3127969799465014,0.3717583121992142,0.14494061427830315,0.2705954372480059
R306,0.2381162669782896,0.21343192523825133,0.17019556319630674,0.13080558307643025,0.14272587148308416
R3062,0.3743590540244389,0.39221206488969923,0.4738272264048721,0.6558436465894187,0.7489078352852508
R3063,0.4961737208465507,0.3798538971677626,0.24090452923699815,0.430107987818607,0.5310197908156958
R307,0.2605045029877102,0.31250982738526856,0.3963097689397603,0.24892655788354312,0.2745989028919346
R3070,0.5045936434694763,0.5428527370669007,0.4965232329850541,0.47376235945562495,0.6219303284608486
R3073,0.28947822999889455,0.23832488773979085,0.18967242845053497,0.48625317574604465,0.8220453458548962
R3076,0.2036948656296615,0.24758430639769527,0.49338151701507776,0.36820290134184236,0.8013997085887793
R308,0.5371203368793551,0.3601707866877288,0.22500320472872828,0.27825994177059993,0.2249810455760996
R3087,0.9736849317971783,1.0539223871751386,1.515804306089457,1.3249030949653642,1.6744208290155573
R3088,0.1467689870504361,0.18341115773814878,0.03568370554331001,0.17247401547353083,0.11593465093064562
R3089,1.0476652413225869,1.1850169355858045,1.1720394370344727,0.8074775004683272,0.8487727813907804
R309,0.11289361406760003,0.0,0.17093526527100494,0.20243634318804216,0.14758271575916437
R3090,1.2410067528434054,1.661714559265513,1.2579075718448927,0.9340735117851833,1.0448585257089225
R3091,1.3065010311861316,1.0785714517675082,1.1118291203048352,0.917413912277881,1.22572636353782
R3092,1.4467257916118847,1.283044300006238,1.588749294508195,0.7220384409237368,0.9188848975086695
R3093,0.917990421595916,1.2505278367312085,1.138087226065162,0.856302929916325,1.1900552109475393
R3094,1.1225858141464489,1.3283396266250767,0.9810000394589856,1.19547615106282,1.698151472092081
R3095,0.8202063100884035,0.5132423391408277,0.6804569471922913,0.5378164372887158,0.8642188179277104
R3096,0.3501319353132864,0.7944048180757594,0.2948412141793356,0.45433075973646764,0.7626491209198648
R3097,1.1013865270466172,1.173769050899727,1.2341871493916206,0.9103868878046728,0.9615007958744914
R3098,2.4521640128381557,2.3782021645228584,2.305994493329056,1.9885964727048902,2.3429883165061094
R3099,0.8031583910016786,0.9669750045382057,0.8152674280870712,0.4998319428019917,1.0142767252898717
R31,0.8701551490139517,0.6369676193983206,0.6961388069777074,0.6613339834543743,0.3969653674526535
R310,0.24229539965319502,0.4938141521016923,0.32009882727774336,0.22665776669676868,0.4013714999335585
R3100,0.5953999624894659,0.8013621416793498,1.1536289830462545,0.6401972692330752,1.03597475417807
R3101,0.7331013643637738,0.4933549743481166,0.727853994573929,0.6703441545389759,0.6222952641783247
R3102,0.9537109984735317,0.7824356987134915,0.937971339150629,1.2295168063317237,0.918750845754297
R3103,0.27786828504522904,0.5873975769529008,0.48991028233994743,0.4277985405335489,0.3196079093018401
R3104,1.4359660429174288,1.5555387980413555,1.3437827437889112,1.209909647960648,0.8614614819671617
R3105,0.6322297210232893,1.1955116866951343,1.1185759988420851,1.110292935240878,0.9525555132124225
R3107,1.1113929288079398,1.1295925355710612,1.061450695409407,0.9951206733783334,1.0374202409999451
R3108,0.5897753813388031,0.859731229044708,0.9363598530244595,0.4974357992331572,0.8297313758091451
R311,0.09012084777010172,0.10614345916821277,0.0,0.0,0.09888009303464002
R312,1.2421479605636816,0.8528487553489706,0.9976438546460736,0.9752489798236387,0.5178800404822448
R313,0.18556700762720435,0.17718512762179675,0.35571204192029715,0.42361547528181587,0.4777829100956178
R314,0.17616542894831988,0.2979112131567914,0.4247409365180077,0.4972067822055788,0.3332301071728287
R315,1.5754893557282603,2.0892940316192155,1.6451592818024603,1.3703966463292125,1.2907479208378785
R316,1.4209885726232308,1.2222477274353376,1.2967182377863384,0.6526022767745313,0.6296693049010553
R317,0.6278258414844532,0.5475013057125397,0.5313807907958424,0.5908884353468107,0.3744664403130105
R318,1.5138642769473922,1.3857452819396163,0.7506529496843868,1.1285565391305246,1.0434730913254895
R319,1.3668888751825958,1.1103331215072942,1.110328917120648,1.1706480628709246,1.0033340542073226
R320,0.23913180458065253,0.07744732953144028,0.22195958842340685,0.4062633946485134,0.4370584850086781
R321,0.13780921585122627,0.18729103324879565,0.19352448726580337,0.04561526809493668,0.24451536490753994
R322,1.082520028344195,1.5343871212413995,1.116430186204344,1.3092809606911453,1.185686743814809
R323,0.0973497426446042,0.0,0.0,0.012832988327035956,0.006221271350156096
R324,0.091878649911415,0.09586718392480381,0.265020599057409,0.33452047776627863,0.21350287946030425
R325,0.6196633775158988,0.6510168796324416,0.5087817120977611,0.4624765678167719,0.6380158060745614
R326,0.9775675839270966,0.8823463859251249,0.5033458044490379,0.7132211379000424,0.49923056538093435
R327,0.33261140815087853,0.3363609985485783,0.24844512776354014,0.3929838533263365,0.5799209736177551
R328,0.17685985093806697,0.14440587084447173,0.05697773018066584,0.0,0.08484201603952898
R329,0.11396648319578949,0.22730253917339988,0.13979668190564,0.28799672049036673,0.21617790547231108
R33,0.1570460447639637,0.11509504102396503,0.1259839374323388,0.12557958091714377,0.02055717337585081
R330,0.38951817865773863,0.3070558616960086,0.3281162928242174,0.4343807200258006,0.5957723993044718
R331,0.35417811405699795,0.23021135386851,0.3690190706316943,0.06647149557651044,0.2212270950287311
R332,0.4515293979702551,0.3714024550341822,0.2603305430799905,0.23940559826845825,0.10862226104130077
R333,1.0987438908308365,0.5479163466043472,0.5713879513139297,0.3856387969457938,0.32998416786559037
R334,0.6869692023178572,0.36879329946553513,0.5396041463353619,0.8137896917131504,0.2691168617124357
R335,1.6422223600854828,1.3293801342357743,1.086808666381048,0.9454312278669121,0.6679764725008058
R336,0.31089209385910066,0.4416750801417953,0.21477072556675805,0.2949353050081187,0.32927792925962446
R337,0.37988298358210176,0.3786535613915802,0.3163789747240584,0.37374041002615177,0.36783324221328495
R338,1.0394278615436958,0.6467610199895334,0.46260385460534686,0.23336078455710352,0.3056759636698809
R339,0.8506212147397766,0.9655254496276837,0.5743692878931974,0.4555054669326064,0.7108114954577464
R34,2.173099415815739,1.9907021173620556,2.553128129240459,2.4013884370553202,2.183999220508377
R340,1.1002128885710127,1.2557242634138186,0.7990382677563828,0.7526152858770087,0.5680541066980198
R341,1.3411770398369331,0.7818723236284092,0.7376507536427818,0.4382343581239512,0.5086898832021733
R342,0.42833873507462034,0.10706776544230232,0.026039604701874084,0.0,0.24148907757061555
R343,0.4077382378895675,0.5028068708325555,0.4619954098305618,0.1650678956992821,0.35951640742076274
R344,1.611009091415301,1.467848158384128,1.3206472133813931,1.0603812015107097,0.7584309556270996
R345,0.9253074798163305,1.0645912968109847,0.9346627906676375,0.7697116236272097,0.7219396063404943
R346,0.3807832073327227,0.2252114144677051,0.22133684412372492,0.3418704358047952,0.14199423559447924
R347,1.0661298286301075,0.5308849329238333,0.535678471870941,0.39448632060067207,0.322127794836399
R348,0.0855551049708053,0.033577244113748364,0.1916348062442813,0.0,0.10360337809253475
R349,0.5266145860128808,0.4171263615598267,0.4283416794134057,0.5639337287798776,0.8507055378145023
R35,1.3788878735862677,0.8127809203264402,1.0184940683870358,0.6013535167642559,0.8250827625108654
R350,0.8616705026065258,0.9352402704599474,0.503997971520505,0.4113302691310645,0.6425280079566046
R351,0.5377896992022941,0.5875849977709557,0.503372627607804,0.5335753468885274,0.37322736489552055
R352,0.00683659845826,0.1002801381494616,0.0,0.04534973485055971,0.16224328747291591
R353,0.1085400960459806,0.12504320202933314,0.1537854173660954,0.15109396256334268,0.1610927151232424
R354,1.1535981711817553,1.6894970288519242,1.1073643661032184,1.0781174734485257,1.185789070224667
R355,0.3425948509891112,0.2750288012738635,0.29951850794866125,0.08446755725948092,0.11624284110236519
R356,0.23393815416130107,0.05549324194627804,0.14464135980022866,0.28175918138451134,0.39496819781745307
R357,0.2905280945942881,0.28871462955888727,0.2566735233097716,0.18722133371087196,0.21901767756377558
R358,0.13932471292242418,0.08474067629231473,0.0,0.018596811002079074,0.39491604027571975
R359,1.0106945545503316,0.8892094507342827,0.8446750151472188,0.8218831651085061,1.1110137088842826
R36,0.7303050115929941,0.5214310488323098,0.6151599322050211,0.5587469245325012,0.3817169404358526
R360,1.0290558198744106,0.9230442713904455,1.3253995262987344,0.8735060582075894,0.540141962250885
R361,1.7131637692063009,1.870858792243367,1.1390456490939385,1.3199424990571103,1.0138076501064137
R362,1.3216044143915986,1.0031860314413474,1.018663749408888,0.955509729959064,0.9193863931535073
R363,1.4294278991834195,1.1507057023004197,1.0775243119894078,1.3504744159090465,0.9941197814228856
R364,1.841627566516087,1.4645679400754226,1.425971974876424,1.4321536715998058,1.2360083090414011
R365,1.9368016349950468,1.3805286214268986,1.160720113126824,1.014244285455427,0.7771978833050494
R366,1.2752752852820401,1.4783931751586088,0.9521262427558204,0.9615319705695518,1.3320962925007593
R367,0.6784073936831424,0.4303994313200907,0.9504867805167404,0.4721787412480885,0.5071897896907249
R368,0.07012402881428083,0.0,0.12565702061464892,0.30446236036571095,0.12037843524750007
R369,1.8095553399100142,1.6942920713418235,1.8225570613323347,1.5152578919832407,1.63064311808379
R37,1.8203726239030749,1.7233140223569798,1.4133503342994402,1.8660263034396993,1.9874509715739452
R370,0.6656824019256564,0.6838313620699152,0.5620974204243955,0.6282257284474597,0.39543979392789813
R371,1.7887694726569368,2.078938780353752,1.7132101764830123,1.624901428273262,1.4906212327222206
R372,0.568716750291196,0.5400786868185041,0.45928168303595146,0.3735083469505918,0.4278274446039587
R373,0.08006735509650426,0.04781968420691997,0.07586219626401614,0.40739083437168894,0.37498158750337757
R374,0.502933652011307,0.7564082068898741,0.9166867002750029,0.7260817083060728,0.6932114997342483
R375,0.384327400023816,0.5244704058006225,0.5515597322032801,0.6982741649887059,0.3262282867136899
R376,0.9791757209212394,0.6094518004325042,0.7592042974126062,0.6370899315759729,0.6427630314590878
R377,1.3151930828615774,1.0481910993251549,1.203388551540328,0.8267268984649456,0.9683673676016225
R378,0.17363356116812612,0.10799261220938647,0.25525421796462006,0.2454105400552449,0.2895197358453941
R379,1.2693409638386581,0.9347848285770783,0.7628924244977571,0.8948239429373954,0.6710904683981437
R380,2.0997308033092605,1.92296017114003,1.6881389129614295,1.7663237868006865,1.5195918802227668
R381,0.40953938352934427,0.575502386975726,0.7156436144193562,0.4492911693972122,0.6167609020923329
R382,0.22513350377285815,0.18863205658216287,0.14241132017326041,0.2887086548996069,0.2431431469559036
R383,0.06294819420226794,0.08620331285568629,0.11937568098253701,0.0421975968006529,0.2255975903268995
R384,0.8350869688815054,0.7377607180789848,0.38977153368763556,0.6458883644832684,0.26220927855513637
R385,1.8961241232269543,1.5562667837520219,1.477871538677931,1.2218533482168061,1.2188970263390864
R386,0.6708497620657264,0.6430902710730855,0.4342758040323731,0.4135501331971847,0.32454367348002894
R387,0.5583112009347218,0.19994701077871363,0.1327340171253303,0.14321005325843722,0.2750154246656074
R388,0.6060753408771803,0.5649793431065843,0.4006219969788908,0.3952726937501469,0.3548195546852276
R389,0.6253800771844357,0.3725672750101909,0.4478793245660927,0.25148190736459614,0.408202291847485
R390,0.49038590014324746,0.49417392101814345,0.8328844152150027,0.6434979995790798,0.8451126304746268
R391,1.7618108887478099,2.0615608186490855,1.5690158469134312,1.5861926343765484,1.3178585934668605
R392,0.3001517792681416,0.14781100967902272,0.3132163097930915,0.26397576477948115,0.28451718158458017
R393,0.5145409190085916,0.5353348173864555,0.46166695304762145,0.7994824851913606,0.7050578301838941
R394,0.8618646363931435,1.0151267783264828,0.7547412146059662,0.7480320455146212,0.6124744437806084
R395,0.805318034544296,0.8009385191460735,1.1693656828209236,1.2433056659871065,1.2213824517298204
R396,0.6940888187869807,0.4990893297085407,0.3653225280713661,0.49547932138497575,0.33884561001175917
R397,1.7727671995757264,1.576341496938869,1.7215107656556343,1.5607910835342078,1.5989223291321824
R398,0.7591739769271639,0.7166383529397766,0.7237558839305585,0.5074425366253198,0.6825941924030368
R399,0.5308425691458694,0.3297359409230649,0.7916596917119941,0.26390356636173623,0.7247322218907838
R4,2.0938280483288447,2.35619560245665,2.6575988510837276,2.6743760850689005,2.348356468267032
R400,0.44292262636766094,0.27947626156153593,0.12178730095938581,0.3751978504629633,0.37850973069847454
R401,1.2882149871241964,1.1681703072754885,1.2777072849218811,1.1965485078785696,1.1927034579816593
R402,2.8189995197804216,3.101353936531292,2.429207384523826,2.3156404974863136,2.2739125475035515
R403,0.35348570280567765,0.6480918221332408,0.47960402664627383,0.9071654783914045,0.603266203535708
R404,0.15436304178181842,0.262681445001714,0.3516133254090012,0.024140443920858262,0.5174161302969194
R405,0.37518503222631416,0.36212251956215874,0.5466729869555532,0.4761487510664735,0.3153379965301928
R406,0.5569348226444355,0.23544840416149831,0.22986049378049692,0.47851192127630615,0.2925649362108194
R407,0.19528126078921182,0.1630574147016138,0.0,0.019498052903378593,0.13836655285714916
R408,0.23013553677490736,0.4641204444721729,0.430641973786016,0.42126637969975217,0.2705274449887188
R409,0.0904954771429842,0.0,0.0,0.33158788905995473,0.30898133916378767
R41,1.501639028297116,1.0706806047307789,1.1426382542368791,0.9205882067871319,0.5928070815724742
R410,1.7111311781801082,1.7174554277722451,1.5172904911380862,1.6148866376291378,1.1729101865402831
R411,0.7818202783841532,0.5371273441117741,0.47950757914282427,0.3587831381972247,0.2809806232643914
R412,1.664498405070303,1.5816120491580103,1.3480393875235865,1.2453278135283319,1.7012165101790238
R413,0.5234015676163758,0.6491921059396539,0.5220879221545869,0.415125614249903,0.5310828461545044
R414,3.3439468399735683,3.2947613757985814,2.8705124957399413,2.8129578187784228,2.5481302598910913
R415,1.7168856221284132,1.2932148430871329,1.0739285853031553,1.1965450223531005,0.9947351529729229
R416,1.0187056680804571,0.8162319008477584,0.6384945382477044,0.6949624117139497,0.5394703438906282
R417,0.9823171425975739,0.664888848955085,0.638430473029311,0.7530725436806958,0.7513720792299394
R418,2.7928599106749106,3.0864196906494166,2.727156573665875,2.5790810198995473,2.3188956829143006
R419,0.4804505458604422,0.46388474800167645,0.42581398492861905,0.7347275134566428,0.44497319349140124
R42,0.0645608360673545,0.05167756882118719,0.12827841032003356,0.004512635315689514,0.18463184125047344
R420,1.4493320672284176,1.4647931304003097,1.4968631121320786,1.301029482150735,1.5186929712940376
R421,1.004972629278508,1.1177858600420347,0.9642699082169484,1.0402309240918346,0.7791519177449191
R422,1.3106593357847516,1.0371878403185222,1.194921359034231,1.0908848090417034,0.8416899884139254
R423,0.7052418450592041,0.7272573798283849,0.7277924645677347,0.7864508432655608,0.5926809067999426
R424,1.9661067767878984,1.8010434660578478,1.5079078659977168,1.61001515648242,1.239210915558764
R425,0.464544886916211,0.19838941144541675,0.06612026476869602,0.25307059080956607,0.3017735654197101
R426,0.21384414231132196,0.21725854767400882,0.18703563939625553,0.27132447290484274,0.45112574680053985
R427,0.671238278440234,0.7435088803502086,0.44348571287330235,0.32584992853209205,0.44157149495447545
R428,2.3081570028253515,1.9825126720786523,2.0571970271592495,2.028453246025904,2.0589499845839154
R429,1.4098351891042507,1.112141763599776,1.073757170683273,1.3900103878705925,0.8900489180022231
R43,1.101325465182932,0.5651170961697708,0.5685402896185267,0.9183291606103371,0.5565000980351037
R430,2.1338383451425997,1.9189332225576656,2.3513930753792134,2.1478054237553943,2.080423566905332
R431,0.7790621360232873,0.5271752410385366,0.6101037828280338,0.5955365870008067,0.5368745355971681
R432,2.0047368727276003,1.3276477608626784,1.1155058747888973,1.2823142185480438,0.9594130373583901
R433,2.6795851992169037,2.6455661920851097,2.5128199579701525,2.684972144049583,2.1694930934887697
R434,1.7708530987742575,1.827244985228397,2.224195505337308,1.713285896325787,1.6580551738506824
R435,1.8866014545977174,1.9989992709071474,1.7722588630520744,1.4065733180696078,1.9928876749864266
R436,0.8650859216018572,0.8946192005516167,0.8315074410619853,0.8029742113059939,0.7105295864398365
R437,1.050192016719059,1.202914381958204,0.9491354228281415,0.4930882776453573,1.1711386491118747
R438,1.2694015160987453,0.897792678296806,1.1727589211343399,0.6654361311412661,0.9464472674668973
R439,0.9528558027396555,0.9360226469505575,0.9002129883656101,0.7629205096258409,0.5023029455970061
R44,1.7496747893316402,1.8745466411115215,1.9352099286013138,2.4657637549231803,2.463903553152939
R440,0.7060366619267755,0.501319032368273,0.4976265230571667,0.7843610058418725,0.7297506726941388
R441,1.3988723314098783,1.2141763927179383,1.2752534118728507,0.8067640139633349,1.2265471541941744
R442,2.8314214075697444,3.244774842184182,3.2037519030521997,2.839406678049313,2.5374492365530203
R443,0.031178381265222137,0.22546192720574734,0.1854813734082635,0.18811644781284473,0.13286314900069446
R444,0.043252303994830876,0.16705032395050193,0.11393218739907401,0.1262612087951441,0.16849652524616224
R445,0.8249619619697509,0.5299321502167507,0.7223347059698358,0.4384815807806479,0.5311858736922127
R446,0.16410431055241095,0.21681939765025374,0.22222798913353067,0.10540342336864268,0.1589035299597249
R447,0.36481420442971124,0.34891555802119656,0.391729726119444,0.1359314476887533,0.13398227658350045
R448,0.38224244617258446,0.2158668686319874,0.5954053526570947,0.36815347256319253,0.30077392144323634
R449,0.3804856175887591,0.6960029702755106,0.6093802730104764,0.5341497551988874,0.6156155882218861
R45,0.37873954331261767,0.3002211918813266,0.3664395419553122,0.5820380747938741,0.5329083207927281
R450,0.15980930815242225,0.09848456887744589,0.0,0.04627616323748873,0.04370892229754426
R451,0.8623075758012354,1.0527989605739159,0.7876029506788107,0.8701821823906883,0.6726086471057316
R452,0.5109514240474685,0.2440789335734881,0.4285092704442319,0.1612825376873807,0.15184292927092913
R453,0.09605767231548763,0.08576615969875233,0.10448708631031177,0.011124749735965764,0.02633879806663439
R454,0.5728618023381751,0.5378287710341525,0.6912287586755075,0.4846543691375371,0.4937045195078038
R455,0.7103287143177134,0.7507506540024032,0.5653130152030613,0.7339329766962778,0.4114508371840486
R456,0.854973185196008,0.5980108296508623,0.92566583472255,1.1422733011856154,0.726648369295566
R457,3.379053614048763,3.6921691453650403,3.291254480984859,3.2742253522151232,3.055503816423447
R458,0.36924951282444274,0.2458968386660319,0.27543780327294176,0.3358165627019056,0.38275866100864536
R459,0.6394017165473613,0.7065595179323165,0.7740453238404811,0.8389606117162106,1.0990532155097215
R460,0.7902250268787518,0.870942536192654,0.9470895755274726,1.002655876573535,0.9188829219804252
R461,0.4137921614255522,0.46353772721186104,0.5500360946845229,0.7303977700988341,0.9525340771076841
R462,0.880552745408986,0.43658496364425925,0.5692337329287103,0.6246773124870871,0.7765750881234438
R463,0.8823618363430917,0.8951450353561224,0.650591532109223,0.5218389525401972,0.46188106818179764
R464,1.4302453897802896,1.0800285224304553,1.1104003887980494,0.8631507786769581,1.2260129211064357
R465,3.1591308272319965,2.9880820553983747,2.8701332943346936,2.62259856488616,2.508321818501559
R466,1.9152210217862609,1.5368364217922965,1.6239180249745204,1.3859112414945283,1.1576929566751577
R467,1.9837816934975057,1.5245182275652949,1.7260103186903388,1.5305225654956178,1.3045741057560734
R468,2.00871874193006,1.3628072940065366,1.389462293748181,1.3913499804284741,1.0186380302568445
R469,1.2596036875790728,0.8993147944089845,0.8112331407174206,0.9068126860820394,0.7771609557111998
R470,0.6704369233614759,0.431207018857459,0.6668383817587202,0.45647247227667453,0.6576288474846655
R471,0.74927467369204,1.002337285668014,0.5297335192697212,0.5174479556167761,0.45452658565191695
R472,1.4551018972824041,1.0675811307962126,0.9720664987527491,0.9568635976125619,1.3325472468768451
R473,1.4519874544426603,1.1814212684409124,1.0044399386287977,1.2702416562072871,0.8747131134592382
R474,0.7239251011399952,0.692014533050158,0.6586314708405628,0.7608386237815062,0.8004606125949776
R475,0.9317154368943263,0.6242107808483528,0.8001199356678114,0.882364981373572,0.5061660372370076
R476,0.9615939693136787,0.8903960280811866,0.5575729601049605,0.6059079719934654,0.48650712253042533
R477,1.1562599498822497,1.0131605652741433,0.9280845723361101,0.6969083342924816,0.6586228563465175
R478,0.1198363980380649,0.13091091352556603,0.25554390403936994,0.16661760750796542,0.21883057250123158
R479,1.3918251956510155,0.7792455368488922,1.106999963436406,0.770049726396921,0.5821813057568904
R48,1.5245625197656343,1.3451359057972254,1.3956030658431882,1.5439482470642398,1.462477033849438
R480,1.9861837238181492,1.6600514118475183,1.2470853574555816,1.2122242005469541,1.1842505665015612
R481,0.8327792057406646,0.82385665559445,0.7556786704950765,0.76431560389012,0.5958252652396762
R482,0.7239005707744681,0.5439811576801885,0.6282359334849533,0.6885446460266952,0.7537259452317251
R483,0.6262371746699833,0.7018156071418343,0.7799574681239204,0.5329507280313857,0.5526338813174894
R484,3.185737687097146,2.77402680090574,3.1913567082341667,3.030078128641439,2.330769465127951
R485,0.46745076394443563,0.6930259765775408,0.5777078812709493,0.4432719097594402,0.5498269535239908
R486,1.3992080564708054,1.3108720491693373,1.0990379420711625,0.9599989996930269,1.1329272883704218
R487,1.7745419375022315,2.3141154647487863,2.2476384210862173,2.093022567315794,1.824737335287772
R488,1.3691022005091804,1.3269607629974411,1.3313042349880755,1.159578015102987,1.1168425964445132
R489,1.7371588733718208,1.8063301624333374,1.5236848126933384,1.3554955040964654,1.4492061051335348
R49,0.12059409034651554,0.10334581241514665,0.1709141379597524,0.11521570386145659,0.03185029246477538
R490,0.8063241356599081,0.8615886701831786,0.6558208977874683,0.4991818304914348,0.39873356587592873
R491,0.8440922012496584,0.8050893465586817,0.5762336507583106,0.6763720643965976,0.35858478891933765
R492,0.9688404817207279,1.0179726354218064,0.6725161821272709,0.5390261222190262,0.522801871045463
R493,0.35752390976778875,0.4167532671967285,0.3228087132708674,0.4762175151314532,0.40600578226453804
R494,0.04579195226033125,0.0,0.0,0.0,0.11053312785474617
R495,0.776228101701204,0.4320235170306153,0.7768255751064366,0.6380904456906298,0.7382958945959853
R496,0.9341223915346873,0.6274573922964706,0.8022906367514432,0.6630301906693569,1.0201425104634079
R497,0.3818431450832566,0.6912353049730906,0.6127441230164027,0.39060413241387704,0.5408660134791862
R498,0.49278921666047243,0.691518286406624,0.6544330872576662,0.48528331708325323,0.4907173785605569
R499,2.0486466392556557,1.37417225577273,1.1643565318277453,1.289039105172109,1.1317207679794343
R50,0.02367102661462046,0.10567505089768785,0.0,0.10155144678681093,0.0
R500,0.4573353502131664,0.4948163344444616,0.5590509989814991,0.4169376364860143,0.4412344383488083
R501,1.1279988649748396,0.8772278355594291,1.2974696766798148,1.0053838982210987,0.7611348419434708
R502,0.036455368258756914,0.25200168748326984,0.23278047800057922,0.03017986271729203,0.2812204456606703
R503,1.251327728437412,1.2639039359160136,1.045070698788263,1.2399122378474856,1.1076462086239516
R505,0.5063685076536383,0.5453123901250954,0.718009667518686,0.6270116150496482,0.3781639992964637
R506,0.15738184501023444,0.12609572364382973,0.2375876608405891,0.2510420240516238,0.36225352195292304
R507,1.3103615785669926,1.0769939414827197,0.7994625982606809,0.8002477470428457,0.8287256832452254
R508,1.135128919321307,1.1138034235541057,1.2079551838873597,1.0521492450296146,0.8531289714290757
R509,2.084129830414392,1.8232199586288222,1.6601653246495116,1.5957617433524713,1.710901173287261
R51,1.9119789060976708,1.574241961345281,1.0324561392292382,1.1098000953409264,0.7981333913599837
R510,1.7245448927955385,1.9064902972065345,2.1074417925560374,2.673014319402833,2.2868975290034266
R511,0.6883851368637913,0.49634067422300576,0.8075689104643795,0.5626762616028866,0.404253903028856
R512,0.30347979512889905,0.5323114909801601,0.4749413581030902,0.250221899732434,0.43474744643265334
R514,0.6743150449108752,0.6065497045160312,0.4793506691550755,0.7202268561040116,0.8850236424292324
R515,1.3262826306409348,1.2868364625392095,1.0949890409022172,1.1837928196921563,1.101555511685092
R516,1.6309748335085783,1.8697882277973081,2.0506567573916126,2.1455611711419595,1.9419895358602801
R517,0.5972743993252054,0.2882766928960138,0.4827758779638388,0.5876430862931429,0.5708723314985512
R518,1.1374738384947005,0.6360416227509145,0.8188569392588188,0.7085088904219423,0.6263500456031357
R519,1.2864490043503478,0.9027878826154169,0.6979305113352747,1.0015888031650018,1.2432469971623632
R520,0.7933473619854255,0.585693164211331,0.8527019565566036,0.8850516129071482,1.077285963787308
R521,0.4018895993034975,0.22108013807561472,0.3150352532780326,0.3700094656490687,0.4020495550149531
R522,0.26477245484777145,0.19852409426450893,0.44292790735236043,0.48481764342612454,0.2381595027205465
R524,0.47496194971541367,0.5161630253849092,0.4126625403771515,0.5119104688659034,0.510872290227455
R525,0.8207226771126276,0.9681285482027098,0.7032354272377072,0.8874021090119111,1.021097676455413
R526,0.37525318950126135,0.514619147329741,0.5882152231942566,0.669118842754988,0.4348123585257407
R528,0.24779796866864626,0.4198619694626745,0.13439471729027033,0.339175911838535,0.25208098186043093
R529,1.3526266615805886,1.4627014779021652,1.3752679569876076,1.4081398441613606,1.736342563495465
R53,1.7155430223431558,1.8119454468011444,0.9468160718164789,1.304310909203088,0.9061635178480146
R530,0.5100320537509946,0.5260811280254173,0.46228947225945566,0.40725962716209724,0.6685876922306072
R531,1.3758640631432624,1.0669579931388211,1.0792942751197383,1.0063504783117254,1.0224779856786257
R532,0.7482749601837176,0.5525791174306484,0.49406044518321696,0.4351904182778279,0.3841096342069531
R533,1.8518675453784583,1.354964410056753,1.7153025153661823,1.242348736705717,1.6082835523696228
R534,1.609090060718311,1.3168892578278104,1.361889044272522,1.1058509712209421,1.3265202260027495
R536,2.4115746577715114,2.2812890817243,1.9721563634644987,1.8611050955270776,1.746003688054655
R537,0.5290018950447086,0.4559249429354018,0.2718539064214691,0.5415519902322468,0.5405149366386716
R538,0.1684880549002467,0.47682942946064805,0.280242713451572,0.34907111558739884,0.4225744420346788
R540,1.131100847773457,0.9744300357661055,0.7312624257381136,0.814645917765666,0.9833461834867866
R541,0.948712662536722,0.8710859003197438,0.8643616362642341,1.0089795900211074,0.855086242792149
R542,0.074307846230532,0.14359013154658914,0.25246576186384984,0.04532936268137512,0.12143871211144848
R544,1.9473605224622776,1.9189608923074044,1.7448424428586784,1.3765288534096145,1.4302802123940077
R545,1.4139405710757917,1.147755797259735,0.7975884467768605,1.1691626277026905,1.026472271060384
R546,0.1479329115576592,0.30989219248941724,0.3474103618654693,0.2548242707773944,0.6529952467136454
R547,1.6770897945141805,1.822123460210687,1.6642545478495567,1.500367757888243,1.6162930815457555
R548,0.0579247483243386,0.11692859508787522,0.09844503580099605,0.018566018838995363,0.13903685778767808
R549,0.8370793353244477,0.7609309594456458,0.6703045089971884,0.8152905520092837,0.7025376299463578
R55,1.8338735127904724,1.6773512665311159,1.5312172921318379,1.298852384532342,1.6632818954259523
R551,1.4785548518324299,1.42525455457249,1.5270823369986903,1.110621284037993,1.443865819726893
R552,0.44953875806101945,0.0,0.25544083988207555,0.10175629967413484,0.17334428827545942
R553,1.8131996559921972,1.350252027116545,1.8850367104876466,1.5027490239168875,1.7415426067809632
R554,1.4513320843182096,1.3192355793457025,1.4068538593372228,1.1198398596573163,1.4631416121603544
R555,1.4377708976351842,1.1661356280144644,0.9445800118358816,1.0274921575858151,1.2640875262990947
R556,1.3657410659170253,1.0484971550739075,1.353674916606919,1.0871800887821241,1.5961672226981911
R557,1.1898704908220923,1.420347220162322,1.185484563114689,1.2221454690112594,1.2032799659207505
R559,1.682214356052819,1.980336858601136,1.4466861908132203,1.5496403117287327,1.741157541831379
R56,2.8854803664475175,3.2421634435639204,3.042922691942055,2.9861607862536386,2.26891192620827
R560,0.0,0.21571840147629714,0.12267193019730085,0.1107381665256471,0.3379887693605506
R561,0.8405909908828483,0.7669589886010966,0.6882466363092318,0.724643275087245,0.9106949736273466
R562,0.8550488066126631,0.6543130549675235,0.6092114937784803,0.8795469268782734,1.0494454450390367
R564,0.5005524915132578,0.33001063501913563,0.5331561713735948,0.19303443566436626,0.17582615340997498
R566,1.0635506579717573,0.5343548394518616,0.727670881719093,0.6735175650507816,0.597248768883686
R57,1.1823662746421946,0.7738517590199687,0.7282198619870024,0.6612463632719463,0.8890987449783878
R570,0.7627633176300629,0.6555434147645957,0.8373075687176941,1.01684202314958,0.8591786358431069
R571,1.1577566505554753,0.7680850536573733,0.9089422890344769,1.0319051577362441,0.9450201737275817
R572,0.6824577760617023,0.6975646729294052,0.8715808228137218,1.067747706567405,1.0007265606925984
R573,0.34806692498908787,0.02065516601996629,0.30023511740840353,0.3053014759531833,0.12394040621577439
R576,0.1854413438442103,0.4859953969310296,0.7042351601315059,0.44996363962972463,0.5952831486797686
R577,0.24883032567922198,0.35710959050016733,0.37284163025498296,0.4745903584794364,0.7059650185702974
R578,0.324394623952559,0.3098340188352744,0.44563269937026606,0.3202882927208038,0.2034132888266052
R579,0.5886604647065958,0.5146056453619262,0.6113087975212316,0.44554213619255145,0.4049927806405282
R581,1.2787026942683377,0.8303883033756221,0.8750427599920594,1.0654940192224374,0.9802806983469053
R582,0.4109797393802627,0.3878015878661792,0.30716283614628664,0.5233432056759779,0.25526412699411916
R583,0.16545099461071444,0.3753195036401173,0.6397399633063747,0.5136788521598116,0.6329107153838652
R584,0.6556867180175601,0.7879786657227942,0.6810638919864713,0.5589678093429135,0.5978505502522827
R586,0.22790303813845444,0.3889202049586221,0.3231351250964387,0.44720441207966893,0.2102620890252713
R587,0.2828475689768376,0.39116579141507357,0.29272351975359195,0.45499464474815265,0.2004894492587712
R588,0.294413099510547,0.2968076470734473,0.5263878181449314,0.428829135068045,0.4545014926162498
R59,0.38906065475149365,0.3969332197669974,0.37326739791176833,0.575242257366576,0.4555207800408134
R590,0.3737765940426207,0.3977915609120016,0.4618673183422189,0.3969740937096372,0.42250155832010433
R593,0.18678243186274662,0.23684953941990755,0.6190268941166381,0.7939681290131162,0.8100514420315781
R595,0.22014784607016563,0.32920067383900115,0.37940711609474304,0.33553919862600423,0.2845861718999064
R597,0.31076183688788933,0.46167271674326504,0.4542031436964679,0.4803506130772488,0.6344603030999127
R598,0.47183319571461035,0.34388997144873207,0.6666759968991859,0.778724870274228,0.8084844469953526
R599,0.3067272814541897,0.3893879334150243,0.7523375819008057,0.6738127995097791,0.5445190892525871
R6,1.3885381872737637,0.45735940289667976,0.5936343642198231,0.6530801579675034,0.8854259397071986
R601,0.1761246477800445,0.34718866502648293,0.401439435780687,0.351144849916011,0.09901806913415312
R606,0.2272897828124727,0.3955837781029493,0.7137814582993733,0.6120061066102893,0.6444437733995887
R607,0.3146505976713161,0.43712001423561647,0.39562748885131355,0.4741894848332467,0.5825806943355837
R608,0.4723268089704244,0.597260397637277,0.7236744741751541,0.6945100776511899,0.7281341077352415
R609,0.44066692297833093,0.598481355820193,0.6471634501544655,0.505542237505069,0.6773317614408512
R61,1.2143619863375767,1.7736064475697018,1.6368087805948803,0.8558788820581016,1.4983462676171442
R612,1.3932498699670994,1.6397387806107009,1.7022604710168812,1.4790457069555591,1.9052535062094678
R614,0.27224552617731373,0.3299602287408508,0.4432844397041208,0.39232031062713824,0.543040757433244
R615,0.6359663410139514,0.7154816342187805,0.9114391259995324,0.414565954867899,1.0530243773026882
R618,0.13980237294088482,0.29997871557631284,0.2778785514341307,0.4634559891540985,0.5167219207416545
R619,0.7537006440087458,0.6203697890562142,0.4477688502049137,0.8003405370325527,0.44734139937113987
R62,1.480956226684676,1.3807237559800951,1.3945826658607914,1.3796016122338055,1.4541899638867017
R620,0.24917831982469155,0.26546051072374405,0.25562145253386276,0.38592564419628955,0.21144074668169002
R621,0.2822590657617764,0.28741302195782065,0.3789096756374047,0.3921039874231439,0.20024011177408668
R623,0.6661459889169865,0.9551941411972603,0.9356206795290414,0.6838606094402415,0.7917081205743433
R624,0.8516411404178779,1.0169171811404836,0.7911245924323401,0.7196782884937032,0.692277277977169
R626,1.075031707773761,0.7683333302812433,0.9729209556903893,1.20455233534453,1.315325430510703
R627,0.20554665603618863,0.35654106255850326,0.4158135857737539,0.5164937864372774,0.6957886662423854
R629,0.1961423034787499,0.11836690029891707,0.15481297055431997,0.2888110119903797,0.1741972204179357
R63,1.5083175580497286,1.4464770069749415,1.4434503026421874,1.9476429853618482,1.6485672638777795
R630,0.40152421191906384,0.792341213492843,1.0314793552708144,0.9086980388112234,0.8047906942315656
R631,0.4312154604727317,0.39663251842613284,0.2687364903479127,0.49004552997280676,0.22096292059047767
R633,0.7734916370794154,1.4714207303640843,1.5911006063223245,1.107391578944573,1.4138597679148963
R635,0.6245624578878375,0.7162517431750224,0.6032998570364708,1.135133035085047,0.8429083718365553
R638,0.7385408285317973,1.2104206130415471,1.0989115374942842,1.2005009184834146,1.1015195161373976
R64,0.5668760391307395,0.45670690084471116,0.2773454830389174,0.5470536489147573,0.5749451665572198
R642,0.2807469504733111,0.5535806384005767,0.6491284425081754,0.8445743363787337,1.0201543627923029
R645,0.675359443264738,0.6009437627832832,0.6834810975793493,0.7328753047278714,0.32597230048818515
R646,1.149818335420828,0.8207065404702616,0.8878790979783662,1.0684816114468336,0.7196996156234644
R647,0.4086442230875462,0.42941043428140846,0.600532189676842,0.6691983514380074,0.3032614214816738
R648,0.4702438408482178,0.5781021339481945,0.5572574687862784,0.3905867816442021,0.40415278493044476
R649,0.39568916205119614,0.6201516028491796,0.5239115810997893,0.4694604447310038,0.4523675981086587
R65,0.05005766624238237,0.12845290669165504,0.08745632658721378,0.0,0.0007663201905676266
R651,0.9073489215457448,1.0612895695022055,0.886883309145175,0.8472076489545863,1.112466813175403
R653,0.27829561330607017,0.3259073918768227,0.4517807315237961,0.5142916660140306,0.38355949933450356
R655,0.39393713932776014,0.48508275715767785,0.5588933674562785,0.7604856551817615,0.8274435190526167
R659,0.23614388069825046,0.3311030640946232,0.3677647720210668,0.512687371928628,0.5046083425660266
R660,0.7272923244109892,0.7780737503519148,0.7449187510982632,0.6935991371477962,0.7704523685093342
R663,0.4720426937717103,0.8891565260178428,0.7715419965515624,0.505661719894205,0.804554349249431
R664,0.271771424616881,0.6525583276005431,0.5791408882536779,0.4917872261903399,0.5199803360638898
R665,0.7808927006339856,0.6836211744275993,0.47951218893316755,0.6219127152729697,0.45120970190572024
R666,1.3078916860919676,1.201610759935012,1.0125525879991928,0.9329387266166358,1.150478182690653
R667,0.8767118667394671,0.6541527267986067,0.47717946021555446,0.7530382734528224,0.6844195262362663
R668,0.3320033041622124,0.34743005785125713,0.4501552140085323,0.35790778588461686,0.4619838585916523
R669,0.24151291559873508,0.2174455709406103,0.32427138068669553,0.2459059582679129,0.45738320082129513
R67,0.10869121060275291,0.13421795344737822,0.06648462062075272,0.0,0.22623247025326695
R670,1.1322918318733102,1.220243802572468,1.1281086738395312,1.0329475977330649,0.862359445552759
R671,0.6906106380130803,0.7668732667316361,1.0029008906794874,0.8590134409527793,0.8071314819512306
R672,0.7899473035519413,0.8860473356271379,0.832523928324263,0.6692362640648941,0.4167860596206082
R673,0.777884994550775,0.5268569174975836,0.6304572735534032,0.5349736746546525,0.5022042371349804
R674,0.6564841808224514,0.7528105547652023,0.5309187387797935,0.4815087251224034,0.6939465003495793
R675,0.6724091976124376,0.6387488147872931,0.7552681328375146,0.5930092012817253,0.6980059598912102
R676,0.9692270422116736,0.8505641834384585,0.9576076771627936,1.0706026617446238,1.2445929564817901
R677,0.16827078081829133,0.09186401263226912,0.06706614980060825,0.12246410733721805,0.3990906408232659
R678,1.226412422862669,0.97578701090478,1.181417559133395,1.0364868605849054,1.1262832026824954
R679,1.384060494008086,1.3664344639928667,1.475415983660491,0.8065134858318772,1.5919903927058412
R68,0.9372380307414803,1.024631046574761,1.5286789936597431,1.3216775533628011,1.1492520017858474
R680,0.7532616451661447,0.48058045170183156,0.642934168869349,0.6176606637143768,0.7322632026674304
R681,0.11704436828505899,0.24393008452779683,0.1670632710751643,0.44599155890832987,0.29306113583704846
R683,0.8773701756194199,1.1768784672066233,1.4479045643217063,1.039926161365359,1.1077044828263547
R684,0.35252707626561036,0.132255070320822,0.2720888216971101,0.527591349511629,0.46864433714276504
R685,1.3258273731656478,1.5157102644012108,1.3332496487321852,1.2260483784902503,1.5510130156922954
R686,0.2687608705189509,0.1495252566530842,0.3899045258962174,0.49966754422496196,0.510291671216638
R687,1.5424512375543884,1.1037762814707188,1.3230334213975914,1.2262151280375557,1.789191106243218
R688,0.7868704820563334,0.7611477015606671,0.9521355394879157,0.9521958388977988,0.9512918859428482
R69,1.5865947946810224,1.6126057587854505,1.9110912050464337,1.5103839035908415,2.164383789926788
R690,1.1506099819439561,1.0052442673615039,1.3524186588986897,0.934942235098124,1.0420178507317464
R691,0.7296149860660388,0.7557716924212691,0.5593588941120179,0.4192881704189833,0.6974043595509667
R692,0.9449705509862202,0.7315907524317375,1.1705444438751282,0.7689837445074992,1.1087397334977638
R694,0.8606204140906504,0.7685350381042199,0.8999724126199964,1.0759927245522027,1.2279554603369511
R697,0.42661060129320605,0.24438443091486278,0.4960000645281312,0.5524879332720785,0.8162744581404707
R698,0.3744787742830195,0.3823795164640173,0.3705767744944092,0.566464438892713,0.7080097321060409
R699,1.4022066970652733,1.3732589771034258,1.2111302235524508,1.0518075543639318,1.5764366045266072
R7,0.6476409487198382,0.2880295670938955,0.24570256744351646,0.39463404424529425,0.41939917210925554
R70,1.4257197929804761,0.7999719635330665,0.9338792657235322,0.9551215249912783,0.8935537939898062
R700,0.896757182480176,0.9724105442575047,0.7092640958954859,0.8278203645773086,0.7865928699084613
R701,0.11243032712681005,0.22534852132088765,0.18128526910109957,0.48406100417028053,0.29930968319888357
R702,1.3477028469099017,1.1980054642140896,1.4132142651287216,1.1622853197674319,1.4081782492742205
R703,1.450408709560774,1.3853844700357751,1.4710962532131173,1.0280285918029664,1.6273943139866407
R704,0.40030527958756346,0.41522097662803553,0.3922918831753997,0.29394391829140126,0.38426299852110085
R705,0.01681593613511342,0.06455844289306108,0.05717883999573924,0.10288945271350931,0.04021697668992462
R706,0.40380804832731776,0.3135219372422146,0.4420668986519589,0.48839744521148293,0.46206648351647944
R707,0.4719430383976929,0.309318015761451,0.35259933711003816,0.5413552585021142,0.8629876025287154
R708,0.7810373039258777,1.0314438252944194,1.1389579301294048,0.6059180110958299,0.6392832037992389
R709,0.2492552095184835,0.3342548919962042,0.2790027280191837,0.6608190359323701,0.6184728547620737
R71,1.7578749435520542,1.8611916469084002,1.5798984846636663,1.3659903872239956,1.9322633336471704
R710,1.5220000154230757,1.4502628310176437,1.3265805426279473,1.175278513289886,1.6416572316303832
R711,0.10141494236791271,0.07443451546277031,0.2754774029266359,0.224964804490428,0.21384896165905962
R713,0.7226172842428279,0.7161660337516418,0.8396859736392273,0.6558212390435918,0.9019923562631583
R714,0.3283904277614982,0.515181838945685,0.5088728345051792,0.2562138093323855,0.5174257666632377
R715,0.5852957455716195,0.6227270508405961,0.7654123790757138,0.5568346546173847,0.7272130082136271
R716,0.5341656711373439,0.3829997781125659,0.4189184748552195,0.3000519235258724,0.35768600751122615
R717,0.7943146801518189,0.9790989114574776,1.1620814758538904,1.0277580110693796,0.8699514289290525
R718,0.37320319709236827,0.253758279995435,0.4041050539845944,0.3265639958308817,0.2800328394705965
R719,0.9659244504244924,0.805869712247841,1.1371850039697209,0.7104635314033337,0.9486178968287019
R72,1.4126119875582723,1.7218890599887111,1.7939424238480801,1.6588252784329467,1.8918429990293728
R720,0.6226289730551094,0.4397868327120144,0.3747396834457024,0.7805397140028824,0.42353298532282385
R721,0.9780614455700272,1.052819968978985,1.3691559916562857,0.9546580595950983,1.1952832301981025
R722,1.8057708787178381,1.0192094879277709,1.0230041211156045,1.393255461411034,1.3882896144601657
R723,0.39003986756990966,0.18106183846668436,0.3434171847646602,0.29043419112126456,0.23151234451674654
R724,0.37319494151169996,0.3984260776521752,0.35070950999365696,0.39960049082718285,0.2136736393733721
R725,0.7779715241361091,0.8544059877869117,1.0166837843658552,0.9508601489886024,1.1282710612916436
R727,0.24136627665960403,0.20990431894709016,0.3713585825332872,0.5293477762429049,0.6445427551066106
R729,0.32601210703419853,0.6268081447371948,0.3257354926500764,0.3668957995459826,0.7381612725659075
R73,1.7252404930253151,1.7041521988541908,1.6108421142633662,1.296014490307176,1.8981289989078087
R730,0.5649671918513184,0.5557521976283747,0.39867115778782525,0.4639024896177265,0.5807729805427072
R731,0.4490514650464832,0.35938952888929737,0.4814000486951743,0.3601903512060354,0.47949372907742377
R732,1.2403249734430735,0.8684873122172051,0.8713049451780742,0.9177957676300795,1.1635572668343677
R733,0.07369162509465013,0.2030985593703662,0.2741402181677591,0.4554222616206736,0.2038603144147866
R734,0.3602696330598237,0.3534172142127087,0.15943869028934188,0.48702146243609795,0.46981979387050216
R735,0.8254056820319989,0.6713962613861654,0.7622050997572101,0.6109850186997464,0.6913609571670987
R736,0.2659132005315333,0.1319182485692422,0.30783415733194885,0.3123987653376338,0.19148677755234447
R738,0.4292038904405157,0.5162091722315878,0.5988419749533428,0.8118987735856168,0.7188799701849605
R739,0.1265563335558112,0.2938972137956146,0.24783677872999824,0.4216916049998157,0.3817099349419628
R74,3.9624126972281157,3.6893935131865097,3.7777685596781163,3.950828801979763,3.7525305921990775
R740,0.37229591914694177,0.06358298240218256,0.30801363984495106,0.2909887720803071,0.2396530837147001
R741,0.9288216490801686,0.8628738911774906,1.0165993781163691,0.9998794814221751,1.3596083521151217
R742,0.18851084371645715,0.13754938794731847,0.19585772154395864,0.2638222546953242,0.36433448562242304
R743,0.3082503790586029,0.3389545185919746,0.5917638277523088,0.40489641448448,0.5876709668151292
R744,0.19609309747686052,0.1406725396305221,0.23981889492879052,0.38246020865164115,0.07004813636193383
R746,0.5765260587484677,0.6824100507170798,0.729176359828084,0.6318659217360916,0.4718829470394079
R747,0.37229591914694177,0.06358298240218256,0.30801363984495106,0.2909887720803071,0.2396530837147001
R748,0.520325040964985,0.3874469427154539,0.4612115470656474,0.3797462161941776,0.7548259583902514
R749,0.02073382235079624,0.12398804243816595,0.15105958676233813,0.25438942053349883,0.36510089029856146
R75,3.6953620448428963,3.9985460322938455,3.8915568473496127,3.5181636846130857,3.394818493584514
R751,1.0889974318233309,1.1872198732185788,1.097375477463111,1.184818411553241,1.385505014961377
R752,0.05424829696792232,0.1459195213784751,0.27419135684200074,0.4291964120821549,0.19031000414084784
R753,0.705548942543554,0.8526405018378462,0.5107091065896724,0.5925813905484887,0.7773350524957212
R754,1.085475693717896,0.9185515896849197,1.1861466681460329,0.6682478457010617,1.1000349187792902
R755,0.32847392937430087,0.27786747879614254,0.31887699875987113,0.7422774863336467,0.44406260844780443
R756,0.40614390220763824,0.2301016800964958,0.34199919273687984,0.4159473622795872,0.5195794248221285
R757,0.34067706760257,0.41894143433228764,0.6114717757640464,0.6843914773743278,0.7152287004672765
R758,0.19806333641232154,0.2212842158376874,0.3399712144736968,0.4217936419405253,0.576771349532058
R759,0.867042594222515,0.6572816578640102,0.5048202561786472,0.75090370872933,0.9700552762893371
R76,1.878053738069234,1.9270167698844614,2.3613292020553893,1.3912382845808464,1.7008472224402797
R760,0.38271421180244963,0.43465890686941633,0.3944025963333667,0.29770226229549285,0.27458717806611416
R761,0.43173594255920367,0.48874878268783845,0.43268506096708725,0.43986709989586925,0.8386360342251776
R762,0.548042940008738,0.1487530446283234,0.6012057825242593,0.5747228276079416,0.9119873658061562
R763,0.1882877060340374,0.12248338750867836,0.11133624772028623,0.0,0.17836270144156077
R764,0.35648616549943596,0.21215934435417938,0.24093057684272462,0.38536833729290937,0.2573591788381955
R766,1.030379293192349,0.7577027192285778,0.9057236778872146,0.8588163206989666,1.1130450656631434
R767,0.32675743479489733,0.12934501442075258,0.3575801490416588,0.3052758678350063,0.3562325845022746
R768,0.851983145716761,0.6185401364193278,0.8349045540441824,1.022692292807231,1.0216497780454308
R769,1.1310216218771896,1.0210074815559675,1.0050838164401605,0.7637265346003385,0.9428152344767836
R77,1.2892771190357994,1.5798730899076396,1.5115780848741305,2.005750455820962,1.6470989804987908
R770,0.6322053430380867,0.695992073009192,0.5606090088084339,0.8848952421742247,1.390392125478678
R771,0.15724635799749978,0.32846510704006543,0.38633581396809197,0.32593042306237646,0.7646033892612093
R772,0.29320051341428766,0.0036020924615148765,0.35965735821607736,0.3746046975388943,0.3327041740563809
R773,1.3419667533349995,1.1282694675059273,1.033223086427187,1.0482312518121257,0.9983908513116958
R774,0.18885552938832648,0.2132156513271968,0.2855403920976451,0.2986151472232972,0.3816267859304874
R775,0.4403801115502442,0.4978388130254331,0.4161684075931504,0.6602253089352365,0.9727346384351556
R776,0.90304351340665,0.679926252653339,0.6885591525606849,1.1947189841355006,0.9518561296040754
R778,0.9278518816950265,1.1148450894977155,0.9931713587436946,0.8999169378750597,1.2798138439910378
R779,0.9677371178031753,0.669708650049311,0.9305303859403239,1.0470331726564976,0.9881786319058224
R78,1.1030512071505592,1.1817250287975327,1.2084459800574097,1.3246118326526755,1.458138952626944
R780,1.0910247176014651,1.0679533962717456,1.2458674625596329,1.1899654875611854,1.5240602800247343
R782,0.5028112750053039,0.7086442856616585,0.6775955517404512,0.8895516354438491,1.0063770770138272
R784,0.17057481984951084,0.2532890087977441,0.3898143184262804,0.4362287369414594,0.5370105406445096
R785,1.043287672691896,0.7963330207881991,0.7261047358708702,0.9248335221141919,0.7312775514948602
R787,1.1459133849485843,0.9413986421055984,0.941144186676309,0.7731620033749453,0.8240995442599246
R788,0.4311363941056379,0.16180910015653954,0.5062015360868238,0.47148273388686895,0.8102953036029484
R789,0.16381474069170412,0.15291669354002876,0.14681759328943272,0.3656987022959061,0.4062432315470682
R79,2.072477885900133,1.8430164860197618,1.9078295357125803,1.5616345050564613,2.141880523532538
R790,0.34918344031824844,0.07247952612503294,0.46730992622042605,0.42523451123559913,0.6699831216533433
R791,1.1993592328330616,1.3880946568166113,1.5301917853042282,1.731928822259161,1.7696517105847067
R792,0.7702933747972656,0.624897682130762,0.8778977566954425,0.6099524161360843,0.7117911531139293
R793,0.4895747273628702,0.37658908880087005,0.576816447984471,0.6280113782979511,0.940617524295294
R794,0.9417575389005739,0.7420305723532792,0.9240131889549366,1.062009738360824,1.1951412412480666
R795,0.7263640486747269,0.8859994038238026,1.0168120436635606,0.8739366060381121,0.9294624361170079
R796,0.035943119174914696,0.08178607785473702,0.0408098012044601,0.004879270459588589,0.268664282495418
R797,0.27620020514099286,0.2848594980542006,0.29082148323672957,0.6159363079315852,0.6465096696609928
R798,0.6014609895600409,0.5631386578563511,0.2759750957425459,0.33873246392313205,0.5283014774515156
R799,0.2766392417599511,0.30193423784636536,0.2878358477179159,0.2642377414908127,0.5629772531534152
R8,1.8961900864148722,1.659509592409848,1.2395337616829138,1.2204892365040143,1.02179628429774
R80,1.4677765415342845,1.4716072678740064,1.4320392623914493,1.5690132172297826,1.5762474259220312
R800,0.2219136680488007,0.15495207225561775,0.31784808514051766,0.5994968045157156,0.6255868188675658
R801,0.4920832134175504,0.6580692305042742,0.6303880427268088,0.6814149620765952,0.8254800616322997
R802,1.2026207665685444,0.9626179333133758,0.8689770553185457,0.8149511134442935,0.7698451536767172
R803,0.5602143529666502,0.6190223011827297,0.5821400418947085,0.7408908935412399,0.9523522712405068
R804,0.02619839132477461,0.37811562588368774,0.4112235839809023,0.4517681887418855,0.5523718412688539
R805,0.6182388504800024,0.29087086401788337,0.6860904880409512,0.7102755862879448,1.2237317039552353
R806,0.6800043872205915,0.6034480295276956,0.5738064858900024,1.0518477096817933,0.9283991952849928
R807,0.4452337783178516,0.40775559082907314,0.7111296225559611,0.7283221314640294,0.7929297240764982
R808,0.24318918244891255,0.21196414968449576,0.316898867960181,0.24368130547189026,0.6704860124780443
R809,0.5995719424164748,0.5624068436569263,0.7453196676498977,0.6961784919322551,0.9976872666111103
R81,1.4496764335552537,1.583305790027766,1.475018348785686,1.411381177901896,1.5835968961921882
R810,0.11730468658066706,0.09182092031926904,0.21494341195739192,0.053669811458190934,0.43991635561774406
R812,0.18663615272730255,0.3225845872959928,0.3976852828232135,0.2883199813675691,0.706316353240496
R813,0.2069503716527318,0.39214270717494115,0.6455259171019541,0.6962559431630749,0.9004219848643179
R814,0.6496825817294801,0.38316412224209184,0.46883252552084953,0.27729632043068037,0.3757868719780447
R815,1.0621666245229116,1.2175960901890825,0.9679112794984628,1.212114218086149,1.3356762279159007
R816,0.6146764733167618,0.45225941181869617,0.8508989927099514,0.699577632261676,1.331678859461361
R817,0.6565851742658657,0.5941161744859316,0.8898580039589297,0.8290442382427387,1.0954611279449378
R818,0.9141927556528554,0.6533019656214943,0.8228635517315933,0.9491836460463412,0.992092508585763
R819,0.27661755580188374,0.25259662720684645,0.2553825820131103,0.5340263547712107,0.7049033605703036
R82,3.9059105327184787,3.927797842219974,3.7584883661003943,3.765535154657068,3.7014031686183357
R820,0.386514527200161,0.6027421774206316,0.6810953363846669,0.492214730988352,0.8733613561171263
R821,0.2875980563665711,0.1690872421549727,0.32686405203316254,0.4046445578270023,0.7339928335988621
R822,1.2243602969175942,0.9072319314809701,1.0599300052310192,1.3763661282027289,1.3567939586133648
R823,0.7666307524233431,0.6450427039210379,0.6168476026850765,1.041997876140597,0.9157110069365041
R824,0.25967712151391087,0.3602069415497139,0.2658045417394754,0.1802564392181943,0.3359329945049887
R825,0.2861487049774614,0.3980951884920331,0.3636273647746962,0.41282041039257894,0.6112098078263628
R826,1.2495372813705785,1.0254366972232605,0.6669598538874636,1.0660013405044415,1.0119309854832772
R827,1.2495372813705785,1.0254366972232605,0.6669598538874636,1.0660013405044415,1.0119309854832772
R828,0.7086806817926202,0.9286246064724806,0.889648646741578,0.7903340452769223,0.8395522260771915
R829,0.9383565091515244,0.7183901266930615,0.6525621703224355,0.6977982660094495,0.9156872001394132
R830,1.4063480065235516,1.105542013861257,0.8165711360646222,1.036525626157713,1.0348133646654123
R831,0.7493125314704825,0.9751579747704738,0.7947421251892456,1.0374390107965878,1.166510218672317
R832,0.4734894695836381,0.6836967808959346,0.40821001761362796,0.6764123982108077,0.6335208011445245
R833,0.7792152942746646,0.9649600972040404,0.6353961179510912,0.7971541974829288,0.895983545921848
R834,0.3414612314017346,0.31225846203577173,0.5104350998773911,0.5417576886451405,0.6927247411712102
R835,0.7258582825652862,0.49593106172708096,0.274365217728574,0.4768381059945514,0.4196939682504017
R836,1.002988557044241,0.5112321632090715,0.8473336832639244,0.5851536610766583,1.3766582449354323
R837,0.1523658454131743,0.322934895051608,0.43401877948054707,0.5767857101796653,0.7203915559748918
R838,0.41531570112178456,0.7035846881066535,0.6042798282155455,0.4891900264582496,0.7245021964347795
R839,1.0110977880624654,1.254872149922731,1.1167195552188518,1.0824929456181112,1.2588936880849326
R840,0.668935468601855,0.244662864752683,0.46012141328690725,0.34001703012512585,0.2797009311189642
R841,0.23715746197319323,0.39708493961097063,0.5379955143763444,0.32114903707568726,0.8779233266568575
R842,1.470125476896226,1.0876925448128179,1.1930675935000532,1.174969079187286,1.2548424272332792
R843,0.9782815326498681,0.9412970640951647,1.036439914429425,0.8962248329695355,1.101528023942284
R845,0.6103991985357958,0.6624959824981027,0.5897829297703502,1.1109466047626548,0.951794352530842
R846,0.9617869971050732,0.7026235683118427,0.8152822818815201,1.0649468367692783,1.0958282239355406
R847,0.6800043872205915,0.6034480295276956,0.5738064858900024,1.0518477096817933,0.9283991952849928
R848,0.5956017998797406,0.7340948428436533,0.6199401598354276,0.6555454512371339,0.8762873272341093
R849,1.464779301612433,0.7000072016804254,0.6481377654254001,1.0808336568069672,0.9621451896744858
R850,0.09926988497596241,0.2074542098519636,0.03511638218698552,0.0,0.2103249405661542
R851,0.22060786659500561,0.1622596166549582,0.19384931488486395,0.4247950926537928,0.7221136407193043
R852,1.206584813842551,1.1254012246463159,1.2748458615735403,0.9894105855479197,0.742265599872748
R853,0.34353835617514183,0.14273762659304678,0.5024855448637349,0.5615417104438966,0.5829251856841592
R854,0.9465917430466498,0.20419809954168378,0.5777196544259662,0.781257053780583,0.7932087427120701
R855,0.8544461892448353,0.4315309605701141,0.6471768073120658,1.0070885911390026,0.511095084120916
R857,1.3768213256580237,1.0554096816544998,0.7493135929611,1.0710926879737308,0.695547534029309
R858,0.3301104765020336,0.591081147847509,0.23354208528977152,0.2352859300188161,0.3015719251488397
R859,0.4405305979760477,0.03197853295860803,0.456503893587445,0.257446231679462,0.5272963372047019
R86,0.48214179339633506,0.17927701672506277,0.38366536801193296,0.13638913961912885,0.4249193333785378
R860,0.10331817641413485,0.4153078664067321,0.201539503724509,0.3357339565420814,0.46348940587579845
R861,1.3213264166619694,0.9224636025552309,0.7179314979576046,1.0850360280947344,0.7370321196385208
R862,0.23218316346589948,0.36144851499940467,0.30111179440496194,0.45228870193148935,0.5294955224043371
R863,0.5883767832642012,0.3796643488107801,0.13832581836769225,0.11249351409108542,0.0
R865,1.0393248218914148,0.7783226097191551,1.2556163625571892,0.9771980344748923,1.403964541788357
R866,1.107305411849346,1.044000846170497,1.4944887063975028,1.0591710192170594,1.3652149581251667
R867,0.4656806832561756,0.3443041400922232,0.45822636476748313,0.2812683427043221,0.6449727327643842
R868,2.037799718379848,1.6947831159437243,1.9158315913418227,2.2331714222602255,1.971049394861277
R869,2.1492556568121843,1.9445071810228547,1.9581852900592611,2.0936788065625587,1.9711780042057752
R870,0.5468185772601118,0.5741899475342634,0.6532476966339354,0.8096226514745468,0.7543680869533863
R871,1.4253813375980997,1.6668149917323734,0.9892592239046831,1.3015745118359923,1.076489229914446
R872,0.2400360873612744,0.5529482172116666,0.34650412030160593,0.5653660672085791,0.3278827574347247
R873,0.8425697331331176,0.6724663429842469,0.9059643458968343,0.7160221347544062,1.1024866948446095
R874,0.14543656749039244,0.320151719340251,0.538075716219601,0.6827156759141813,0.5972481956191168
R876,2.068356042627389,1.210035905962701,1.4145181399452917,1.6036328831135898,1.8315154525195403
R878,0.04521522479537686,0.028866242528967266,0.23620761075550956,0.09078056098219178,0.45753451549641644
R879,0.23355185157845484,0.34860348680626624,0.4764561271635646,0.4738171525775924,0.531001313092687
R880,0.9385538193315166,1.0365746115169905,0.7379308779476448,0.611657469199566,0.7979098869491252
R881,1.7066828159051548,1.3336425517553674,1.2504852140995124,1.9233981997452714,1.8573277924949154
R882,0.4725488911865069,0.6604373421646043,0.5316908937300773,0.6600287060889123,0.6395781380188574
R883,0.7402565079677176,0.529118463036792,0.8576426625407666,1.1776197977803702,1.4313374134684902
R884,1.328468557391907,0.8159943745316919,0.5779185004137296,0.8337278357026708,0.4646394007257714
R886,1.556868435843786,1.2747930680140767,1.3335711561019783,1.1779575939017177,1.357542165336502
R887,0.6393507791050338,0.6406549598789057,0.8008931992154988,0.6494161969701826,0.8636295438487891
R888,0.8345884133321321,1.1885146498291161,0.9403636425550379,0.6325151357116097,0.5717318560678609
R889,0.31780468720493354,0.7700000602353594,0.11479010630768499,0.3656070773481209,0.4144627511094203
R890,1.9502094774358436,1.6909637942921467,1.5651330127389487,1.3530018073391363,1.6501669409232669
R891,1.1668083087619203,0.3973895790889627,0.6970981101008623,0.8991643319499099,0.9864020572165695
R892,1.474794705295596,1.8515121023951822,1.3838392482520578,1.8432499955603334,1.5389934494864337
R894,0.39548000627443014,0.5831852466555449,0.36031331547598316,0.7973457758178274,0.7247712947238214
R895,0.7850000081078006,1.4864744470545286,1.0946609746854454,1.1328362597204746,0.8860023330323051
R896,0.04657443962513038,0.09794640944420292,0.0,0.1552068281514592,0.5504935570631483
R899,0.07179237777359132,0.30584290787662544,0.2065465134429638,0.0,0.16465533069781116
R9,1.4925439677823207,1.0612127173795127,0.973211104710572,0.926566208101145,0.4737638790171474
R90,0.49325796852889126,0.3736336704916626,0.3725979522006783,0.24826168188764966,0.632458789133879
R901,1.4451589521155015,1.3546088678308446,1.5637081381310192,2.039179569256747,2.0949812190912147
R902,0.407808144981438,0.3491867474725794,0.1860799569398116,0.2658782173245426,0.26373903582286257
R903,1.3794126964961322,1.203557160257782,0.8086839637122413,1.0719188903958408,1.001884390639833
R904,1.0034134879760026,0.805821082003503,0.45810015829247525,0.7050834062761904,0.8319415710407166
R905,0.9015250252572858,0.9043507950412571,0.6794198365880497,1.4475455474386736,1.4867184828027125
R907,0.7945183242184021,0.808272245706626,0.4728461849584426,0.6996388821178139,0.6573688134776088
R909,0.08660568809702306,0.4754694229515143,0.5212809893941343,1.0204210679557615,0.8816875328652263
R910,1.2071110902999793,0.7724533843218983,0.7639746162880898,0.9178689947932672,0.6763109951337801
R911,0.886187952296056,1.101480648637746,0.785219514571127,0.8592118519895781,0.9257127221030137
R912,0.5665689381832417,0.6006036701240574,0.6009483609912815,0.35179117892282713,0.3290255455141164
R913,1.04283132987925,0.9243940769810655,0.7170991898707627,1.0392356734736818,0.7202535161436534
R914,0.5537642195412671,0.6650925744000081,1.0215567703081514,1.383276707551335,1.1124923675485867
R916,0.7945183242184021,0.808272245706626,0.4728461849584426,0.6996388821178139,0.6573688134776088
R917,0.764389853789795,0.6505691394289422,0.5314017942233396,0.5850646063994611,0.8182889159153469
R919,1.822137316218983,1.74702790705729,0.9995915427324914,1.4129903501052337,1.1112018267878387
R92,0.02424687958015234,0.0,0.0,0.32091293774391094,0.15968217333499155
R920,1.5972228786341305,1.1872318432095812,0.9078400679591542,1.217811112411014,1.3329108841185577
R921,1.150182791078128,0.26062395583893233,0.6657337182773712,0.5069147698622618,0.9742443567999686
R922,0.12537666157690774,0.14797626728608612,0.2205327438326156,0.17878545165946347,0.5783188443242605
R923,0.37844107297017854,0.23799223741548686,0.32863938272444104,0.25940473160894334,0.3784919742641052
R924,2.023338333456186,1.6412956126484493,1.6205755404137252,1.7447128089224146,1.5888277673719489
R925,1.0487751564558028,0.9331595491728107,0.46953272673207463,0.38241795962709096,0.05251976127951519
R927,0.1556978151466961,0.2439892609261373,0.4077123180687106,0.3668822434900919,0.7079632357842517
R928,0.8890861564052277,0.43812488549666945,0.5611457164816797,0.3873262275552962,0.5514770173930792
R930,0.4523593470994425,0.5936223229968784,0.356439951369797,0.5860005636238695,0.33489740026202114
R931,0.3589601967258523,0.6951470353424856,0.6913548668619091,0.5523113774679671,0.5488205886235749
R932,1.028539629825979,0.6918059018230253,0.6007149282563748,0.6347723548313278,0.45545439991535364
R933,1.6168396966663978,1.4312243570151169,1.7655188869669054,1.8026191090175658,1.6144131538970004
R934,0.38819868016290704,0.32266001056134175,0.26068158457706503,0.23494701307280313,0.34671224630395775
R936,1.9437510252034942,1.7842035528537117,1.2518113686979493,1.789532189343173,1.6036831871236337
R937,1.5409322228950744,1.6024258913208944,1.4503191103680058,1.652180693522601,1.436380322736968
R938,1.4299223011223938,0.9532332876166005,0.7373352853355926,1.1393825549387153,0.9632562471896768
R940,0.0,0.38643961323412707,0.20203981436789806,0.27427352982726805,0.11365050437220478
R941,0.011773522730877143,0.11632593338802738,0.3109152954027835,0.34299065667959533,0.5573484362413199
R942,0.7076034030671913,0.9810864736002125,0.5957646462515716,1.4877092872275641,2.0767886030004927
R944,0.8042877501873904,0.801046834632537,0.6108594455730136,0.6653169504194673,0.8334691606700726
R945,1.0162052066601563,0.8171238279086555,0.7345491376045751,0.6593985262127704,0.67654200681439
R946,1.1753717328955195,1.6323242957376178,1.4301646742369287,1.8250132095319171,2.4274492282890203
R947,1.0378618744852017,1.2705907086303534,0.8141181005646397,0.6750716049886923,0.6873203909284324
R948,1.2642957921805413,1.1406490772426787,1.1525825436431543,0.9808597699349637,0.9120219819471632
R949,1.361473892132672,1.096783415503244,1.8540538608760535,1.6198106039866922,1.5160831210484664
R950,0.08322800222502362,0.1547732387376495,0.1871060732004094,0.15736433188234095,0.3003921325067454
R951,1.1198344303453471,1.0256576457302269,1.2134696130904632,1.1619881033107695,1.2606764662182857
R952,0.8341134358175891,0.698741258964659,0.5225205569237446,0.38323110540945715,0.49310993884328047
R953,1.9984821023592925,1.6628959192855715,1.4318606478581946,1.6630553149709635,1.5683871032358858
R954,0.33496137643642077,0.6624438986401626,0.5807418395954458,0.47644793339469677,0.5639399298460814
R955,1.0867390944942086,0.8683983973810085,0.597285456680123,0.8113538592530126,0.7447305927158188
R956,0.8771191567643639,0.9167669656631922,0.7278858223298226,0.9671868199374225,0.8310945905972009
R957,0.24241098117395107,0.8010669572126017,0.5238011595571005,0.75644284655947,0.5430662808875975
R958,0.04279159680661364,0.25442358172511786,0.2676927363660854,0.26629158205631914,0.4457366137885773
R96,0.3193315139715521,0.22477450984632943,0.24019120692537355,0.4477396657046195,0.2757771471688638
R962,1.4628563264637875,1.7667130876539414,1.6731274678159114,1.0917991439537653,1.919435169635354
R963,0.8193677612871302,1.0250564325582008,0.9899735668519324,1.032256696877217,0.9451448656785084
R966,0.4994699526424432,0.8056748840035846,0.49833264340377653,0.6592948337275054,0.39552912629338605
R970,1.0805716488763555,0.596241334282113,0.615648389642677,0.3905181703650237,0.9067986145404959
R972,1.2044809532226373,1.1413379235000762,1.3100287181728836,1.0341044828947723,1.070357697476132
R973,1.1840492863310814,1.0902228797598252,1.0952709346865144,1.1148886456218416,1.2139420523389086
R974,0.6945198290620699,0.375698693282155,0.5530206047977927,0.4108593547145812,0.5846319471513363
R977,0.8264627294334149,0.9588947591448762,0.9686021769374908,0.9384900171235747,0.7521804435524683
R979,0.8264701974056174,0.3462811508222454,0.7294755826874005,0.8479332842175759,1.1947595461820895
R980,0.9288216490801686,0.8628738911774906,1.0165993781163691,0.9998794814221751,1.3596083521151217
R982,0.9741969995484085,0.8188782565600508,1.1332860872417279,0.6628710181797036,0.8253364563731114
R985,0.7959089133647296,0.5417296403839347,0.6320511887513295,0.7108208201360129,0.4701606867683359
R989,0.4587928499445047,0.3102286022619894,0.5512124752654012,0.39635754457658334,0.5734096222361034
R990,0.9022192962164558,0.6666131408045891,0.8444116465045675,0.8318707303844578,0.7990276422758807
R992,0.6994806251798005,1.0174208544345689,0.8897862778351591,0.7897238875104062,1.09484563742577
R995,1.119809087742678,1.318212959702608,0.9542025376439408,1.0031808706693564,1.0934445542295368
R999,0.8537608837658746,0.7958455114714348,0.9164513368750574,0.46792916121121547,0.8016249441560059
